#pragma once

// ------------------------------------------------------------------
// You must generate your own font bytes using a TTF to C-Array tool.
// ImGui includes a tool for this in its source folder: 
// imgui/misc/fonts/binary_to_compressed_c.cpp
//
// Alternatively, use an online TTF to Hex array converter.
// ------------------------------------------------------------------

const unsigned int custom_font_size = 243104; // Replace with your actual generated size

const unsigned char custom_font_data[] = {
0x00, 0x01, 0x00, 0x00, 0x00, 0x0C, 0x00, 0x80, 0x00, 0x03, 0x00, 0x40, 0x4F, 0x53, 0x2F, 0x32,
0x45, 0x07, 0x92, 0x95, 0x00, 0x00, 0x01, 0x48, 0x00, 0x00, 0x00, 0x60, 0x63, 0x6D, 0x61, 0x70,
0xBC, 0x98, 0xBB, 0xD9, 0x00, 0x00, 0x05, 0x58, 0x00, 0x00, 0x03, 0x56, 0x67, 0x61, 0x73, 0x70,
0xFF, 0xFF, 0x00, 0x03, 0x00, 0x00, 0x9C, 0x9C, 0x00, 0x00, 0x00, 0x08, 0x67, 0x6C, 0x79, 0x66,
0x74, 0x64, 0x32, 0xDD, 0x00, 0x00, 0x0A, 0x8C, 0x00, 0x00, 0x5E, 0x30, 0x68, 0x65, 0x61, 0x64,
0x08, 0x22, 0xDB, 0xAC, 0x00, 0x00, 0x00, 0xCC, 0x00, 0x00, 0x00, 0x36, 0x68, 0x68, 0x65, 0x61,
0x0F, 0x64, 0x07, 0x6A, 0x00, 0x00, 0x01, 0x04, 0x00, 0x00, 0x00, 0x24, 0x68, 0x6D, 0x74, 0x78,
0x28, 0xDF, 0x58, 0xA1, 0x00, 0x00, 0x01, 0xA8, 0x00, 0x00, 0x03, 0xB0, 0x6B, 0x65, 0x72, 0x6E,
0xFF, 0x20, 0x00, 0x34, 0x00, 0x00, 0x68, 0xBC, 0x00, 0x00, 0x00, 0x24, 0x6C, 0x6F, 0x63, 0x61,
0x87, 0x4C, 0x72, 0x00, 0x00, 0x00, 0x08, 0xB0, 0x00, 0x00, 0x01, 0xDA, 0x6D, 0x61, 0x78, 0x70,
0x00, 0xF9, 0x00, 0xDB, 0x00, 0x00, 0x01, 0x28, 0x00, 0x00, 0x00, 0x20, 0x6E, 0x61, 0x6D, 0x65,
0xEB, 0xD0, 0xBC, 0x0B, 0x00, 0x00, 0x68, 0xE0, 0x00, 0x00, 0x31, 0x72, 0x70, 0x6F, 0x73, 0x74,
0xBF, 0xA5, 0x4A, 0xA0, 0x00, 0x00, 0x9A, 0x54, 0x00, 0x00, 0x02, 0x45, 0x00, 0x01, 0x00, 0x00,
0x00, 0x01, 0x00, 0x00, 0x00, 0x42, 0x96, 0xDA, 0x5F, 0x0F, 0x3C, 0xF5, 0x00, 0x0B, 0x08, 0x00,
0x00, 0x00, 0x00, 0x00, 0xD0, 0x6D, 0x77, 0x37, 0x00, 0x00, 0x00, 0x00, 0xD0, 0xC8, 0x1A, 0x76,
0xFE, 0xB8, 0xFE, 0x35, 0x09, 0x17, 0x06, 0xCF, 0x00, 0x00, 0x00, 0x06, 0x00, 0x01, 0x00, 0x00,
0x00, 0x00, 0x00, 0x00, 0x00, 0x01, 0x00, 0x00, 0x06, 0xB4, 0xFE, 0x5E, 0x00, 0xDE, 0x09, 0x85,
0xFE, 0xB8, 0xFE, 0x9A, 0x09, 0x17, 0x00, 0x01, 0x00, 0x00, 0x00, 0x00, 0x00, 0x00, 0x00, 0x00,
0x00, 0x00, 0x00, 0x00, 0x00, 0x00, 0x00, 0xEC, 0x00, 0x01, 0x00, 0x00, 0x00, 0xEC, 0x00, 0x72,
0x00, 0x05, 0x00, 0x67, 0x00, 0x04, 0x00, 0x00, 0x00, 0x00, 0x00, 0x00, 0x00, 0x00, 0x00, 0x00,
0x00, 0x00, 0x00, 0x00, 0x00, 0x03, 0x00, 0x02, 0x00, 0x03, 0x04, 0x30, 0x01, 0x90, 0x00, 0x05,
0x00, 0x08, 0x05, 0x9A, 0x05, 0x33, 0x00, 0x00, 0x01, 0x1B, 0x05, 0x9A, 0x05, 0x33, 0x00, 0x00,
0x03, 0xD1, 0x00, 0x66, 0x02, 0x12, 0x00, 0x00, 0x02, 0x00, 0x05, 0x00, 0x00, 0x00, 0x00, 0x00,
0x00, 0x00, 0x80, 0x00, 0x00, 0xA7, 0x50, 0x00, 0x00, 0x4A, 0x00, 0x00, 0x00, 0x00, 0x00, 0x00,
0x00, 0x00, 0x48, 0x4C, 0x20, 0x20, 0x00, 0x5E, 0x00, 0x20, 0xFB, 0x02, 0x05, 0x9A, 0xFE, 0x66,
0x00, 0xCD, 0x06, 0xB4, 0x01, 0xA2, 0x20, 0x00, 0x01, 0x11, 0x41, 0x00, 0x00, 0x00, 0x04, 0x00,
0x05, 0x9A, 0x00, 0x00, 0x00, 0x20, 0x00, 0x00, 0x05, 0x53, 0x00, 0x3B, 0x00, 0x00, 0x00, 0x00,
0x01, 0xFC, 0x00, 0x00, 0x01, 0xFC, 0x00, 0x00, 0x02, 0xBE, 0x00, 0xA1, 0x02, 0xC9, 0x00, 0x2F,
0x04, 0x77, 0x00, 0x41, 0x04, 0x21, 0x00, 0x1A, 0x07, 0x98, 0x00, 0x41, 0x05, 0x3E, 0x00, 0x1C,
0x01, 0xD2, 0x00, 0x66, 0x03, 0x39, 0x00, 0xB0, 0x02, 0xE7, 0x00, 0xA1, 0x04, 0x2B, 0x00, 0x52,
0x06, 0xAA, 0x01, 0x23, 0x02, 0x7F, 0x00, 0x75, 0x03, 0xA6, 0x00, 0x7C, 0x02, 0x7F, 0x00, 0x9E,
0x02, 0x71, 0xFF, 0xE3, 0x05, 0x72, 0x00, 0x5E, 0x04, 0x50, 0x00, 0xA2, 0x05, 0x0C, 0x00, 0xB5,
0x04, 0xFA, 0x01, 0x05, 0x05, 0x63, 0x00, 0x5B, 0x04, 0xB2, 0x00, 0x81, 0x05, 0xBB, 0x00, 0x65,
0x04, 0xF0, 0x00, 0x66, 0x04, 0xDD, 0x00, 0x2F, 0x05, 0xBB, 0x00, 0x6C, 0x02, 0xBE, 0x00, 0xB0,
0x02, 0xC2, 0x00, 0xA8, 0x06, 0xAA, 0x01, 0x2E, 0x06, 0xAA, 0x00, 0xFE, 0x06, 0xAA, 0x01, 0x2E,
0x04, 0xD7, 0x00, 0x99, 0x06, 0x39, 0x00, 0x7F, 0x05, 0x1E, 0x00, 0x1B, 0x04, 0xC0, 0x00, 0x46,
0x04, 0xD0, 0x00, 0x48, 0x05, 0x8F, 0x00, 0x57, 0x04, 0x0C, 0x00, 0x39, 0x04, 0x07, 0x00, 0x53,
0x05, 0x6B, 0x00, 0x3E, 0x04, 0xE5, 0x00, 0x46, 0x01, 0xCB, 0x00, 0x45, 0x02, 0xE6, 0x00, 0x2F,
0x04, 0x97, 0x00, 0x5C, 0x03, 0xED, 0x00, 0x3A, 0x06, 0x92, 0x00, 0x5C, 0x05, 0xA9, 0x00, 0x60,
0x06, 0x30, 0x00, 0x36, 0x04, 0x90, 0x00, 0x65, 0x06, 0x15, 0x00, 0x36, 0x04, 0x90, 0x00, 0x41,
0x04, 0x1C, 0x00, 0x34, 0x04, 0x88, 0x00, 0x1E, 0x05, 0x2D, 0x00, 0x3A, 0x05, 0x19, 0x00, 0x23,
0x08, 0x28, 0x00, 0x0C, 0x04, 0x63, 0x00, 0x1D, 0x04, 0x37, 0xFF, 0xF1, 0x04, 0xC0, 0x00, 0x26,
0x02, 0xE7, 0x00, 0xC2, 0x02, 0x71, 0xFF, 0xE3, 0x02, 0xE7, 0x00, 0x83, 0x08, 0x00, 0x01, 0xC8,
0x04, 0x00, 0xFF, 0xFB, 0x04, 0x00, 0x00, 0xE7, 0x04, 0x73, 0x00, 0x2B, 0x04, 0x88, 0x00, 0x40,
0x03, 0x8A, 0x00, 0x35, 0x04, 0x8D, 0x00, 0x40, 0x04, 0xC0, 0x00, 0x30, 0x02, 0xD7, 0x00, 0x22,
0x04, 0x6A, 0x00, 0x24, 0x04, 0x85, 0x00, 0x3C, 0x01, 0xC1, 0x00, 0x37, 0x02, 0x39, 0xFF, 0x6B,
0x04, 0x19, 0x00, 0x58, 0x01, 0xF1, 0x00, 0x56, 0x06, 0xE2, 0x00, 0x53, 0x04, 0x99, 0x00, 0x51,
0x04, 0x95, 0x00, 0x22, 0x04, 0x6D, 0x00, 0x37, 0x04, 0x5E, 0x00, 0x23, 0x02, 0xD9, 0x00, 0x2F,
0x03, 0x39, 0x00, 0x22, 0x02, 0xD2, 0x00, 0x28, 0x04, 0x8D, 0x00, 0x47, 0x03, 0xC9, 0xFF, 0xEE,
0x05, 0xE6, 0xFF, 0xF1, 0x03, 0xA5, 0xFF, 0xFF, 0x03, 0xD9, 0xFF, 0xF4, 0x03, 0x77, 0x00, 0x16,
0x04, 0x00, 0x00, 0xD3, 0x04, 0x00, 0x01, 0x7B, 0x04, 0x00, 0x00, 0x7A, 0x06, 0xAA, 0x01, 0xC1,
0x02, 0xBE, 0x00, 0x83, 0x05, 0x72, 0x00, 0x67, 0x04, 0x55, 0x00, 0x4B, 0x03, 0xF6, 0x00, 0x7A,
0x04, 0x4F, 0x00, 0x23, 0x03, 0xF6, 0x01, 0xAB, 0x04, 0x2D, 0x00, 0x4A, 0x04, 0x00, 0x01, 0x13,
0x06, 0x8A, 0x00, 0x92, 0x03, 0x33, 0x00, 0x26, 0x03, 0xB0, 0x00, 0xAE, 0x03, 0xF6, 0x00, 0x4A,
0x06, 0x8A, 0x00, 0x92, 0x03, 0xA6, 0x00, 0x62, 0x02, 0xA2, 0x00, 0x3C, 0x06, 0xAA, 0x01, 0x12,
0x05, 0x0C, 0x01, 0x45, 0x04, 0xFA, 0x01, 0x3A, 0x04, 0x00, 0x01, 0x40, 0x04, 0x80, 0x00, 0x72,
0x04, 0x00, 0x00, 0x5D, 0x01, 0xFC, 0x00, 0x6B, 0x04, 0x00, 0x01, 0x5F, 0x04, 0x50, 0x01, 0x69,
0x03, 0x72, 0x00, 0x40, 0x03, 0xB0, 0x00, 0x65, 0x07, 0x45, 0x00, 0x43, 0x06, 0xE8, 0x00, 0x39,
0x06, 0x48, 0x00, 0x1B, 0x04, 0xD7, 0x00, 0xBC, 0x05, 0x84, 0x00, 0x09, 0x05, 0x84, 0x00, 0x09,
0x05, 0x84, 0x00, 0x09, 0x05, 0x84, 0x00, 0x09, 0x05, 0x84, 0x00, 0x09, 0x05, 0x84, 0x00, 0x09,
0x07, 0x5E, 0x00, 0x1B, 0x04, 0x9A, 0x00, 0x61, 0x04, 0x9F, 0x00, 0x7C, 0x04, 0x9F, 0x00, 0x7C,
0x04, 0x9F, 0x00, 0x7C, 0x04, 0x9F, 0x00, 0x7C, 0x02, 0x91, 0x00, 0x7B, 0x02, 0x91, 0x00, 0x9C,
0x02, 0xB4, 0x00, 0x47, 0x02, 0x91, 0x00, 0x6F, 0x05, 0xEE, 0x00, 0x0C, 0x06, 0x12, 0x00, 0x5D,
0x06, 0xEA, 0x00, 0x5F, 0x06, 0xEA, 0x00, 0x5F, 0x06, 0xEA, 0x00, 0x5F, 0x06, 0xEA, 0x00, 0x5F,
0x06, 0xEA, 0x00, 0x5F, 0x03, 0xF6, 0x00, 0xA1, 0x06, 0xEA, 0x00, 0x5F, 0x05, 0xCC, 0x00, 0x88,
0x05, 0xCC, 0x00, 0x88, 0x05, 0xCC, 0x00, 0x88, 0x05, 0xCC, 0x00, 0x88, 0x05, 0x42, 0x00, 0x0B,
0x05, 0x06, 0x00, 0x86, 0x04, 0xD5, 0x00, 0x51, 0x04, 0x99, 0x00, 0x26, 0x04, 0x99, 0x00, 0x26,
0x04, 0x99, 0x00, 0x26, 0x04, 0x99, 0x00, 0x26, 0x04, 0x99, 0x00, 0x26, 0x04, 0x99, 0x00, 0x26,
0x07, 0xA9, 0x00, 0x26, 0x03, 0xCD, 0x00, 0x57, 0x05, 0x26, 0x00, 0x43, 0x05, 0x26, 0x00, 0x43,
0x05, 0x26, 0x00, 0x43, 0x05, 0x26, 0x00, 0x43, 0x02, 0x02, 0xFF, 0xE1, 0x02, 0x02, 0x00, 0x22,
0x02, 0x2D, 0x00, 0x01, 0x02, 0x02, 0x00, 0x1A, 0x05, 0x50, 0xFF, 0xDC, 0x05, 0x3D, 0x00, 0x94,
0x04, 0xFA, 0x00, 0x40, 0x04, 0xFA, 0x00, 0x40, 0x04, 0xFA, 0x00, 0x40, 0x04, 0xFA, 0x00, 0x40,
0x04, 0xFA, 0x00, 0x40, 0x03, 0xF6, 0x00, 0x57, 0x04, 0x95, 0x00, 0x22, 0x05, 0x56, 0x00, 0x94,
0x05, 0x56, 0x00, 0x94, 0x05, 0x56, 0x00, 0x94, 0x05, 0x56, 0x00, 0x94, 0x04, 0x85, 0xFF, 0xF6,
0x05, 0x06, 0x00, 0x86, 0x04, 0x85, 0xFF, 0xF6, 0x01, 0xBB, 0x00, 0x3B, 0x03, 0x2F, 0x00, 0x72,
0x04, 0x00, 0x00, 0xF6, 0x04, 0x00, 0x00, 0xAA, 0x04, 0x00, 0x01, 0x21, 0x04, 0x00, 0x01, 0x8E,
0x04, 0x00, 0x01, 0x4F, 0x04, 0x00, 0x01, 0x71, 0x04, 0x00, 0x00, 0xCB, 0x04, 0x00, 0x00, 0x60,
0x04, 0x54, 0x00, 0x10, 0x08, 0x00, 0x00, 0x10, 0x02, 0x2D, 0x00, 0x3E, 0x02, 0x2D, 0x00, 0x3E,
0x02, 0x2D, 0x00, 0x30, 0x03, 0xE0, 0x00, 0x3E, 0x03, 0xC9, 0x00, 0x3E, 0x03, 0xF2, 0x00, 0x03,
0x03, 0xF6, 0x00, 0x17, 0x03, 0xF6, 0x00, 0x17, 0x04, 0x00, 0x00, 0xD8, 0x08, 0x00, 0x00, 0x7E,
0x02, 0x77, 0x00, 0xAE, 0x02, 0x77, 0x00, 0x65, 0x01, 0x56, 0xFE, 0xB8, 0x04, 0xB7, 0x00, 0x35,
0x04, 0xB7, 0x00, 0x35, 0x04, 0xB7, 0x00, 0x35, 0x04, 0xB7, 0x00, 0x35, 0x09, 0x85, 0x00, 0x5D,
0x05, 0x57, 0x00, 0x2D, 0x05, 0x2D, 0x00, 0x1F, 0x04, 0x39, 0x00, 0x06, 0x05, 0xEB, 0x00, 0x30,
0x04, 0xB6, 0x00, 0x78, 0x03, 0xF6, 0x00, 0x24, 0x03, 0xF6, 0x00, 0x11, 0x03, 0xF6, 0x00, 0x42,
0x02, 0x99, 0xFF, 0xB8, 0x06, 0xAA, 0x01, 0xC1, 0x05, 0xAE, 0x00, 0xA9, 0x05, 0x2D, 0x00, 0xA9,
0x04, 0x31, 0x00, 0x00, 0x04, 0x39, 0x00, 0x00, 0x00, 0x00, 0x00, 0x03, 0x00, 0x00, 0x00, 0x03,
0x00, 0x00, 0x00, 0x1C, 0x00, 0x01, 0x00, 0x00, 0x00, 0x00, 0x01, 0x4C, 0x00, 0x03, 0x00, 0x01,
0x00, 0x00, 0x00, 0x1C, 0x00, 0x04, 0x01, 0x30, 0x00, 0x00, 0x00, 0x46, 0x00, 0x40, 0x00, 0x05,
0x00, 0x06, 0x00, 0x7E, 0x00, 0xA0, 0x00, 0xAC, 0x00, 0xAD, 0x00, 0xFF, 0x01, 0x31, 0x02, 0xC7,
0x02, 0xC9, 0x02, 0xDD, 0x03, 0x7E, 0x20, 0x14, 0x20, 0x1A, 0x20, 0x1E, 0x20, 0x22, 0x20, 0x26,
0x20, 0x3A, 0x20, 0x44, 0x20, 0xA4, 0x20, 0xA7, 0x20, 0xAC, 0x21, 0x16, 0x21, 0x22, 0x22, 0x02,
0x22, 0x06, 0x22, 0x0F, 0x22, 0x12, 0x22, 0x15, 0x22, 0x1A, 0x22, 0x1E, 0x22, 0x2B, 0x22, 0x48,
0x22, 0x65, 0xF0, 0x02, 0xFB, 0x02, 0xFF, 0xFF, 0x00, 0x00, 0x00, 0x20, 0x00, 0xA0, 0x00, 0xA1,
0x00, 0xAD, 0x00, 0xAE, 0x01, 0x31, 0x02, 0xC6, 0x02, 0xC9, 0x02, 0xD8, 0x03, 0x7E, 0x20, 0x13,
0x20, 0x18, 0x20, 0x1C, 0x20, 0x20, 0x20, 0x26, 0x20, 0x39, 0x20, 0x44, 0x20, 0xA3, 0x20, 0xA7,
0x20, 0xAC, 0x21, 0x16, 0x21, 0x22, 0x22, 0x02, 0x22, 0x06, 0x22, 0x0F, 0x22, 0x11, 0x22, 0x15,
0x22, 0x19, 0x22, 0x1E, 0x22, 0x2B, 0x22, 0x48, 0x22, 0x64, 0xF0, 0x01, 0xFB, 0x01, 0xFF, 0xFF,
0xFF, 0xE3, 0x00, 0x00, 0xFF, 0xC1, 0x00, 0x00, 0xFF, 0xC0, 0xFF, 0x8F, 0xFD, 0xFB, 0xFD, 0xFA,
0xFD, 0xEC, 0xFC, 0xA0, 0xE0, 0xB7, 0xE0, 0xB4, 0xE0, 0xB3, 0xE0, 0xB2, 0xE0, 0xAF, 0xE0, 0x9D,
0xE0, 0x94, 0xE0, 0x36, 0xE0, 0x34, 0xE0, 0x30, 0xDF, 0xC7, 0xDF, 0xBC, 0xDE, 0xDD, 0xDE, 0xDA,
0xDE, 0xD2, 0xDE, 0xD1, 0xDE, 0xC3, 0x00, 0x00, 0xDE, 0xC7, 0xDE, 0xBB, 0xDE, 0x9F, 0xDE, 0x84,
0x10, 0xE9, 0x05, 0xE9, 0x00, 0x01, 0x00, 0x00, 0x00, 0x44, 0x00, 0x00, 0x00, 0x42, 0x00, 0x00,
0x00, 0x00, 0x00, 0x00, 0x00, 0x00, 0x00, 0x00, 0x00, 0x00, 0x00, 0x00, 0x00, 0x00, 0x00, 0x00,
0x00, 0x00, 0x00, 0x00, 0x00, 0x00, 0x00, 0x00, 0x00, 0x00, 0x00, 0x00, 0x00, 0x00, 0x00, 0x00,
0x00, 0x00, 0x00, 0x00, 0x00, 0x00, 0x00, 0x00, 0x00, 0x00, 0x00, 0x00, 0x00, 0x14, 0x00, 0x00,
0x00, 0x00, 0x00, 0x00, 0x00, 0x00, 0x00, 0x00, 0x00, 0x00, 0x00, 0x00, 0x00, 0x03, 0x00, 0x10,
0x00, 0x77, 0x00, 0xE4, 0x00, 0x06, 0x02, 0x0A, 0x00, 0x00, 0x00, 0x00, 0x01, 0x00, 0x00, 0x01,
0x00, 0x00, 0x00, 0x00, 0x00, 0x00, 0x00, 0x00, 0x00, 0x00, 0x00, 0x00, 0x00, 0x00, 0x00, 0x01,
0x00, 0x02, 0x00, 0x00, 0x00, 0x00, 0x00, 0x00, 0x00, 0x02, 0x00, 0x00, 0x00, 0x00, 0x00, 0x00,
0x00, 0x00, 0x00, 0x00, 0x00, 0x00, 0x00, 0x00, 0x00, 0x00, 0x00, 0x00, 0x00, 0x00, 0x00, 0x00,
0x00, 0x00, 0x00, 0x00, 0x00, 0x00, 0x00, 0x00, 0x00, 0x01, 0x00, 0x00, 0x00, 0x00, 0x00, 0x03,
0x00, 0x04, 0x00, 0x05, 0x00, 0x06, 0x00, 0x07, 0x00, 0x08, 0x00, 0x09, 0x00, 0x0A, 0x00, 0x0B,
0x00, 0x0C, 0x00, 0x0D, 0x00, 0x0E, 0x00, 0x0F, 0x00, 0x10, 0x00, 0x11, 0x00, 0x12, 0x00, 0x13,
0x00, 0x14, 0x00, 0x15, 0x00, 0x16, 0x00, 0x17, 0x00, 0x18, 0x00, 0x19, 0x00, 0x1A, 0x00, 0x1B,
0x00, 0x1C, 0x00, 0x1D, 0x00, 0x1E, 0x00, 0x1F, 0x00, 0x20, 0x00, 0x21, 0x00, 0x22, 0x00, 0x23,
0x00, 0x24, 0x00, 0x25, 0x00, 0x26, 0x00, 0x27, 0x00, 0x28, 0x00, 0x29, 0x00, 0x2A, 0x00, 0x2B,
0x00, 0x2C, 0x00, 0x2D, 0x00, 0x2E, 0x00, 0x2F, 0x00, 0x30, 0x00, 0x31, 0x00, 0x32, 0x00, 0x33,
0x00, 0x34, 0x00, 0x35, 0x00, 0x36, 0x00, 0x37, 0x00, 0x38, 0x00, 0x39, 0x00, 0x3A, 0x00, 0x3B,
0x00, 0x3C, 0x00, 0x3D, 0x00, 0x3E, 0x00, 0x3F, 0x00, 0x40, 0x00, 0x41, 0x00, 0x42, 0x00, 0x43,
0x00, 0x44, 0x00, 0x45, 0x00, 0x46, 0x00, 0x47, 0x00, 0x48, 0x00, 0x49, 0x00, 0x4A, 0x00, 0x4B,
0x00, 0x4C, 0x00, 0x4D, 0x00, 0x4E, 0x00, 0x4F, 0x00, 0x50, 0x00, 0x51, 0x00, 0x52, 0x00, 0x53,
0x00, 0x54, 0x00, 0x55, 0x00, 0x56, 0x00, 0x57, 0x00, 0x58, 0x00, 0x59, 0x00, 0x5A, 0x00, 0x5B,
0x00, 0x5C, 0x00, 0x5D, 0x00, 0x5E, 0x00, 0x5F, 0x00, 0x60, 0x00, 0x61, 0x00, 0x00, 0x00, 0x84,
0x00, 0x85, 0x00, 0x87, 0x00, 0x89, 0x00, 0x91, 0x00, 0x96, 0x00, 0x9C, 0x00, 0xA1, 0x00, 0xA0,
0x00, 0xA2, 0x00, 0xA4, 0x00, 0xA3, 0x00, 0xA5, 0x00, 0xA7, 0x00, 0xA9, 0x00, 0xA8, 0x00, 0xAA,
0x00, 0xAB, 0x00, 0xAD, 0x00, 0xAC, 0x00, 0xAE, 0x00, 0xAF, 0x00, 0xB1, 0x00, 0xB3, 0x00, 0xB2,
0x00, 0xB4, 0x00, 0xB6, 0x00, 0xB5, 0x00, 0xBA, 0x00, 0xB9, 0x00, 0xBB, 0x00, 0xBC, 0x00, 0xD2,
0x00, 0x70, 0x00, 0x63, 0x00, 0x64, 0x00, 0x68, 0x00, 0xD4, 0x00, 0x76, 0x00, 0x9F, 0x00, 0x6E,
0x00, 0x6A, 0x00, 0xDE, 0x00, 0x74, 0x00, 0x69, 0x00, 0x00, 0x00, 0x86, 0x00, 0x98, 0x00, 0xE5,
0x00, 0x71, 0x00, 0xE8, 0x00, 0xE9, 0x00, 0x66, 0x00, 0x75, 0x00, 0xDF, 0x00, 0xE2, 0x00, 0xE1,
0x00, 0x00, 0x00, 0xE6, 0x00, 0x6B, 0x00, 0x7A, 0x00, 0x00, 0x00, 0xA6, 0x00, 0xB8, 0x00, 0x7F,
0x00, 0x62, 0x00, 0x6D, 0x00, 0xE4, 0x00, 0x00, 0x00, 0xE7, 0x00, 0xE0, 0x00, 0x6C, 0x00, 0x7B,
0x00, 0xD5, 0x00, 0x03, 0x00, 0x80, 0x00, 0x83, 0x00, 0x95, 0x00, 0x00, 0x00, 0x00, 0x00, 0xCA,
0x00, 0xCB, 0x00, 0xCF, 0x00, 0xD0, 0x00, 0xCC, 0x00, 0xCD, 0x00, 0xB7, 0x00, 0x00, 0x00, 0xBF,
0x00, 0x00, 0x00, 0xD8, 0x00, 0x65, 0x00, 0xD6, 0x00, 0xD7, 0x00, 0xEA, 0x00, 0xEB, 0x00, 0xD3,
0x00, 0x77, 0x00, 0xCE, 0x00, 0xD1, 0x00, 0x00, 0x00, 0x82, 0x00, 0x8A, 0x00, 0x81, 0x00, 0x8B,
0x00, 0x88, 0x00, 0x8D, 0x00, 0x8E, 0x00, 0x8F, 0x00, 0x8C, 0x00, 0x93, 0x00, 0x94, 0x00, 0x00,
0x00, 0x92, 0x00, 0x9A, 0x00, 0x9B, 0x00, 0x99, 0x00, 0xC0, 0x00, 0xC1, 0x00, 0xC8, 0x00, 0x6F,
0x00, 0xC4, 0x00, 0xC5, 0x00, 0xC6, 0x00, 0x78, 0x00, 0xC9, 0x00, 0xC7, 0x00, 0xC2, 0x00, 0x00,
0x00, 0x00, 0x00, 0x88, 0x00, 0x88, 0x00, 0x88, 0x00, 0x88, 0x00, 0xC2, 0x01, 0x04, 0x01, 0x8A,
0x02, 0x04, 0x02, 0x70, 0x02, 0xEC, 0x03, 0x10, 0x03, 0x3A, 0x03, 0x64, 0x03, 0xF2, 0x04, 0x32,
0x04, 0x5E, 0x04, 0x80, 0x04, 0x9C, 0x04, 0xBA, 0x05, 0x04, 0x05, 0x3A, 0x05, 0x8E, 0x05, 0xF8,
0x06, 0x3A, 0x06, 0x84, 0x06, 0xF4, 0x07, 0x20, 0x07, 0x8A, 0x07, 0xFA, 0x08, 0x2E, 0x08, 0x70,
0x08, 0x9C, 0x08, 0xD4, 0x09, 0x00, 0x09, 0x54, 0x09, 0xF8, 0x0A, 0x3A, 0x0A, 0x9C, 0x0A, 0xEC,
0x0B, 0x2C, 0x0B, 0x6E, 0x0B, 0xA8, 0x0C, 0x00, 0x0C, 0x40, 0x0C, 0x62, 0x0C, 0x98, 0x0C, 0xE6,
0x0D, 0x10, 0x0D, 0x60, 0x0D, 0x9A, 0x0D, 0xE2, 0x0E, 0x1E, 0x0E, 0x74, 0x0E, 0xC2, 0x0F, 0x18,
0x0F, 0x4A, 0x0F, 0x84, 0x0F, 0xC0, 0x10, 0x22, 0x10, 0x62, 0x10, 0x96, 0x10, 0xD0, 0x11, 0x0A,
0x11, 0x28, 0x11, 0x62, 0x11, 0x88, 0x11, 0xAA, 0x11, 0xC8, 0x12, 0x16, 0x12, 0x64, 0x12, 0xA6,
0x12, 0xF2, 0x13, 0x42, 0x13, 0x88, 0x13, 0xE4, 0x14, 0x2E, 0x14, 0x66, 0x14, 0xAA, 0x14, 0xEE,
0x15, 0x10, 0x15, 0x7C, 0x15, 0xC4, 0x16, 0x00, 0x16, 0x4C, 0x16, 0x9A, 0x16, 0xD6, 0x17, 0x22,
0x17, 0x68, 0x17, 0xB0, 0x17, 0xEA, 0x18, 0x42, 0x18, 0x7E, 0x18, 0xC4, 0x18, 0xFA, 0x19, 0x4C,
0x19, 0x6E, 0x19, 0xC0, 0x19, 0xFA, 0x1A, 0x04, 0x1A, 0x3C, 0x1A, 0xAC, 0x1B, 0x20, 0x1B, 0x8C,
0x1B, 0xA0, 0x1C, 0x18, 0x1C, 0x3E, 0x1C, 0xBC, 0x1C, 0xCE, 0x1C, 0xF0, 0x1D, 0x1A, 0x1D, 0x7C,
0x1D, 0x86, 0x1D, 0xAC, 0x1D, 0xBA, 0x1E, 0x00, 0x1E, 0x5E, 0x1E, 0x7C, 0x1E, 0xD2, 0x1E, 0xEE,
0x1F, 0x06, 0x1F, 0x44, 0x1F, 0x5C, 0x1F, 0x6E, 0x1F, 0x90, 0x1F, 0xDA, 0x20, 0x4A, 0x20, 0xD8,
0x20, 0xE2, 0x20, 0xEE, 0x20, 0xFA, 0x21, 0x06, 0x21, 0x12, 0x21, 0x1E, 0x21, 0x2A, 0x21, 0x9E,
0x21, 0xAA, 0x21, 0xB6, 0x21, 0xC2, 0x21, 0xCE, 0x21, 0xDA, 0x21, 0xE6, 0x21, 0xF2, 0x22, 0x30,
0x22, 0x3C, 0x22, 0x98, 0x22, 0xA4, 0x22, 0xB0, 0x22, 0xBC, 0x22, 0xC8, 0x22, 0xD4, 0x22, 0xE0,
0x22, 0xFA, 0x23, 0x5C, 0x23, 0x68, 0x23, 0x74, 0x23, 0x80, 0x23, 0x8C, 0x23, 0x98, 0x24, 0x00,
0x24, 0x76, 0x24, 0x82, 0x24, 0x8E, 0x24, 0x9A, 0x24, 0xA6, 0x24, 0xB2, 0x24, 0xBE, 0x24, 0xCA,
0x24, 0xD6, 0x24, 0xE2, 0x24, 0xEE, 0x24, 0xFA, 0x25, 0x06, 0x25, 0x12, 0x25, 0x1E, 0x25, 0x5E,
0x25, 0x6A, 0x25, 0xDE, 0x25, 0xEA, 0x25, 0xF6, 0x26, 0x02, 0x26, 0x0E, 0x26, 0x1A, 0x26, 0x26,
0x26, 0x32, 0x26, 0x86, 0x26, 0x92, 0x26, 0x9E, 0x26, 0xAA, 0x26, 0xB6, 0x26, 0xC2, 0x27, 0x2A,
0x27, 0x36, 0x27, 0x58, 0x27, 0x7C, 0x27, 0xA0, 0x27, 0xC2, 0x27, 0xFA, 0x28, 0x12, 0x28, 0x38,
0x28, 0x60, 0x28, 0x9A, 0x28, 0xAE, 0x28, 0xD0, 0x28, 0xF2, 0x29, 0x0E, 0x29, 0x2A, 0x29, 0x46,
0x29, 0x78, 0x29, 0xAA, 0x29, 0xDA, 0x2A, 0x1A, 0x2A, 0x7A, 0x2A, 0x90, 0x2A, 0xA0, 0x2A, 0xB4,
0x2A, 0xC8, 0x2A, 0xE6, 0x2B, 0x72, 0x2B, 0xFE, 0x2C, 0x8A, 0x2D, 0x16, 0x2D, 0x22, 0x2D, 0x34,
0x2D, 0xA4, 0x2D, 0xBA, 0x2D, 0xEA, 0x2E, 0x12, 0x2E, 0x34, 0x2E, 0x48, 0x2E, 0xBE, 0x2E, 0xF0,
0x2E, 0xFC, 0x2F, 0x0A, 0x2F, 0x18, 0x2F, 0x18, 0x2F, 0x18, 0x00, 0x00, 0x00, 0x02, 0x00, 0x3B,
0x00, 0x18, 0x05, 0x34, 0x05, 0x38, 0x00, 0x03, 0x00, 0x5F, 0x00, 0x00, 0x01, 0x37, 0x23, 0x0F,
0x01, 0x23, 0x22, 0x27, 0x26, 0x3D, 0x01, 0x34, 0x37, 0x36, 0x3B, 0x01, 0x37, 0x23, 0x22, 0x27,
0x26, 0x3D, 0x01, 0x34, 0x37, 0x36, 0x3B, 0x01, 0x13, 0x36, 0x37, 0x36, 0x3B, 0x01, 0x32, 0x17,
0x16, 0x0F, 0x01, 0x33, 0x13, 0x36, 0x37, 0x36, 0x3B, 0x01, 0x32, 0x17, 0x16, 0x0F, 0x01, 0x21,
0x32, 0x17, 0x16, 0x1D, 0x01, 0x14, 0x07, 0x06, 0x23, 0x21, 0x07, 0x21, 0x32, 0x17, 0x16, 0x1D,
0x01, 0x14, 0x07, 0x06, 0x23, 0x21, 0x03, 0x06, 0x07, 0x06, 0x2B, 0x01, 0x22, 0x27, 0x26, 0x3F,
0x01, 0x23, 0x03, 0x06, 0x07, 0x06, 0x2B, 0x01, 0x22, 0x27, 0x26, 0x37, 0x02, 0x95, 0x20, 0xC5,
0x22, 0xE1, 0x56, 0x26, 0x1B, 0x1B, 0x1B, 0x1B, 0x26, 0x76, 0x23, 0x5A, 0x26, 0x1B, 0x1B, 0x1B,
0x1B, 0x26, 0x78, 0x2C, 0x05, 0x1A, 0x1B, 0x22, 0x02, 0x2B, 0x1C, 0x1C, 0x07, 0x25, 0xC7, 0x2A,
0x05, 0x1A, 0x1B, 0x22, 0x04, 0x2B, 0x1C, 0x1C, 0x07, 0x25, 0x01, 0x41, 0x26, 0x1B, 0x1B, 0x1B,
0x1B, 0x26, 0xFE, 0x9E, 0x20, 0x01, 0x45, 0x26, 0x1B, 0x1B, 0x1B, 0x1B, 0x26, 0xFE, 0x98, 0x2A,
0x05, 0x1B, 0x1B, 0x23, 0x02, 0x2C, 0x1C, 0x1D, 0x07, 0x27, 0xC5, 0x2A, 0x05, 0x1B, 0x1A, 0x24,
0x02, 0x2B, 0x1D, 0x1C, 0x06, 0x02, 0x3B, 0xE4, 0xE4, 0xBA, 0x1B, 0x1B, 0x26, 0x02, 0x26, 0x1B,
0x1B, 0xE4, 0x1B, 0x1B, 0x26, 0x02, 0x26, 0x1B, 0x1B, 0x01, 0x10, 0x22, 0x17, 0x16, 0x21, 0x20,
0x2B, 0xF3, 0x01, 0x10, 0x22, 0x16, 0x17, 0x21, 0x20, 0x2B, 0xF3, 0x1B, 0x1B, 0x26, 0x02, 0x26,
0x1B, 0x1B, 0xE4, 0x1B, 0x1B, 0x26, 0x02, 0x26, 0x1B, 0x1B, 0xFE, 0xE8, 0x23, 0x17, 0x17, 0x21,
0x22, 0x2B, 0xFB, 0xFE, 0xE8, 0x23, 0x17, 0x17, 0x21, 0x22, 0x2B, 0x00, 0x00, 0x02, 0x00, 0xA1,
0xFF, 0xF9, 0x02, 0x16, 0x05, 0x81, 0x00, 0x13, 0x00, 0x23, 0x00, 0x00, 0x01, 0x36, 0x27, 0x26,
0x2B, 0x01, 0x22, 0x07, 0x06, 0x17, 0x13, 0x16, 0x17, 0x16, 0x3B, 0x01, 0x32, 0x37, 0x36, 0x37,
0x12, 0x07, 0x06, 0x23, 0x22, 0x27, 0x26, 0x35, 0x34, 0x37, 0x36, 0x33, 0x32, 0x17, 0x16, 0x15,
0x02, 0x00, 0x03, 0x26, 0x26, 0x38, 0x46, 0x38, 0x26, 0x26, 0x03, 0x22, 0x03, 0x25, 0x25, 0x34,
0x02, 0x34, 0x25, 0x25, 0x03, 0x38, 0x37, 0x36, 0x4E, 0x4D, 0x36, 0x37, 0x37, 0x36, 0x4D, 0x4E,
0x36, 0x37, 0x04, 0xF9, 0x38, 0x28, 0x28, 0x28, 0x28, 0x38, 0xFD, 0x70, 0x34, 0x23, 0x23, 0x23,
0x23, 0x34, 0xFD, 0xFD, 0x36, 0x37, 0x37, 0x36, 0x4E, 0x4D, 0x36, 0x37, 0x37, 0x36, 0x4D, 0x00,
0x00, 0x02, 0x00, 0x2F, 0x03, 0x79, 0x02, 0x9D, 0x05, 0x9C, 0x00, 0x13, 0x00, 0x27, 0x00, 0x00,
0x01, 0x06, 0x07, 0x06, 0x2B, 0x01, 0x22, 0x27, 0x26, 0x27, 0x03, 0x26, 0x37, 0x36, 0x3B, 0x01,
0x32, 0x17, 0x16, 0x07, 0x01, 0x06, 0x07, 0x06, 0x2B, 0x01, 0x22, 0x27, 0x26, 0x27, 0x03, 0x26,
0x37, 0x36, 0x3B, 0x01, 0x32, 0x17, 0x16, 0x07, 0x02, 0x7A, 0x03, 0x16, 0x15, 0x1D, 0x37, 0x1E,
0x15, 0x16, 0x03, 0x1E, 0x05, 0x27, 0x27, 0x3B, 0x03, 0x3A, 0x27, 0x27, 0x05, 0xFE, 0x88, 0x03,
0x15, 0x16, 0x1D, 0x37, 0x1D, 0x16, 0x16, 0x02, 0x1F, 0x05, 0x27, 0x28, 0x3A, 0x03, 0x3A, 0x27,
0x28, 0x06, 0x03, 0xBE, 0x1E, 0x13, 0x14, 0x14, 0x13, 0x1E, 0x01, 0x4E, 0x3A, 0x2B, 0x2B, 0x2B,
0x2B, 0x3A, 0xFE, 0xB2, 0x1E, 0x13, 0x14, 0x14, 0x13, 0x1E, 0x01, 0x4E, 0x3A, 0x2B, 0x2B, 0x2B,
0x2B, 0x3A, 0x00, 0x00, 0x00, 0x02, 0x00, 0x41, 0xFF, 0xF9, 0x04, 0x4A, 0x05, 0x19, 0x00, 0x03,
0x00, 0x5F, 0x00, 0x00, 0x01, 0x37, 0x23, 0x0F, 0x01, 0x23, 0x22, 0x27, 0x26, 0x3D, 0x01, 0x34,
0x37, 0x36, 0x3B, 0x01, 0x37, 0x23, 0x22, 0x27, 0x26, 0x3D, 0x01, 0x34, 0x37, 0x36, 0x3B, 0x01,
0x13, 0x36, 0x37, 0x36, 0x3B, 0x01, 0x32, 0x17, 0x16, 0x0F, 0x01, 0x33, 0x13, 0x36, 0x37, 0x36,
0x3B, 0x01, 0x32, 0x17, 0x16, 0x0F, 0x01, 0x33, 0x32, 0x17, 0x16, 0x1D, 0x01, 0x14, 0x07, 0x06,
0x2B, 0x01, 0x07, 0x33, 0x32, 0x17, 0x16, 0x1D, 0x01, 0x14, 0x07, 0x06, 0x2B, 0x01, 0x03, 0x06,
0x07, 0x06, 0x2B, 0x01, 0x22, 0x27, 0x26, 0x3F, 0x01, 0x23, 0x03, 0x06, 0x07, 0x06, 0x2B, 0x01,
0x22, 0x27, 0x26, 0x37, 0x02, 0x9B, 0x20, 0xC5, 0x22, 0xE1, 0x56, 0x26, 0x1B, 0x1B, 0x1B, 0x1B,
0x26, 0x76, 0x23, 0x5A, 0x26, 0x1B, 0x1B, 0x1B, 0x1B, 0x26, 0x78, 0x2C, 0x05, 0x1A, 0x1B, 0x22,
0x02, 0x2B, 0x1C, 0x1C, 0x07, 0x25, 0xC7, 0x2A, 0x05, 0x1A, 0x1B, 0x22, 0x04, 0x2B, 0x1C, 0x1C,
0x07, 0x25, 0x51, 0x26, 0x1B, 0x1B, 0x1B, 0x1B, 0x26, 0x72, 0x20, 0x55, 0x26, 0x1B, 0x1B, 0x1B,
0x1B, 0x26, 0x78, 0x2A, 0x05, 0x1B, 0x1B, 0x23, 0x02, 0x2C, 0x1C, 0x1D, 0x07, 0x27, 0xC5, 0x2A,
0x05, 0x1B, 0x1A, 0x24, 0x02, 0x2B, 0x1D, 0x1C, 0x06, 0x02, 0x1C, 0xE4, 0xE4, 0xBA, 0x1B, 0x1B,
0x26, 0x02, 0x26, 0x1B, 0x1B, 0xE4, 0x1B, 0x1B, 0x26, 0x01, 0x27, 0x1A, 0x1B, 0x01, 0x11, 0x22,
0x16, 0x17, 0x21, 0x21, 0x2A, 0xF4, 0x01, 0x10, 0x22, 0x17, 0x17, 0x21, 0x21, 0x2A, 0xF4, 0x1B,
0x1A, 0x27, 0x01, 0x26, 0x1B, 0x1B, 0xE4, 0x1B, 0x1B, 0x26, 0x02, 0x26, 0x1B, 0x1B, 0xFE, 0xE8,
0x23, 0x17, 0x17, 0x21, 0x21, 0x2B, 0xFC, 0xFE, 0xE8, 0x23, 0x17, 0x17, 0x21, 0x21, 0x2B, 0x00,
0x00, 0x03, 0x00, 0x1A, 0xFF, 0x32, 0x04, 0x04, 0x06, 0x5C, 0x00, 0x04, 0x00, 0x09, 0x00, 0x4D,
0x00, 0x00, 0x01, 0x16, 0x17, 0x16, 0x07, 0x02, 0x37, 0x15, 0x26, 0x27, 0x00, 0x27, 0x26, 0x27,
0x26, 0x27, 0x11, 0x32, 0x17, 0x16, 0x37, 0x36, 0x3F, 0x01, 0x36, 0x27, 0x26, 0x27, 0x26, 0x27,
0x35, 0x34, 0x27, 0x26, 0x2B, 0x01, 0x22, 0x07, 0x06, 0x1D, 0x01, 0x06, 0x07, 0x06, 0x17, 0x12,
0x05, 0x16, 0x17, 0x11, 0x06, 0x27, 0x26, 0x07, 0x06, 0x0F, 0x01, 0x06, 0x17, 0x16, 0x17, 0x16,
0x37, 0x15, 0x14, 0x17, 0x16, 0x3B, 0x01, 0x32, 0x37, 0x36, 0x3D, 0x01, 0x36, 0x37, 0x36, 0x27,
0x02, 0x47, 0x65, 0x07, 0x08, 0x74, 0xE3, 0x75, 0x67, 0x06, 0x02, 0x7F, 0x5E, 0x5D, 0xBE, 0x13,
0x18, 0x3A, 0x45, 0x35, 0x2C, 0x2C, 0x0A, 0x01, 0x0A, 0x20, 0x1F, 0x37, 0x63, 0x48, 0x10, 0x10,
0x16, 0x01, 0x17, 0x10, 0x10, 0xD2, 0x76, 0x77, 0x0E, 0x17, 0x01, 0x86, 0x03, 0x11, 0x4C, 0x76,
0x38, 0x2F, 0x30, 0x09, 0x01, 0x08, 0x1E, 0x1F, 0x35, 0x95, 0x64, 0x10, 0x10, 0x17, 0x01, 0x16,
0x10, 0x10, 0xED, 0x70, 0x60, 0x0D, 0x02, 0x1F, 0x2C, 0x4E, 0x64, 0x28, 0x03, 0x39, 0x24, 0xF1,
0x2B, 0x47, 0xFE, 0x70, 0x5C, 0x5C, 0x34, 0x06, 0x07, 0x01, 0x24, 0x0D, 0x0A, 0x1F, 0x1E, 0x34,
0x03, 0x36, 0x2D, 0x2D, 0x09, 0x10, 0x02, 0x9A, 0x17, 0x10, 0x0F, 0x0F, 0x10, 0x17, 0xA2, 0x1E,
0x7B, 0x7A, 0xAF, 0xFE, 0xEF, 0x68, 0x01, 0x05, 0xFE, 0xC4, 0x02, 0x1A, 0x0C, 0x20, 0x20, 0x39,
0x03, 0x35, 0x2D, 0x2C, 0x0B, 0x1E, 0x04, 0x94, 0x16, 0x10, 0x10, 0x10, 0x10, 0x16, 0xA0, 0x27,
0x8D, 0x79, 0xA1, 0x00, 0x00, 0x05, 0x00, 0x41, 0xFF, 0xDA, 0x07, 0x3B, 0x05, 0x26, 0x00, 0x0B,
0x00, 0x1B, 0x00, 0x2B, 0x00, 0x37, 0x00, 0x47, 0x00, 0x00, 0x00, 0x17, 0x16, 0x33, 0x32, 0x35,
0x34, 0x23, 0x22, 0x07, 0x06, 0x15, 0x04, 0x07, 0x06, 0x23, 0x22, 0x27, 0x26, 0x35, 0x34, 0x37,
0x36, 0x33, 0x32, 0x17, 0x16, 0x15, 0x01, 0x36, 0x3B, 0x01, 0x32, 0x17, 0x16, 0x07, 0x01, 0x06,
0x2B, 0x01, 0x22, 0x27, 0x26, 0x37, 0x02, 0x17, 0x16, 0x33, 0x32, 0x35, 0x34, 0x23, 0x22, 0x07,
0x06, 0x15, 0x04, 0x07, 0x06, 0x23, 0x22, 0x27, 0x26, 0x35, 0x34, 0x37, 0x36, 0x33, 0x32, 0x17,
0x16, 0x15, 0x05, 0x2C, 0x25, 0x27, 0x44, 0x8B, 0x8D, 0x46, 0x25, 0x22, 0x02, 0x0E, 0x76, 0x6D,
0xA2, 0xA4, 0x6A, 0x6F, 0x6A, 0x6E, 0xB2, 0xB0, 0x66, 0x62, 0xFD, 0xA9, 0x15, 0x2B, 0x01, 0x2C,
0x15, 0x16, 0x17, 0xFD, 0x32, 0x16, 0x2A, 0x04, 0x2C, 0x15, 0x15, 0x16, 0xDF, 0x26, 0x27, 0x46,
0x8A, 0x8F, 0x45, 0x25, 0x22, 0x02, 0x10, 0x77, 0x6D, 0xA2, 0xA5, 0x6B, 0x6F, 0x6B, 0x6E, 0xB3,
0xB0, 0x67, 0x62, 0x01, 0x09, 0x41, 0x42, 0xEC, 0xEC, 0x45, 0x3F, 0x68, 0xB5, 0x74, 0x6B, 0x6A,
0x6E, 0xB4, 0xB2, 0x73, 0x76, 0x6E, 0x6B, 0xAC, 0x03, 0x80, 0x24, 0x26, 0x25, 0x26, 0xFB, 0x4B,
0x24, 0x26, 0x26, 0x25, 0x02, 0xDC, 0x40, 0x43, 0xEF, 0xEC, 0x45, 0x3F, 0x6A, 0xB5, 0x74, 0x6B,
0x6A, 0x6E, 0xB6, 0xB2, 0x73, 0x76, 0x6F, 0x6A, 0xAC, 0x00, 0x00, 0x00, 0x00, 0x03, 0x00, 0x1C,
0xFF, 0xF9, 0x05, 0x03, 0x05, 0x78, 0x00, 0x0D, 0x00, 0x1C, 0x00, 0x51, 0x00, 0x00, 0x24, 0x27,
0x26, 0x35, 0x34, 0x37, 0x16, 0x17, 0x16, 0x07, 0x06, 0x07, 0x06, 0x23, 0x13, 0x32, 0x17, 0x16,
0x15, 0x14, 0x07, 0x06, 0x27, 0x26, 0x35, 0x34, 0x37, 0x36, 0x33, 0x01, 0x06, 0x07, 0x06, 0x27,
0x26, 0x27, 0x26, 0x27, 0x37, 0x24, 0x35, 0x34, 0x27, 0x26, 0x23, 0x22, 0x07, 0x06, 0x15, 0x14,
0x17, 0x15, 0x04, 0x15, 0x14, 0x17, 0x16, 0x33, 0x32, 0x37, 0x33, 0x16, 0x17, 0x16, 0x3B, 0x01,
0x32, 0x37, 0x36, 0x27, 0x26, 0x27, 0x36, 0x37, 0x36, 0x27, 0x26, 0x27, 0x26, 0x07, 0x06, 0x07,
0x01, 0xC8, 0x3B, 0x39, 0x63, 0xD3, 0x1F, 0x12, 0x04, 0x04, 0x15, 0x37, 0x3E, 0x40, 0x39, 0x21,
0x1E, 0x73, 0x25, 0x1D, 0x43, 0x20, 0x23, 0x39, 0x01, 0x9D, 0x13, 0x22, 0x21, 0x18, 0x1E, 0x39,
0x41, 0x1A, 0x02, 0x01, 0x20, 0x70, 0x6E, 0xAC, 0xCF, 0x7C, 0x6E, 0x70, 0xFE, 0xEB, 0x7A, 0x8B,
0xF8, 0xEB, 0xA5, 0x01, 0x15, 0x17, 0x32, 0x47, 0x04, 0x56, 0x22, 0x23, 0x3B, 0x15, 0x18, 0x2E,
0x34, 0x1B, 0x0A, 0x0A, 0x25, 0x27, 0x31, 0x39, 0x36, 0xD7, 0x36, 0x34, 0x4E, 0x5E, 0x44, 0xDB,
0x1D, 0x0F, 0x18, 0x18, 0x0A, 0x19, 0x03, 0xE1, 0x2B, 0x27, 0x35, 0x5B, 0x54, 0x1B, 0x23, 0x50,
0x53, 0x39, 0x27, 0x2B, 0xFD, 0x67, 0x1B, 0x03, 0x03, 0x19, 0x1F, 0x3E, 0x45, 0x1B, 0x08, 0x85,
0xD8, 0x91, 0x58, 0x56, 0x73, 0x67, 0x8D, 0x91, 0x78, 0x06, 0x89, 0xFE, 0x9E, 0x6B, 0x79, 0x77,
0x16, 0x18, 0x32, 0x4E, 0x4F, 0x3F, 0x17, 0x1A, 0x2C, 0x4F, 0x29, 0x31, 0x2F, 0x1E, 0x20, 0x04,
0x05, 0x35, 0x00, 0x00, 0x00, 0x01, 0x00, 0x66, 0x03, 0x79, 0x01, 0x7B, 0x05, 0x9C, 0x00, 0x13,
0x00, 0x00, 0x01, 0x06, 0x07, 0x06, 0x2B, 0x01, 0x22, 0x27, 0x26, 0x27, 0x03, 0x26, 0x37, 0x36,
0x3B, 0x01, 0x32, 0x17, 0x16, 0x07, 0x01, 0x57, 0x03, 0x15, 0x16, 0x1D, 0x37, 0x1D, 0x16, 0x16,
0x02, 0x1F, 0x05, 0x27, 0x28, 0x3A, 0x03, 0x3A, 0x27, 0x28, 0x06, 0x03, 0xBE, 0x1E, 0x13, 0x14,
0x14, 0x13, 0x1E, 0x01, 0x4E, 0x3A, 0x2B, 0x2B, 0x2B, 0x2B, 0x3A, 0x00, 0x00, 0x01, 0x00, 0xB0,
0xFE, 0xC7, 0x02, 0x85, 0x06, 0x25, 0x00, 0x15, 0x00, 0x00, 0x01, 0x32, 0x17, 0x16, 0x07, 0x02,
0x11, 0x10, 0x13, 0x16, 0x07, 0x06, 0x2B, 0x01, 0x22, 0x27, 0x02, 0x11, 0x12, 0x13, 0x36, 0x33,
0x02, 0x02, 0x3E, 0x22, 0x22, 0x1B, 0x9A, 0x9C, 0x1A, 0x22, 0x22, 0x3E, 0x04, 0x3D, 0x22, 0xF0,
0x03, 0xED, 0x22, 0x3D, 0x06, 0x25, 0x37, 0x37, 0x3A, 0xFE, 0xAC, 0xFE, 0x4A, 0xFE, 0x53, 0xFE,
0xA8, 0x3A, 0x37, 0x36, 0x34, 0x01, 0x7B, 0x01, 0xFD, 0x02, 0x06, 0x01, 0x77, 0x35, 0x00, 0x00,
0x00, 0x01, 0x00, 0xA1, 0xFE, 0xC7, 0x02, 0x76, 0x06, 0x25, 0x00, 0x15, 0x00, 0x00, 0x01, 0x32,
0x17, 0x12, 0x13, 0x10, 0x03, 0x06, 0x2B, 0x01, 0x22, 0x27, 0x26, 0x37, 0x12, 0x11, 0x10, 0x03,
0x26, 0x37, 0x36, 0x33, 0x01, 0x27, 0x3D, 0x22, 0xED, 0x03, 0xF0, 0x22, 0x3D, 0x04, 0x3E, 0x22,
0x22, 0x1A, 0x9C, 0x9B, 0x1A, 0x22, 0x22, 0x3E, 0x06, 0x25, 0x35, 0xFE, 0x89, 0xFD, 0xFA, 0xFE,
0x03, 0xFE, 0x85, 0x34, 0x36, 0x37, 0x3A, 0x01, 0x58, 0x01, 0xAD, 0x01, 0xB6, 0x01, 0x54, 0x3A,
0x37, 0x37, 0x00, 0x00, 0x00, 0x01, 0x00, 0x52, 0x03, 0x31, 0x03, 0x7A, 0x06, 0x7C, 0x00, 0x59,
0x00, 0x00, 0x01, 0x06, 0x17, 0x16, 0x1F, 0x01, 0x16, 0x17, 0x16, 0x0F, 0x01, 0x06, 0x07, 0x06,
0x2F, 0x01, 0x26, 0x07, 0x06, 0x1F, 0x01, 0x16, 0x07, 0x06, 0x07, 0x23, 0x06, 0x27, 0x26, 0x2F,
0x01, 0x26, 0x27, 0x26, 0x0F, 0x01, 0x06, 0x27, 0x22, 0x2F, 0x01, 0x26, 0x37, 0x36, 0x3F, 0x01,
0x36, 0x27, 0x26, 0x2F, 0x01, 0x26, 0x27, 0x26, 0x37, 0x35, 0x36, 0x37, 0x36, 0x1F, 0x01, 0x16,
0x37, 0x36, 0x2F, 0x01, 0x26, 0x37, 0x36, 0x3F, 0x01, 0x36, 0x17, 0x16, 0x1F, 0x01, 0x16, 0x17,
0x16, 0x3F, 0x01, 0x36, 0x33, 0x36, 0x1F, 0x01, 0x16, 0x07, 0x06, 0x07, 0x02, 0x72, 0x10, 0x04,
0x03, 0x13, 0xB3, 0x25, 0x13, 0x13, 0x0C, 0x01, 0x0B, 0x22, 0x22, 0x21, 0xA4, 0x10, 0x0E, 0x0E,
0x07, 0x42, 0x0E, 0x12, 0x13, 0x26, 0x02, 0x24, 0x1E, 0x1E, 0x02, 0x0E, 0x01, 0x12, 0x11, 0x0C,
0x7D, 0x18, 0x25, 0x24, 0x18, 0x01, 0x17, 0x06, 0x06, 0x1E, 0x9F, 0x10, 0x03, 0x04, 0x12, 0xAD,
0x24, 0x13, 0x13, 0x0C, 0x0C, 0x22, 0x22, 0x21, 0x9B, 0x10, 0x0E, 0x0E, 0x07, 0x40, 0x0D, 0x12,
0x12, 0x25, 0x02, 0x25, 0x1E, 0x1D, 0x02, 0x0A, 0x01, 0x12, 0x11, 0x0C, 0x7C, 0x18, 0x25, 0x25,
0x19, 0x01, 0x19, 0x05, 0x05, 0x20, 0x05, 0x0D, 0x0A, 0x12, 0x12, 0x03, 0x1F, 0x06, 0x1F, 0x20,
0x23, 0x02, 0x23, 0x0E, 0x0E, 0x11, 0x53, 0x09, 0x0D, 0x0C, 0x12, 0xAD, 0x24, 0x22, 0x22, 0x08,
0x08, 0x17, 0x17, 0x25, 0xBD, 0x12, 0x06, 0x06, 0x0E, 0x92, 0x1C, 0x01, 0x1C, 0x02, 0x1B, 0x24,
0x24, 0x13, 0x65, 0x0A, 0x12, 0x13, 0x03, 0x1F, 0x06, 0x20, 0x20, 0x23, 0x01, 0x24, 0x0E, 0x0E,
0x11, 0x4F, 0x08, 0x0D, 0x0C, 0x11, 0xAD, 0x23, 0x21, 0x22, 0x07, 0x01, 0x07, 0x16, 0x17, 0x26,
0xB9, 0x12, 0x06, 0x06, 0x0E, 0x90, 0x1C, 0x01, 0x1C, 0x01, 0x1C, 0x26, 0x26, 0x15, 0x00, 0x00,
0x00, 0x01, 0x01, 0x23, 0x00, 0x56, 0x05, 0x80, 0x04, 0x88, 0x00, 0x2B, 0x00, 0x00, 0x01, 0x21,
0x32, 0x17, 0x16, 0x1D, 0x01, 0x14, 0x07, 0x06, 0x23, 0x21, 0x11, 0x14, 0x07, 0x06, 0x2B, 0x01,
0x22, 0x27, 0x26, 0x35, 0x11, 0x21, 0x22, 0x27, 0x26, 0x3D, 0x01, 0x34, 0x37, 0x36, 0x33, 0x21,
0x11, 0x34, 0x37, 0x36, 0x3B, 0x01, 0x32, 0x17, 0x16, 0x15, 0x03, 0xBC, 0x01, 0x67, 0x27, 0x1B,
0x1B, 0x1B, 0x1B, 0x27, 0xFE, 0x99, 0x1F, 0x1F, 0x2B, 0x02, 0x2C, 0x1F, 0x1E, 0xFE, 0x98, 0x27,
0x1B, 0x1B, 0x1B, 0x1B, 0x27, 0x01, 0x68, 0x1E, 0x1F, 0x2C, 0x02, 0x2B, 0x1F, 0x1F, 0x02, 0xD0,
0x1B, 0x1B, 0x27, 0x02, 0x26, 0x1B, 0x1C, 0xFE, 0xAB, 0x2B, 0x1F, 0x1F, 0x1F, 0x1F, 0x2B, 0x01,
0x55, 0x1C, 0x1B, 0x26, 0x02, 0x27, 0x1B, 0x1B, 0x01, 0x4F, 0x2B, 0x1F, 0x1F, 0x1F, 0x1F, 0x2B,
0x00, 0x01, 0x00, 0x75, 0xFF, 0x4E, 0x01, 0xE8, 0x01, 0x6E, 0x00, 0x18, 0x00, 0x00, 0x00, 0x27,
0x26, 0x23, 0x22, 0x07, 0x06, 0x15, 0x14, 0x17, 0x16, 0x17, 0x06, 0x0F, 0x01, 0x06, 0x07, 0x06,
0x17, 0x16, 0x17, 0x16, 0x37, 0x36, 0x35, 0x01, 0xE8, 0x37, 0x36, 0x4D, 0x4C, 0x37, 0x36, 0x27,
0x27, 0x3C, 0x0A, 0x0A, 0x02, 0x05, 0x1D, 0x30, 0x04, 0x04, 0x18, 0x66, 0x65, 0x66, 0x01, 0x01,
0x36, 0x37, 0x37, 0x36, 0x4D, 0x3F, 0x33, 0x31, 0x10, 0x0B, 0x06, 0x01, 0x06, 0x0D, 0x15, 0x2C,
0x27, 0x08, 0x1E, 0x6E, 0x6E, 0x8A, 0x00, 0x00, 0x00, 0x01, 0x00, 0x7C, 0x01, 0xAC, 0x03, 0x07,
0x02, 0x82, 0x00, 0x13, 0x00, 0x00, 0x01, 0x14, 0x07, 0x06, 0x23, 0x21, 0x22, 0x27, 0x26, 0x3D,
0x01, 0x34, 0x37, 0x36, 0x33, 0x21, 0x32, 0x17, 0x16, 0x15, 0x03, 0x07, 0x22, 0x21, 0x30, 0xFE,
0x5C, 0x30, 0x22, 0x22, 0x22, 0x22, 0x30, 0x01, 0xA4, 0x30, 0x21, 0x22, 0x02, 0x16, 0x2C, 0x1F,
0x1F, 0x1F, 0x1F, 0x2C, 0x02, 0x2C, 0x1F, 0x1F, 0x1F, 0x1F, 0x2C, 0x00, 0x00, 0x01, 0x00, 0x9E,
0x00, 0x05, 0x02, 0x11, 0x01, 0x78, 0x00, 0x0F, 0x00, 0x00, 0x24, 0x07, 0x06, 0x23, 0x22, 0x27,
0x26, 0x35, 0x34, 0x37, 0x36, 0x33, 0x32, 0x17, 0x16, 0x15, 0x02, 0x11, 0x37, 0x36, 0x4D, 0x4C,
0x37, 0x36, 0x36, 0x37, 0x4C, 0x4D, 0x36, 0x37, 0x72, 0x36, 0x37, 0x37, 0x36, 0x4D, 0x4C, 0x37,
0x36, 0x36, 0x37, 0x4C, 0x00, 0x01, 0xFF, 0xE3, 0xFF, 0xC7, 0x02, 0x85, 0x05, 0xE5, 0x00, 0x0F,
0x00, 0x00, 0x01, 0x36, 0x3B, 0x01, 0x32, 0x17, 0x16, 0x07, 0x01, 0x06, 0x2B, 0x01, 0x22, 0x27,
0x26, 0x37, 0x01, 0xAE, 0x17, 0x4B, 0x02, 0x35, 0x1F, 0x1F, 0x10, 0xFE, 0x45, 0x17, 0x4C, 0x02,
0x34, 0x1F, 0x1F, 0x10, 0x05, 0x9D, 0x48, 0x2A, 0x2B, 0x32, 0xFA, 0xB1, 0x48, 0x2A, 0x2A, 0x32,
0x00, 0x02, 0x00, 0x5E, 0xFF, 0xFD, 0x05, 0x05, 0x05, 0x9B, 0x00, 0x0F, 0x00, 0x2F, 0x00, 0x00,
0x24, 0x27, 0x26, 0x35, 0x34, 0x37, 0x36, 0x33, 0x32, 0x17, 0x16, 0x15, 0x14, 0x07, 0x06, 0x23,
0x12, 0x23, 0x22, 0x07, 0x06, 0x07, 0x06, 0x11, 0x10, 0x17, 0x16, 0x05, 0x16, 0x33, 0x32, 0x33,
0x32, 0x33, 0x32, 0x33, 0x32, 0x33, 0x32, 0x37, 0x24, 0x37, 0x36, 0x11, 0x10, 0x27, 0x26, 0x27,
0x02, 0x38, 0x57, 0x56, 0x56, 0x57, 0x7A, 0x7A, 0x56, 0x56, 0x56, 0x56, 0x7A, 0x0D, 0x0D, 0x0D,
0x1A, 0xF6, 0x97, 0xA0, 0x8D, 0x94, 0x01, 0x0C, 0x11, 0x08, 0x03, 0x04, 0x04, 0x03, 0x02, 0x04,
0x05, 0x02, 0x09, 0x10, 0x01, 0x0C, 0x95, 0x8C, 0xA0, 0x97, 0xF6, 0xEE, 0x8C, 0x8C, 0xC6, 0xC6,
0x8C, 0x8C, 0x8C, 0x8C, 0xC6, 0xC6, 0x8C, 0x8C, 0x04, 0xAD, 0x03, 0x1D, 0xBB, 0xC7, 0xFE, 0xC0,
0xFE, 0xD9, 0xBB, 0xC6, 0x12, 0x02, 0x02, 0x12, 0xC6, 0xBB, 0x01, 0x27, 0x01, 0x40, 0xC7, 0xBB,
0x1D, 0x00, 0x00, 0x00, 0x00, 0x01, 0x00, 0xA2, 0xFF, 0xF9, 0x02, 0xF1, 0x05, 0x18, 0x00, 0x21,
0x00, 0x00, 0x01, 0x22, 0x07, 0x36, 0x07, 0x31, 0x06, 0x07, 0x06, 0x07, 0x06, 0x1F, 0x01, 0x16,
0x17, 0x16, 0x37, 0x36, 0x37, 0x11, 0x14, 0x17, 0x16, 0x3B, 0x01, 0x32, 0x37, 0x36, 0x35, 0x11,
0x34, 0x27, 0x26, 0x23, 0x01, 0xF5, 0x31, 0x27, 0x02, 0x02, 0x41, 0x65, 0x2E, 0x14, 0x13, 0x14,
0x01, 0x13, 0x2B, 0x2C, 0x2B, 0x34, 0x32, 0x2E, 0x2F, 0x41, 0x03, 0x41, 0x2E, 0x2F, 0x21, 0x21,
0x2E, 0x05, 0x18, 0x2B, 0x02, 0x02, 0x45, 0x2A, 0x13, 0x2D, 0x2E, 0x2E, 0x02, 0x2B, 0x12, 0x13,
0x12, 0x14, 0x1D, 0xFC, 0xC3, 0x41, 0x2E, 0x2E, 0x2E, 0x2E, 0x41, 0x04, 0x13, 0x2E, 0x21, 0x20,
0x00, 0x01, 0x00, 0xB5, 0xFF, 0xF9, 0x04, 0x42, 0x05, 0x28, 0x00, 0x33, 0x00, 0x00, 0x00, 0x37,
0x36, 0x35, 0x34, 0x27, 0x26, 0x23, 0x22, 0x07, 0x06, 0x07, 0x06, 0x1F, 0x01, 0x16, 0x37, 0x36,
0x37, 0x36, 0x37, 0x36, 0x17, 0x16, 0x17, 0x16, 0x17, 0x16, 0x17, 0x16, 0x07, 0x06, 0x07, 0x06,
0x01, 0x06, 0x17, 0x16, 0x33, 0x21, 0x32, 0x37, 0x36, 0x3D, 0x01, 0x34, 0x27, 0x26, 0x23, 0x21,
0x36, 0x01, 0x03, 0xFA, 0x24, 0x24, 0x80, 0x7F, 0xDC, 0xB5, 0x8F, 0x2C, 0x03, 0x03, 0x29, 0x02,
0x1F, 0x28, 0x28, 0x1F, 0x38, 0x4D, 0x54, 0x42, 0x10, 0x0C, 0x18, 0x0B, 0x0D, 0x02, 0x06, 0x32,
0x08, 0x07, 0x17, 0xFE, 0x1E, 0x2A, 0x1D, 0x1C, 0x43, 0x02, 0x91, 0x35, 0x26, 0x25, 0x25, 0x26,
0x35, 0xFE, 0xB7, 0x28, 0x01, 0x0B, 0x02, 0xB5, 0x51, 0x52, 0x5A, 0xA0, 0x6C, 0x6A, 0x63, 0x1F,
0x35, 0x36, 0x22, 0x02, 0x1A, 0x01, 0x01, 0x1A, 0x30, 0x06, 0x07, 0x2D, 0x09, 0x0A, 0x16, 0x21,
0x1B, 0x1D, 0x46, 0x39, 0x0D, 0x0A, 0x1D, 0xFD, 0xB1, 0x34, 0x3C, 0x3C, 0x25, 0x26, 0x35, 0x02,
0x35, 0x26, 0x25, 0x33, 0x01, 0x2F, 0x00, 0x00, 0x00, 0x01, 0x01, 0x05, 0xFF, 0xF9, 0x04, 0x52,
0x05, 0x61, 0x00, 0x45, 0x00, 0x00, 0x00, 0x27, 0x26, 0x27, 0x26, 0x23, 0x22, 0x07, 0x06, 0x07,
0x06, 0x1D, 0x01, 0x14, 0x17, 0x16, 0x37, 0x36, 0x37, 0x36, 0x33, 0x32, 0x17, 0x16, 0x17, 0x16,
0x07, 0x06, 0x07, 0x06, 0x1D, 0x01, 0x14, 0x17, 0x16, 0x17, 0x16, 0x17, 0x16, 0x17, 0x16, 0x0F,
0x01, 0x06, 0x07, 0x06, 0x27, 0x26, 0x31, 0x26, 0x07, 0x06, 0x1D, 0x01, 0x14, 0x17, 0x16, 0x17,
0x16, 0x17, 0x16, 0x33, 0x32, 0x37, 0x36, 0x37, 0x36, 0x27, 0x26, 0x27, 0x04, 0x19, 0x16, 0x0F,
0x8B, 0x8A, 0xC6, 0x32, 0x32, 0x36, 0x36, 0x44, 0x25, 0x25, 0x2D, 0x1A, 0x1A, 0x15, 0x16, 0x5D,
0x43, 0x43, 0x08, 0x08, 0x44, 0x21, 0x6B, 0x4E, 0x18, 0x19, 0x27, 0x48, 0x16, 0x38, 0x1B, 0x1B,
0x0B, 0x02, 0x11, 0x58, 0x5A, 0x73, 0x09, 0x34, 0x28, 0x27, 0x19, 0x1A, 0x28, 0x0A, 0x0B, 0x55,
0x55, 0xD2, 0x97, 0x97, 0x1C, 0x17, 0x40, 0x40, 0x85, 0x03, 0x82, 0xB3, 0x83, 0x54, 0x55, 0x06,
0x06, 0x0F, 0x12, 0x48, 0x02, 0x2F, 0x1B, 0x1C, 0x0C, 0x06, 0x03, 0x02, 0x2A, 0x2A, 0x3E, 0x47,
0x3B, 0x1C, 0x1D, 0x16, 0x51, 0x02, 0x27, 0x1E, 0x1D, 0x07, 0x0D, 0x0C, 0x1D, 0x36, 0x36, 0x3B,
0x0A, 0x59, 0x2F, 0x31, 0x16, 0x01, 0x07, 0x22, 0x23, 0x34, 0x02, 0x29, 0x20, 0x1F, 0x09, 0x02,
0x03, 0x10, 0x5D, 0x5E, 0x93, 0x75, 0x75, 0x75, 0x57, 0x00, 0x00, 0x00, 0x00, 0x02, 0x00, 0x5B,
0xFF, 0xF9, 0x05, 0x02, 0x05, 0x18, 0x00, 0x03, 0x00, 0x28, 0x00, 0x00, 0x01, 0x21, 0x35, 0x09,
0x01, 0x03, 0x34, 0x27, 0x26, 0x2B, 0x01, 0x22, 0x07, 0x01, 0x06, 0x1D, 0x01, 0x14, 0x17, 0x16,
0x33, 0x21, 0x15, 0x14, 0x17, 0x16, 0x3B, 0x01, 0x32, 0x37, 0x36, 0x35, 0x37, 0x33, 0x32, 0x37,
0x36, 0x2F, 0x01, 0x26, 0x23, 0x02, 0xDD, 0xFE, 0xD5, 0x01, 0x2B, 0x01, 0x38, 0x01, 0x2C, 0x2C,
0x3D, 0x9B, 0x4C, 0x2D, 0xFE, 0x0B, 0x1B, 0x2B, 0x2A, 0x3D, 0x01, 0xF0, 0x2D, 0x2D, 0x40, 0x03,
0x40, 0x2D, 0x2D, 0x01, 0x6E, 0x3C, 0x22, 0x21, 0x14, 0x01, 0x1B, 0x50, 0x02, 0x20, 0x08, 0x01,
0xDE, 0xFE, 0x1A, 0x02, 0x63, 0x3E, 0x2C, 0x2B, 0x3E, 0xFD, 0x49, 0x26, 0x2F, 0x02, 0x3C, 0x2B,
0x2B, 0xA7, 0x40, 0x2D, 0x2D, 0x2D, 0x2D, 0x3F, 0xA8, 0x31, 0x30, 0x38, 0x02, 0x4B, 0x00, 0x00,
0x00, 0x01, 0x00, 0x81, 0xFF, 0xF9, 0x04, 0x36, 0x05, 0x3D, 0x00, 0x2E, 0x00, 0x00, 0x01, 0x21,
0x32, 0x3F, 0x01, 0x36, 0x27, 0x26, 0x23, 0x21, 0x03, 0x06, 0x17, 0x16, 0x17, 0x16, 0x37, 0x36,
0x17, 0x16, 0x17, 0x16, 0x1D, 0x01, 0x14, 0x07, 0x06, 0x23, 0x06, 0x27, 0x26, 0x07, 0x06, 0x1D,
0x01, 0x14, 0x17, 0x16, 0x17, 0x16, 0x33, 0x20, 0x37, 0x36, 0x35, 0x10, 0x25, 0x01, 0xE5, 0x01,
0xC0, 0x5D, 0x1C, 0x01, 0x14, 0x26, 0x26, 0x41, 0xFD, 0x51, 0x35, 0x03, 0x02, 0x0A, 0x37, 0x12,
0x71, 0x6B, 0x35, 0x47, 0x2B, 0x28, 0x59, 0x5A, 0x7F, 0x4B, 0x4C, 0x2D, 0x24, 0x24, 0x16, 0x16,
0x22, 0x65, 0x6A, 0x01, 0x13, 0xC3, 0xC2, 0xFD, 0x9D, 0x04, 0x3B, 0x58, 0x03, 0x3E, 0x35, 0x34,
0xFD, 0xC7, 0x2D, 0x0D, 0x35, 0x0B, 0x04, 0x04, 0x03, 0x0F, 0x14, 0x36, 0x34, 0x40, 0x0B, 0x61,
0x45, 0x45, 0x07, 0x10, 0x09, 0x1E, 0x1D, 0x2F, 0x02, 0x23, 0x1B, 0x1B, 0x08, 0x16, 0x81, 0x80,
0xB5, 0x01, 0xB3, 0x01, 0x00, 0x02, 0x00, 0x65, 0xFF, 0xEF, 0x05, 0x47, 0x05, 0x7D, 0x00, 0x0F,
0x00, 0x4B, 0x00, 0x00, 0x00, 0x07, 0x06, 0x23, 0x22, 0x27, 0x26, 0x27, 0x34, 0x37, 0x36, 0x33,
0x32, 0x17, 0x16, 0x15, 0x12, 0x23, 0x22, 0x23, 0x07, 0x27, 0x22, 0x23, 0x22, 0x07, 0x36, 0x37,
0x36, 0x33, 0x32, 0x17, 0x16, 0x37, 0x36, 0x3F, 0x01, 0x36, 0x27, 0x26, 0x27, 0x26, 0x27, 0x26,
0x23, 0x22, 0x07, 0x04, 0x07, 0x06, 0x03, 0x02, 0x17, 0x16, 0x17, 0x16, 0x3B, 0x01, 0x32, 0x3B,
0x03, 0x32, 0x3F, 0x01, 0x36, 0x3F, 0x02, 0x36, 0x37, 0x36, 0x37, 0x36, 0x27, 0x03, 0xEF, 0x44,
0x43, 0x6A, 0x8F, 0x50, 0x43, 0x06, 0x13, 0x45, 0xB3, 0x89, 0x49, 0x3C, 0x5C, 0xDF, 0x06, 0x0B,
0x08, 0x09, 0x0B, 0x06, 0xB6, 0x9B, 0x33, 0x6E, 0x6E, 0x7C, 0x1A, 0x18, 0x36, 0x2C, 0x2D, 0x09,
0x01, 0x0A, 0x1F, 0x1F, 0x34, 0x0E, 0x0A, 0x1D, 0x10, 0x12, 0x1B, 0xFE, 0xD8, 0xC7, 0xC7, 0x27,
0x22, 0x75, 0x74, 0xF1, 0x42, 0x44, 0x03, 0x05, 0x03, 0x0F, 0x0F, 0x0A, 0x43, 0x45, 0x0B, 0x0E,
0x07, 0x07, 0x01, 0x9D, 0x6C, 0x6C, 0x12, 0x18, 0x77, 0x01, 0x72, 0x3E, 0x3E, 0x51, 0x45, 0x68,
0x32, 0x17, 0x6E, 0x46, 0x3B, 0x56, 0x01, 0xC1, 0x01, 0x01, 0x6B, 0x96, 0x5E, 0x60, 0x05, 0x0A,
0x1D, 0x1E, 0x35, 0x02, 0x35, 0x2C, 0x2C, 0x08, 0x03, 0x01, 0x03, 0x03, 0x1D, 0xC5, 0xC6, 0xFE,
0xD3, 0xFE, 0xF2, 0xB3, 0xB4, 0x30, 0x11, 0x10, 0x02, 0x03, 0x01, 0x02, 0x03, 0x32, 0x79, 0x78,
0x94, 0xB7, 0x87, 0x00, 0x00, 0x01, 0x00, 0x66, 0xFF, 0xF9, 0x04, 0x67, 0x05, 0x19, 0x00, 0x19,
0x00, 0x00, 0x01, 0x15, 0x01, 0x06, 0x17, 0x16, 0x3B, 0x01, 0x32, 0x37, 0x01, 0x36, 0x3D, 0x01,
0x34, 0x27, 0x26, 0x23, 0x21, 0x22, 0x07, 0x06, 0x1F, 0x01, 0x16, 0x33, 0x02, 0xBC, 0xFE, 0x2F,
0x2E, 0x2E, 0x2D, 0x5C, 0x04, 0x5B, 0x2E, 0x02, 0x52, 0x14, 0x2A, 0x29, 0x3A, 0xFD, 0x1A, 0x42,
0x26, 0x26, 0x14, 0x01, 0x1D, 0x5C, 0x04, 0x17, 0x08, 0xFC, 0xD8, 0x4F, 0x4F, 0x50, 0x4F, 0x03,
0xFC, 0x21, 0x26, 0x02, 0x3A, 0x29, 0x29, 0x35, 0x34, 0x3E, 0x03, 0x58, 0x00, 0x03, 0x00, 0x2F,
0xFF, 0xE7, 0x04, 0x97, 0x05, 0x8E, 0x00, 0x12, 0x00, 0x25, 0x00, 0x45, 0x00, 0x00, 0x01, 0x26,
0x27, 0x26, 0x3F, 0x01, 0x36, 0x37, 0x36, 0x1F, 0x01, 0x16, 0x17, 0x16, 0x07, 0x06, 0x07, 0x06,
0x27, 0x13, 0x14, 0x07, 0x06, 0x2B, 0x01, 0x22, 0x27, 0x26, 0x35, 0x34, 0x37, 0x36, 0x3B, 0x01,
0x32, 0x17, 0x16, 0x15, 0x12, 0x27, 0x36, 0x37, 0x36, 0x35, 0x34, 0x27, 0x26, 0x23, 0x22, 0x07,
0x06, 0x15, 0x14, 0x17, 0x16, 0x17, 0x06, 0x07, 0x06, 0x15, 0x14, 0x17, 0x16, 0x33, 0x32, 0x37,
0x36, 0x35, 0x34, 0x27, 0x02, 0x43, 0x58, 0x35, 0x35, 0x0D, 0x01, 0x0B, 0x3E, 0x3E, 0x4C, 0x0C,
0x61, 0x3A, 0x3A, 0x0F, 0x0A, 0x38, 0x38, 0x46, 0xC8, 0x36, 0x36, 0x4D, 0x0D, 0x62, 0x45, 0x46,
0x32, 0x32, 0x46, 0x32, 0x59, 0x3F, 0x3F, 0xC6, 0x8E, 0x70, 0x3E, 0x3E, 0x87, 0x87, 0xF5, 0xF7,
0x86, 0x86, 0x3A, 0x3A, 0x80, 0x95, 0x45, 0x45, 0xB8, 0x9B, 0xEA, 0xFC, 0x97, 0x98, 0x4A, 0x03,
0x3F, 0x0E, 0x43, 0x42, 0x50, 0x04, 0x45, 0x27, 0x28, 0x0D, 0x02, 0x10, 0x49, 0x49, 0x57, 0x3F,
0x24, 0x24, 0x0C, 0xFE, 0x71, 0x4D, 0x36, 0x37, 0x46, 0x45, 0x62, 0x46, 0x32, 0x31, 0x3F, 0x3F,
0x59, 0x01, 0x20, 0x2F, 0x29, 0x4D, 0x4C, 0x63, 0x9E, 0x68, 0x67, 0x67, 0x68, 0x9E, 0x5D, 0x4E,
0x4D, 0x2D, 0x34, 0x60, 0x60, 0x73, 0xD1, 0x78, 0x65, 0x7B, 0x7A, 0xC4, 0x77, 0x5B, 0x00, 0x00,
0x00, 0x02, 0x00, 0x6C, 0xFF, 0xEF, 0x05, 0x4E, 0x05, 0x7D, 0x00, 0x0F, 0x00, 0x4B, 0x00, 0x00,
0x00, 0x37, 0x36, 0x33, 0x32, 0x17, 0x16, 0x17, 0x14, 0x07, 0x06, 0x23, 0x22, 0x27, 0x26, 0x35,
0x02, 0x33, 0x32, 0x3F, 0x01, 0x17, 0x16, 0x33, 0x32, 0x37, 0x06, 0x07, 0x06, 0x23, 0x22, 0x27,
0x26, 0x07, 0x06, 0x07, 0x15, 0x06, 0x17, 0x16, 0x17, 0x16, 0x17, 0x16, 0x33, 0x32, 0x37, 0x24,
0x37, 0x36, 0x13, 0x12, 0x27, 0x26, 0x27, 0x26, 0x2B, 0x01, 0x22, 0x2B, 0x03, 0x22, 0x0F, 0x01,
0x06, 0x0F, 0x01, 0x15, 0x06, 0x07, 0x06, 0x07, 0x06, 0x17, 0x01, 0xC4, 0x43, 0x43, 0x6B, 0x8F,
0x4F, 0x43, 0x07, 0x13, 0x45, 0xB3, 0x8A, 0x48, 0x3C, 0x5D, 0xDF, 0x06, 0x0B, 0x09, 0x09, 0x0A,
0x07, 0xB6, 0x9A, 0x32, 0x6E, 0x6F, 0x7C, 0x19, 0x19, 0x35, 0x2C, 0x2D, 0x0A, 0x0A, 0x1E, 0x1F,
0x35, 0x0E, 0x0A, 0x1D, 0x0F, 0x13, 0x1B, 0x01, 0x27, 0xC8, 0xC7, 0x26, 0x23, 0x75, 0x75, 0xF0,
0x43, 0x43, 0x04, 0x04, 0x03, 0x10, 0x0E, 0x0B, 0x42, 0x45, 0x0C, 0x0E, 0x06, 0x08, 0x9D, 0x6C,
0x6C, 0x13, 0x17, 0x77, 0x03, 0xFA, 0x3E, 0x3D, 0x51, 0x44, 0x68, 0x32, 0x18, 0x6E, 0x47, 0x3B,
0x56, 0xFE, 0x3E, 0x01, 0x01, 0x01, 0x01, 0x6B, 0x95, 0x5F, 0x5F, 0x05, 0x09, 0x1D, 0x1D, 0x35,
0x03, 0x34, 0x2C, 0x2C, 0x09, 0x02, 0x01, 0x03, 0x03, 0x1D, 0xC5, 0xC6, 0x01, 0x2D, 0x01, 0x0E,
0xB3, 0xB4, 0x30, 0x11, 0x11, 0x02, 0x02, 0x02, 0x01, 0x04, 0x31, 0x79, 0x79, 0x93, 0xB7, 0x87,
0x00, 0x02, 0x00, 0xB0, 0x00, 0x05, 0x02, 0x25, 0x03, 0xE0, 0x00, 0x0F, 0x00, 0x1F, 0x00, 0x00,
0x00, 0x07, 0x06, 0x23, 0x22, 0x27, 0x26, 0x35, 0x34, 0x37, 0x36, 0x33, 0x32, 0x17, 0x16, 0x15,
0x12, 0x07, 0x06, 0x23, 0x22, 0x27, 0x26, 0x35, 0x34, 0x37, 0x36, 0x33, 0x32, 0x17, 0x16, 0x15,
0x02, 0x23, 0x37, 0x36, 0x4D, 0x4C, 0x37, 0x36, 0x36, 0x37, 0x4C, 0x4D, 0x36, 0x37, 0x02, 0x36,
0x36, 0x4D, 0x4D, 0x36, 0x37, 0x37, 0x36, 0x4D, 0x4D, 0x36, 0x36, 0x02, 0xDA, 0x37, 0x36, 0x36,
0x37, 0x4D, 0x4C, 0x37, 0x36, 0x36, 0x37, 0x4C, 0xFD, 0x4B, 0x36, 0x37, 0x37, 0x36, 0x4D, 0x4C,
0x37, 0x36, 0x36, 0x37, 0x4C, 0x00, 0x00, 0x00, 0x00, 0x02, 0x00, 0xA8, 0xFF, 0x5D, 0x02, 0x23,
0x03, 0xE0, 0x00, 0x0F, 0x00, 0x28, 0x00, 0x00, 0x00, 0x07, 0x06, 0x23, 0x22, 0x27, 0x26, 0x35,
0x34, 0x37, 0x36, 0x33, 0x32, 0x17, 0x16, 0x15, 0x02, 0x27, 0x26, 0x23, 0x22, 0x07, 0x06, 0x15,
0x14, 0x17, 0x16, 0x17, 0x06, 0x0F, 0x01, 0x06, 0x07, 0x06, 0x17, 0x16, 0x17, 0x16, 0x37, 0x36,
0x35, 0x02, 0x23, 0x36, 0x37, 0x4D, 0x4C, 0x37, 0x36, 0x36, 0x37, 0x4C, 0x4D, 0x37, 0x36, 0x08,
0x37, 0x36, 0x4D, 0x4C, 0x37, 0x36, 0x27, 0x27, 0x3C, 0x0A, 0x0A, 0x02, 0x05, 0x1D, 0x30, 0x04,
0x04, 0x18, 0x66, 0x65, 0x66, 0x02, 0xDA, 0x37, 0x36, 0x36, 0x37, 0x4D, 0x4C, 0x37, 0x36, 0x36,
0x37, 0x4C, 0xFD, 0xE9, 0x36, 0x37, 0x37, 0x36, 0x4D, 0x3F, 0x33, 0x31, 0x10, 0x0B, 0x06, 0x01,
0x06, 0x0D, 0x15, 0x2C, 0x27, 0x08, 0x1E, 0x6E, 0x6E, 0x8A, 0x00, 0x00, 0x00, 0x01, 0x01, 0x2E,
0x00, 0xA8, 0x05, 0x78, 0x04, 0xAE, 0x00, 0x17, 0x00, 0x00, 0x00, 0x27, 0x26, 0x23, 0x22, 0x07,
0x01, 0x06, 0x15, 0x14, 0x17, 0x01, 0x16, 0x33, 0x32, 0x37, 0x36, 0x35, 0x34, 0x27, 0x09, 0x01,
0x36, 0x35, 0x05, 0x78, 0x25, 0x24, 0x34, 0x19, 0x18, 0xFC, 0xC4, 0x60, 0x60, 0x03, 0x3C, 0x17,
0x1A, 0x34, 0x24, 0x25, 0x4E, 0xFD, 0x63, 0x02, 0x9D, 0x4E, 0x04, 0x65, 0x24, 0x25, 0x0B, 0xFE,
0x9B, 0x2A, 0x6A, 0x68, 0x2A, 0xFE, 0x9B, 0x0B, 0x25, 0x25, 0x35, 0x54, 0x20, 0x01, 0x10, 0x01,
0x10, 0x20, 0x56, 0x00, 0x00, 0x02, 0x00, 0xFE, 0x01, 0x27, 0x05, 0x93, 0x03, 0xBD, 0x00, 0x11,
0x00, 0x23, 0x00, 0x00, 0x01, 0x22, 0x07, 0x06, 0x15, 0x14, 0x17, 0x16, 0x33, 0x21, 0x32, 0x37,
0x36, 0x35, 0x34, 0x27, 0x26, 0x23, 0x01, 0x22, 0x07, 0x06, 0x15, 0x14, 0x17, 0x16, 0x33, 0x21,
0x32, 0x37, 0x36, 0x35, 0x34, 0x27, 0x26, 0x23, 0x01, 0x77, 0x32, 0x24, 0x23, 0x23, 0x24, 0x32,
0x03, 0xA3, 0x33, 0x23, 0x23, 0x23, 0x24, 0x32, 0xFC, 0x5D, 0x32, 0x24, 0x23, 0x23, 0x24, 0x32,
0x03, 0xA3, 0x33, 0x23, 0x23, 0x23, 0x24, 0x32, 0x03, 0xBD, 0x24, 0x24, 0x33, 0x32, 0x24, 0x23,
0x24, 0x24, 0x33, 0x32, 0x23, 0x24, 0xFE, 0x5E, 0x24, 0x23, 0x34, 0x32, 0x23, 0x24, 0x24, 0x24,
0x33, 0x32, 0x24, 0x23, 0x00, 0x01, 0x01, 0x2E, 0x00, 0xA8, 0x05, 0x78, 0x04, 0xAE, 0x00, 0x17,
0x00, 0x00, 0x01, 0x14, 0x17, 0x09, 0x01, 0x06, 0x15, 0x14, 0x17, 0x16, 0x33, 0x32, 0x37, 0x01,
0x36, 0x35, 0x34, 0x27, 0x01, 0x26, 0x23, 0x22, 0x07, 0x06, 0x01, 0x2E, 0x4E, 0x02, 0x9D, 0xFD,
0x63, 0x4E, 0x25, 0x24, 0x33, 0x1A, 0x18, 0x03, 0x3C, 0x60, 0x60, 0xFC, 0xC4, 0x18, 0x1A, 0x33,
0x24, 0x25, 0x04, 0x31, 0x56, 0x20, 0xFE, 0xF0, 0xFE, 0xF0, 0x20, 0x54, 0x35, 0x25, 0x25, 0x0B,
0x01, 0x65, 0x2A, 0x68, 0x6A, 0x2A, 0x01, 0x65, 0x0B, 0x25, 0x24, 0x00, 0x00, 0x02, 0x00, 0x99,
0x00, 0x05, 0x03, 0xC9, 0x05, 0x84, 0x00, 0x0F, 0x00, 0x35, 0x00, 0x00, 0x00, 0x37, 0x36, 0x33,
0x32, 0x17, 0x16, 0x17, 0x14, 0x07, 0x06, 0x23, 0x22, 0x27, 0x26, 0x35, 0x13, 0x22, 0x27, 0x26,
0x37, 0x36, 0x37, 0x36, 0x35, 0x34, 0x27, 0x22, 0x07, 0x06, 0x27, 0x26, 0x2F, 0x01, 0x26, 0x37,
0x36, 0x37, 0x36, 0x33, 0x32, 0x17, 0x16, 0x15, 0x14, 0x07, 0x06, 0x07, 0x06, 0x07, 0x06, 0x07,
0x06, 0x23, 0x01, 0x48, 0x36, 0x36, 0x55, 0x57, 0x35, 0x35, 0x02, 0x35, 0x36, 0x58, 0x56, 0x36,
0x35, 0xC1, 0x41, 0x2A, 0x2A, 0x0C, 0x1A, 0x64, 0x7E, 0x9F, 0x4C, 0x5F, 0x2C, 0x27, 0x27, 0x0E,
0x01, 0x10, 0x18, 0x17, 0x31, 0x99, 0x95, 0xCC, 0x70, 0x66, 0x35, 0x34, 0x51, 0x6A, 0x0F, 0x06,
0x28, 0x27, 0x35, 0x01, 0x0E, 0x33, 0x33, 0x33, 0x32, 0x52, 0x50, 0x34, 0x34, 0x34, 0x34, 0x50,
0x01, 0x18, 0x33, 0x32, 0x41, 0x82, 0x47, 0x5A, 0x7A, 0x76, 0x03, 0x17, 0x0B, 0x16, 0x15, 0x2B,
0x02, 0x2F, 0x2C, 0x2C, 0x0D, 0x29, 0x5F, 0x56, 0x86, 0x71, 0x5F, 0x5C, 0x27, 0x33, 0x73, 0x35,
0x23, 0x23, 0x00, 0x00, 0x00, 0x02, 0x00, 0x7F, 0xFF, 0xF9, 0x05, 0xD8, 0x05, 0x73, 0x00, 0x19,
0x00, 0x71, 0x00, 0x00, 0x00, 0x07, 0x06, 0x23, 0x22, 0x27, 0x26, 0x35, 0x34, 0x37, 0x36, 0x37,
0x36, 0x33, 0x32, 0x17, 0x16, 0x17, 0x16, 0x15, 0x14, 0x07, 0x06, 0x07, 0x06, 0x07, 0x00, 0x07,
0x06, 0x23, 0x22, 0x27, 0x26, 0x27, 0x26, 0x35, 0x34, 0x37, 0x36, 0x37, 0x36, 0x33, 0x32, 0x17,
0x16, 0x15, 0x14, 0x07, 0x06, 0x23, 0x22, 0x27, 0x26, 0x35, 0x36, 0x13, 0x36, 0x27, 0x26, 0x27,
0x26, 0x07, 0x06, 0x07, 0x26, 0x23, 0x22, 0x07, 0x06, 0x15, 0x14, 0x17, 0x16, 0x33, 0x32, 0x37,
0x16, 0x17, 0x16, 0x33, 0x32, 0x37, 0x36, 0x35, 0x34, 0x27, 0x26, 0x27, 0x26, 0x23, 0x22, 0x07,
0x06, 0x07, 0x06, 0x15, 0x14, 0x17, 0x16, 0x17, 0x16, 0x33, 0x32, 0x37, 0x36, 0x37, 0x36, 0x37,
0x36, 0x27, 0x26, 0x27, 0x26, 0x07, 0x03, 0x53, 0x09, 0x20, 0x24, 0x2F, 0x1F, 0x1F, 0x18, 0x0E,
0x29, 0x38, 0x3B, 0x2B, 0x2A, 0x07, 0x0A, 0x0D, 0x19, 0x1A, 0x20, 0x08, 0x0E, 0x01, 0x61, 0x3A,
0x78, 0xA8, 0xAF, 0x87, 0x85, 0x4A, 0x4A, 0x43, 0x42, 0x83, 0x84, 0xBE, 0xDE, 0x7B, 0x7B, 0x2C,
0x52, 0x4B, 0x05, 0x04, 0x04, 0x03, 0x34, 0x06, 0x1C, 0x14, 0x1F, 0x1E, 0x1A, 0x10, 0x0A, 0x3F,
0x75, 0xB3, 0x72, 0x5D, 0x4F, 0x50, 0x77, 0x65, 0x50, 0x0D, 0x18, 0x32, 0x3B, 0x9B, 0xA1, 0x74,
0x4C, 0x4C, 0x90, 0x8F, 0xB8, 0xD7, 0xA8, 0xA9, 0x61, 0x61, 0x55, 0x56, 0xB0, 0xAE, 0xEF, 0xF7,
0xAD, 0x1B, 0x19, 0x1D, 0x05, 0x05, 0x16, 0x13, 0x20, 0x20, 0x18, 0x02, 0x0B, 0x04, 0x0E, 0x1D,
0x1E, 0x41, 0x33, 0x43, 0x25, 0x2A, 0x39, 0x21, 0x05, 0x07, 0x08, 0x18, 0x57, 0x49, 0x48, 0x15,
0x05, 0x0B, 0xFE, 0xC5, 0x17, 0x2E, 0x37, 0x38, 0x77, 0x78, 0x93, 0x98, 0x8D, 0x8B, 0x4D, 0x4D,
0x73, 0x72, 0xA9, 0x5F, 0x59, 0xA7, 0x04, 0x04, 0x0A, 0x29, 0x01, 0x71, 0x29, 0x20, 0x17, 0x06,
0x06, 0x0F, 0x08, 0x0E, 0x4E, 0xA1, 0x83, 0x9E, 0x83, 0x4F, 0x4F, 0x41, 0x1C, 0x10, 0x1F, 0xB1,
0x7F, 0xD3, 0x9D, 0x84, 0x85, 0x48, 0x47, 0x58, 0x59, 0xB1, 0xB0, 0xCD, 0xBA, 0x9F, 0x9F, 0x52,
0x51, 0x60, 0x0F, 0x12, 0x14, 0x23, 0x21, 0x1C, 0x18, 0x05, 0x05, 0x11, 0x00, 0x02, 0x00, 0x1B,
0xFF, 0xFD, 0x04, 0xFC, 0x05, 0x4E, 0x00, 0x06, 0x00, 0x26, 0x00, 0x00, 0x01, 0x12, 0x37, 0x33,
0x16, 0x1F, 0x01, 0x13, 0x26, 0x27, 0x26, 0x2B, 0x01, 0x22, 0x07, 0x06, 0x07, 0x01, 0x06, 0x17,
0x16, 0x3B, 0x01, 0x32, 0x37, 0x36, 0x3F, 0x01, 0x21, 0x17, 0x16, 0x17, 0x16, 0x3B, 0x01, 0x32,
0x37, 0x36, 0x27, 0x02, 0x09, 0x5B, 0x26, 0x06, 0x34, 0x50, 0x01, 0x6D, 0x1D, 0x46, 0x45, 0x56,
0x03, 0x57, 0x46, 0x46, 0x1C, 0xFE, 0xB4, 0x1B, 0x30, 0x30, 0x53, 0x11, 0x35, 0x2B, 0x2B, 0x0F,
0x3D, 0x01, 0xB4, 0x41, 0x10, 0x2A, 0x2B, 0x34, 0x04, 0x53, 0x31, 0x30, 0x1D, 0x02, 0x41, 0x01,
0x2C, 0xB6, 0xE5, 0xFB, 0x02, 0x02, 0x5B, 0x50, 0x31, 0x31, 0x33, 0x32, 0x51, 0xFC, 0x3B, 0x4F,
0x43, 0x44, 0x20, 0x1F, 0x33, 0xC6, 0xC8, 0x32, 0x1F, 0x1F, 0x45, 0x45, 0x4E, 0x00, 0x00, 0x00,
0x00, 0x03, 0x00, 0x46, 0xFF, 0xF6, 0x04, 0x81, 0x05, 0x49, 0x00, 0x13, 0x00, 0x23, 0x00, 0x42,
0x00, 0x00, 0x24, 0x27, 0x22, 0x27, 0x26, 0x35, 0x11, 0x34, 0x37, 0x36, 0x3B, 0x01, 0x32, 0x17,
0x16, 0x15, 0x14, 0x07, 0x06, 0x23, 0x03, 0x34, 0x37, 0x36, 0x33, 0x32, 0x15, 0x14, 0x07, 0x06,
0x2B, 0x01, 0x22, 0x27, 0x26, 0x35, 0x04, 0x27, 0x26, 0x37, 0x36, 0x35, 0x34, 0x27, 0x26, 0x21,
0x22, 0x27, 0x26, 0x27, 0x26, 0x07, 0x06, 0x15, 0x11, 0x14, 0x17, 0x16, 0x37, 0x36, 0x33, 0x20,
0x37, 0x36, 0x35, 0x34, 0x27, 0x01, 0xD0, 0x18, 0x12, 0x0C, 0x0D, 0x0D, 0x0E, 0x12, 0x44, 0x84,
0x4E, 0x56, 0x54, 0x4B, 0x7A, 0x80, 0x27, 0x27, 0x35, 0xDA, 0x3F, 0x41, 0x78, 0x3B, 0x11, 0x0D,
0x0C, 0x01, 0xFC, 0x01, 0x01, 0x0D, 0xBB, 0xAD, 0x8E, 0xFE, 0xDD, 0x38, 0x5C, 0x69, 0x1F, 0x3B,
0x2A, 0x2A, 0x2C, 0x2D, 0x3C, 0x89, 0x47, 0x01, 0x98, 0xA6, 0x98, 0xEB, 0xEA, 0x01, 0x0C, 0x0C,
0x10, 0x01, 0x07, 0x11, 0x0C, 0x0C, 0x28, 0x2C, 0x55, 0x5A, 0x2E, 0x28, 0x03, 0x38, 0x25, 0x03,
0x03, 0x8C, 0x44, 0x28, 0x29, 0x0C, 0x0C, 0x11, 0x87, 0x0E, 0x0E, 0x06, 0x58, 0xAB, 0xB1, 0x53,
0x4B, 0x03, 0x02, 0x01, 0x01, 0x29, 0x28, 0x3A, 0xFB, 0xC5, 0x3C, 0x28, 0x29, 0x03, 0x07, 0x78,
0x6F, 0xAB, 0xDE, 0x59, 0x00, 0x01, 0x00, 0x48, 0xFF, 0xD5, 0x04, 0x89, 0x05, 0x4E, 0x00, 0x33,
0x00, 0x00, 0x25, 0x26, 0x07, 0x06, 0x23, 0x22, 0x27, 0x26, 0x35, 0x34, 0x37, 0x36, 0x33, 0x32,
0x17, 0x16, 0x3F, 0x01, 0x36, 0x37, 0x36, 0x27, 0x26, 0x27, 0x26, 0x23, 0x22, 0x07, 0x04, 0x07,
0x06, 0x11, 0x10, 0x17, 0x16, 0x05, 0x16, 0x3B, 0x01, 0x32, 0x33, 0x32, 0x3B, 0x01, 0x32, 0x37,
0x36, 0x37, 0x36, 0x37, 0x36, 0x27, 0x04, 0x2A, 0x2D, 0x2F, 0x4A, 0x50, 0xAB, 0x79, 0x79, 0x79,
0x79, 0xAB, 0x51, 0x4B, 0x2C, 0x2C, 0x04, 0x55, 0x01, 0x01, 0x55, 0x60, 0x6A, 0x20, 0x10, 0x10,
0x21, 0xFE, 0xCC, 0xBE, 0xC9, 0xB0, 0xBB, 0x01, 0x50, 0x15, 0x0B, 0x09, 0x05, 0x03, 0x03, 0x05,
0x08, 0x0B, 0x15, 0x6A, 0x5C, 0x5C, 0x01, 0x02, 0x5B, 0xE8, 0x0E, 0x15, 0x22, 0x89, 0x88, 0xC1,
0xC1, 0x89, 0x89, 0x23, 0x14, 0x0D, 0x01, 0x1A, 0x5A, 0x5A, 0x1A, 0x1E, 0x0A, 0x03, 0x03, 0x1C,
0xB7, 0xC2, 0xFE, 0xC9, 0xFE, 0xE0, 0xB6, 0xC1, 0x11, 0x02, 0x02, 0x05, 0x18, 0x18, 0x60, 0x60,
0x1B, 0x00, 0x00, 0x00, 0x00, 0x02, 0x00, 0x57, 0xFF, 0xE9, 0x05, 0x45, 0x05, 0x4D, 0x00, 0x12,
0x00, 0x27, 0x00, 0x00, 0x25, 0x22, 0x27, 0x26, 0x35, 0x11, 0x34, 0x37, 0x36, 0x3B, 0x01, 0x32,
0x17, 0x16, 0x15, 0x14, 0x07, 0x06, 0x23, 0x02, 0x07, 0x06, 0x07, 0x06, 0x15, 0x11, 0x14, 0x17,
0x16, 0x17, 0x04, 0x33, 0x20, 0x37, 0x36, 0x11, 0x10, 0x27, 0x26, 0x21, 0x02, 0x0B, 0x2C, 0x20,
0x1F, 0x1F, 0x20, 0x2C, 0x01, 0xD1, 0x94, 0x94, 0x94, 0x94, 0xD1, 0x65, 0xED, 0x2A, 0x1C, 0x1D,
0x1D, 0x1E, 0x2B, 0x01, 0x11, 0x45, 0x01, 0x88, 0xDC, 0xCE, 0xF9, 0xEB, 0xFE, 0x8F, 0xCB, 0x1F,
0x1F, 0x2C, 0x02, 0xCC, 0x2C, 0x1F, 0x1F, 0x88, 0x88, 0xC0, 0xC0, 0x88, 0x88, 0x04, 0x82, 0x10,
0x03, 0x1F, 0x1E, 0x29, 0xFB, 0x8B, 0x2B, 0x1E, 0x1E, 0x02, 0x0D, 0xC0, 0xB6, 0x01, 0x29, 0x01,
0x4C, 0xC2, 0xB7, 0x00, 0x00, 0x01, 0x00, 0x39, 0xFF, 0xF9, 0x03, 0xC5, 0x05, 0x49, 0x00, 0x2B,
0x00, 0x00, 0x25, 0x11, 0x21, 0x32, 0x37, 0x36, 0x3D, 0x01, 0x34, 0x27, 0x26, 0x23, 0x21, 0x35,
0x21, 0x32, 0x37, 0x36, 0x3F, 0x01, 0x36, 0x27, 0x26, 0x23, 0x21, 0x22, 0x07, 0x06, 0x15, 0x11,
0x14, 0x17, 0x16, 0x33, 0x21, 0x32, 0x37, 0x36, 0x3D, 0x01, 0x34, 0x27, 0x26, 0x23, 0x01, 0x82,
0x01, 0x8F, 0x33, 0x24, 0x25, 0x25, 0x24, 0x33, 0xFE, 0x71, 0x01, 0xA7, 0x2C, 0x22, 0x22, 0x09,
0x01, 0x0D, 0x25, 0x25, 0x3C, 0xFD, 0xD3, 0x51, 0x3A, 0x39, 0x39, 0x3A, 0x51, 0x02, 0x4C, 0x33,
0x24, 0x25, 0x25, 0x24, 0x33, 0xF5, 0x01, 0x97, 0x24, 0x25, 0x33, 0x03, 0x33, 0x24, 0x24, 0xC7,
0x1B, 0x1B, 0x2B, 0x04, 0x3A, 0x2F, 0x2E, 0x39, 0x3A, 0x51, 0xFC, 0x38, 0x51, 0x3A, 0x39, 0x24,
0x24, 0x34, 0x04, 0x34, 0x24, 0x24, 0x00, 0x00, 0x00, 0x01, 0x00, 0x53, 0xFF, 0xF9, 0x03, 0xCA,
0x05, 0x49, 0x00, 0x25, 0x00, 0x00, 0x01, 0x21, 0x32, 0x37, 0x36, 0x3D, 0x01, 0x34, 0x27, 0x26,
0x23, 0x21, 0x35, 0x21, 0x32, 0x37, 0x36, 0x3F, 0x01, 0x36, 0x27, 0x26, 0x23, 0x21, 0x22, 0x07,
0x06, 0x15, 0x11, 0x14, 0x17, 0x16, 0x3B, 0x01, 0x32, 0x37, 0x36, 0x35, 0x01, 0x9C, 0x01, 0xAB,
0x33, 0x24, 0x25, 0x25, 0x24, 0x33, 0xFE, 0x55, 0x01, 0xA7, 0x2C, 0x22, 0x22, 0x09, 0x01, 0x0D,
0x25, 0x25, 0x3C, 0xFD, 0xDB, 0x54, 0x3C, 0x3C, 0x30, 0x2F, 0x44, 0x03, 0x44, 0x2F, 0x30, 0x02,
0x8C, 0x24, 0x24, 0x34, 0x02, 0x33, 0x25, 0x24, 0xC6, 0x1C, 0x1B, 0x2A, 0x05, 0x3A, 0x2E, 0x2F,
0x3C, 0x3C, 0x55, 0xFC, 0x20, 0x44, 0x30, 0x2F, 0x2F, 0x30, 0x44, 0x00, 0x00, 0x01, 0x00, 0x3E,
0xFF, 0xD8, 0x05, 0x2A, 0x05, 0x53, 0x00, 0x3A, 0x00, 0x00, 0x01, 0x22, 0x07, 0x06, 0x17, 0x15,
0x16, 0x3B, 0x01, 0x32, 0x17, 0x16, 0x1D, 0x01, 0x14, 0x07, 0x06, 0x23, 0x22, 0x23, 0x22, 0x27,
0x26, 0x27, 0x26, 0x37, 0x36, 0x3B, 0x01, 0x32, 0x3F, 0x01, 0x36, 0x27, 0x26, 0x27, 0x26, 0x23,
0x20, 0x07, 0x06, 0x11, 0x10, 0x17, 0x16, 0x21, 0x32, 0x37, 0x36, 0x37, 0x36, 0x37, 0x36, 0x35,
0x11, 0x34, 0x27, 0x26, 0x23, 0x03, 0x72, 0x3C, 0x25, 0x25, 0x10, 0x0F, 0x38, 0x5C, 0x20, 0x16,
0x17, 0x22, 0x21, 0x30, 0x1A, 0x13, 0xB3, 0x8F, 0x8F, 0x0F, 0x13, 0x8D, 0x8C, 0xCF, 0xA5, 0x64,
0x23, 0x01, 0x11, 0x1A, 0x1A, 0x30, 0x6A, 0x56, 0xFE, 0xA7, 0xDB, 0xE9, 0xC1, 0xCD, 0x01, 0x6E,
0x85, 0x75, 0x25, 0x25, 0x4B, 0x30, 0x31, 0x27, 0x27, 0x37, 0x02, 0xEE, 0x30, 0x30, 0x3A, 0x02,
0x37, 0x16, 0x16, 0x20, 0x9E, 0x2F, 0x22, 0x22, 0x7E, 0x7F, 0xB0, 0xD0, 0x99, 0x98, 0x5A, 0x03,
0x2D, 0x29, 0x29, 0x03, 0x08, 0xBB, 0xC5, 0xFE, 0xAF, 0xFE, 0xD2, 0xB8, 0xC4, 0x17, 0x06, 0x07,
0x0F, 0x3B, 0x3B, 0x4D, 0x01, 0x9B, 0x37, 0x27, 0x27, 0x00, 0x00, 0x00, 0x00, 0x01, 0x00, 0x46,
0x00, 0x00, 0x04, 0xA4, 0x05, 0x50, 0x00, 0x2B, 0x00, 0x00, 0x01, 0x21, 0x35, 0x34, 0x37, 0x36,
0x3B, 0x01, 0x32, 0x17, 0x16, 0x15, 0x11, 0x14, 0x07, 0x06, 0x2B, 0x01, 0x22, 0x27, 0x26, 0x35,
0x11, 0x21, 0x11, 0x14, 0x07, 0x06, 0x2B, 0x01, 0x22, 0x27, 0x26, 0x35, 0x11, 0x34, 0x37, 0x36,
0x3B, 0x01, 0x32, 0x17, 0x16, 0x15, 0x01, 0x8F, 0x01, 0xCC, 0x2F, 0x30, 0x44, 0x03, 0x43, 0x30,
0x30, 0x30, 0x30, 0x43, 0x03, 0x44, 0x30, 0x2F, 0xFE, 0x34, 0x30, 0x2F, 0x44, 0x03, 0x44, 0x2F,
0x30, 0x30, 0x2F, 0x44, 0x03, 0x44, 0x2F, 0x30, 0x03, 0xB6, 0xF7, 0x44, 0x2F, 0x30, 0x30, 0x2F,
0x44, 0xFB, 0xF6, 0x44, 0x2F, 0x30, 0x30, 0x2F, 0x44, 0x02, 0x06, 0xFD, 0xFA, 0x44, 0x2F, 0x30,
0x30, 0x2F, 0x44, 0x04, 0x0A, 0x44, 0x2F, 0x30, 0x30, 0x2F, 0x44, 0x00, 0x00, 0x01, 0x00, 0x45,
0x00, 0x00, 0x01, 0x8E, 0x05, 0x50, 0x00, 0x13, 0x00, 0x00, 0x25, 0x14, 0x07, 0x06, 0x2B, 0x01,
0x22, 0x27, 0x26, 0x35, 0x11, 0x34, 0x37, 0x36, 0x3B, 0x01, 0x32, 0x17, 0x16, 0x15, 0x01, 0x8E,
0x30, 0x2F, 0x44, 0x03, 0x44, 0x2F, 0x30, 0x30, 0x2F, 0x44, 0x03, 0x44, 0x2F, 0x30, 0xA3, 0x44,
0x2F, 0x30, 0x30, 0x2F, 0x44, 0x04, 0x0A, 0x44, 0x2F, 0x30, 0x30, 0x2F, 0x44, 0x00, 0x00, 0x00,
0x00, 0x01, 0x00, 0x2F, 0xFF, 0xD1, 0x02, 0x89, 0x05, 0x4C, 0x00, 0x21, 0x00, 0x00, 0x01, 0x22,
0x07, 0x06, 0x17, 0x15, 0x16, 0x17, 0x16, 0x3B, 0x01, 0x11, 0x14, 0x07, 0x06, 0x07, 0x22, 0x07,
0x06, 0x1D, 0x01, 0x14, 0x17, 0x16, 0x17, 0x16, 0x37, 0x36, 0x37, 0x11, 0x34, 0x27, 0x26, 0x23,
0x01, 0x11, 0x36, 0x21, 0x22, 0x0E, 0x09, 0x1E, 0x1F, 0x26, 0x41, 0x5E, 0x28, 0x2B, 0x30, 0x21,
0x22, 0x47, 0x1E, 0x14, 0xE6, 0x85, 0x75, 0x01, 0x2C, 0x2D, 0x3E, 0x05, 0x4C, 0x2B, 0x2B, 0x34,
0x03, 0x25, 0x17, 0x18, 0xFD, 0x76, 0xA9, 0x2E, 0x13, 0x01, 0x23, 0x22, 0x31, 0x02, 0x4D, 0x20,
0x0D, 0x04, 0x2F, 0xA9, 0x92, 0xEA, 0x02, 0xBE, 0x3F, 0x2C, 0x2D, 0x00, 0x00, 0x01, 0x00, 0x5C,
0xFF, 0xF9, 0x04, 0x7B, 0x05, 0x49, 0x00, 0x31, 0x00, 0x00, 0x05, 0x32, 0x37, 0x36, 0x27, 0x01,
0x26, 0x3F, 0x01, 0x36, 0x27, 0x26, 0x2B, 0x01, 0x22, 0x07, 0x01, 0x06, 0x27, 0x26, 0x3D, 0x01,
0x34, 0x27, 0x26, 0x2B, 0x01, 0x22, 0x07, 0x06, 0x15, 0x11, 0x14, 0x17, 0x16, 0x3B, 0x01, 0x32,
0x37, 0x36, 0x35, 0x11, 0x37, 0x36, 0x17, 0x16, 0x17, 0x01, 0x16, 0x33, 0x03, 0xDC, 0x52, 0x26,
0x27, 0x2C, 0xFE, 0xCF, 0x48, 0x48, 0x9D, 0x2D, 0x27, 0x26, 0x51, 0x04, 0x49, 0x28, 0xFE, 0xFD,
0x0B, 0x11, 0x11, 0x30, 0x2F, 0x44, 0x03, 0x44, 0x2F, 0x30, 0x30, 0x2F, 0x44, 0x03, 0x44, 0x2F,
0x30, 0x01, 0x1F, 0x2F, 0x2F, 0x1B, 0x01, 0x29, 0x28, 0x4A, 0x07, 0x47, 0x48, 0x44, 0x01, 0xD5,
0x6E, 0x6E, 0xEE, 0x44, 0x48, 0x47, 0x3D, 0xFE, 0xA7, 0x0E, 0x05, 0x06, 0x12, 0xEF, 0x44, 0x2F,
0x30, 0x30, 0x2F, 0x44, 0xFB, 0xF6, 0x44, 0x2F, 0x30, 0x30, 0x2F, 0x44, 0x01, 0x4C, 0x01, 0x24,
0x02, 0x02, 0x27, 0xFE, 0x55, 0x3E, 0x00, 0x00, 0x00, 0x01, 0x00, 0x3A, 0x00, 0x00, 0x03, 0xC7,
0x05, 0x50, 0x00, 0x19, 0x00, 0x00, 0x13, 0x32, 0x17, 0x16, 0x15, 0x11, 0x21, 0x32, 0x17, 0x16,
0x1D, 0x01, 0x14, 0x07, 0x06, 0x23, 0x21, 0x22, 0x27, 0x26, 0x35, 0x11, 0x34, 0x37, 0x36, 0x33,
0xE0, 0x44, 0x2F, 0x30, 0x01, 0xC5, 0x35, 0x25, 0x25, 0x25, 0x25, 0x35, 0xFD, 0x8A, 0x3F, 0x2D,
0x2C, 0x30, 0x2F, 0x44, 0x05, 0x50, 0x30, 0x2F, 0x44, 0xFC, 0x55, 0x25, 0x26, 0x35, 0x02, 0x35,
0x26, 0x25, 0x2C, 0x2D, 0x3F, 0x04, 0x15, 0x44, 0x2F, 0x30, 0x00, 0x00, 0x00, 0x01, 0x00, 0x5C,
0x00, 0x00, 0x06, 0x43, 0x05, 0x50, 0x00, 0x34, 0x00, 0x00, 0x01, 0x13, 0x16, 0x17, 0x16, 0x3B,
0x01, 0x32, 0x37, 0x36, 0x37, 0x13, 0x11, 0x14, 0x17, 0x16, 0x3B, 0x01, 0x32, 0x37, 0x36, 0x35,
0x11, 0x34, 0x27, 0x26, 0x2B, 0x01, 0x22, 0x07, 0x06, 0x07, 0x0B, 0x01, 0x26, 0x27, 0x26, 0x2B,
0x01, 0x22, 0x07, 0x06, 0x15, 0x11, 0x14, 0x17, 0x16, 0x3B, 0x01, 0x32, 0x37, 0x36, 0x35, 0x01,
0x81, 0xEE, 0x15, 0x3E, 0x3E, 0x4D, 0x04, 0x4D, 0x3E, 0x3E, 0x15, 0xEF, 0x2A, 0x2B, 0x3C, 0x03,
0x3C, 0x2A, 0x2B, 0x4E, 0x4E, 0x6F, 0x05, 0x5A, 0x47, 0x47, 0x19, 0xE1, 0xE5, 0x18, 0x48, 0x47,
0x59, 0x05, 0x6F, 0x4E, 0x4E, 0x2B, 0x2A, 0x3C, 0x03, 0x3C, 0x2B, 0x2A, 0x03, 0xE5, 0xFC, 0xC3,
0x4B, 0x2E, 0x2F, 0x2F, 0x2E, 0x4B, 0x03, 0x3D, 0xFC, 0xAC, 0x3C, 0x2A, 0x2B, 0x2B, 0x2A, 0x3C,
0x03, 0xB4, 0x6F, 0x4E, 0x4E, 0x36, 0x36, 0x56, 0xFC, 0xE9, 0x03, 0x18, 0x56, 0x35, 0x36, 0x4E,
0x4E, 0x6F, 0xFC, 0x4C, 0x3C, 0x2A, 0x2B, 0x2B, 0x2A, 0x3C, 0x00, 0x00, 0x00, 0x01, 0x00, 0x60,
0xFF, 0xF9, 0x05, 0x69, 0x05, 0x49, 0x00, 0x25, 0x00, 0x00, 0x09, 0x01, 0x16, 0x3B, 0x01, 0x32,
0x37, 0x36, 0x35, 0x11, 0x34, 0x27, 0x26, 0x2B, 0x01, 0x22, 0x07, 0x06, 0x15, 0x11, 0x01, 0x26,
0x2B, 0x01, 0x22, 0x07, 0x06, 0x15, 0x11, 0x14, 0x17, 0x16, 0x3B, 0x01, 0x32, 0x37, 0x36, 0x35,
0x01, 0xA5, 0x01, 0xE7, 0x4B, 0x8E, 0x05, 0x69, 0x4B, 0x4B, 0x2F, 0x2F, 0x43, 0x03, 0x42, 0x30,
0x2F, 0xFD, 0xC0, 0x30, 0x55, 0x5E, 0x43, 0x2F, 0x2F, 0x2F, 0x2F, 0x43, 0x03, 0x43, 0x2F, 0x2F,
0x03, 0x8B, 0xFC, 0xE8, 0x7A, 0x4B, 0x4B, 0x6A, 0x03, 0xAF, 0x43, 0x2F, 0x2F, 0x2F, 0x2F, 0x43,
0xFD, 0x15, 0x03, 0x46, 0x46, 0x2F, 0x2F, 0x43, 0xFB, 0xF2, 0x43, 0x2F, 0x2F, 0x2F, 0x2F, 0x43,
0x00, 0x02, 0x00, 0x36, 0xFF, 0xD9, 0x05, 0xE7, 0x05, 0x6F, 0x00, 0x0F, 0x00, 0x2C, 0x00, 0x00,
0x24, 0x27, 0x26, 0x35, 0x34, 0x37, 0x36, 0x33, 0x32, 0x17, 0x16, 0x15, 0x14, 0x07, 0x06, 0x23,
0x12, 0x23, 0x22, 0x07, 0x04, 0x07, 0x06, 0x11, 0x10, 0x17, 0x16, 0x05, 0x16, 0x33, 0x32, 0x3B,
0x01, 0x32, 0x33, 0x32, 0x37, 0x24, 0x37, 0x36, 0x11, 0x10, 0x27, 0x26, 0x25, 0x02, 0x6F, 0x70,
0x71, 0x71, 0x70, 0xA0, 0x9F, 0x71, 0x70, 0x70, 0x71, 0x9F, 0x0F, 0x0F, 0x10, 0x1F, 0xFE, 0xD3,
0xB9, 0xC4, 0xAC, 0xB6, 0x01, 0x48, 0x14, 0x0A, 0x03, 0x05, 0x11, 0x05, 0x03, 0x0A, 0x15, 0x01,
0x47, 0xB6, 0xAC, 0xC4, 0xB9, 0xFE, 0xD4, 0xE4, 0x83, 0x83, 0xBA, 0xBA, 0x83, 0x83, 0x83, 0x83,
0xBA, 0xBA, 0x83, 0x83, 0x04, 0x8B, 0x04, 0x1C, 0xBB, 0xC5, 0xFE, 0xC2, 0xFE, 0xDB, 0xBA, 0xC5,
0x12, 0x02, 0x02, 0x12, 0xC5, 0xBA, 0x01, 0x25, 0x01, 0x3E, 0xC5, 0xBB, 0x1C, 0x00, 0x00, 0x00,
0x00, 0x02, 0x00, 0x65, 0xFF, 0xF6, 0x04, 0x3E, 0x05, 0x50, 0x00, 0x0A, 0x00, 0x26, 0x00, 0x00,
0x01, 0x33, 0x32, 0x17, 0x16, 0x15, 0x14, 0x07, 0x06, 0x2B, 0x01, 0x17, 0x36, 0x37, 0x36, 0x35,
0x34, 0x27, 0x26, 0x2F, 0x01, 0x26, 0x23, 0x21, 0x22, 0x07, 0x06, 0x15, 0x11, 0x14, 0x17, 0x16,
0x3B, 0x01, 0x32, 0x37, 0x36, 0x35, 0x11, 0x01, 0xA8, 0x9E, 0x52, 0x39, 0x3A, 0x3A, 0x39, 0x52,
0x9E, 0xFE, 0xD5, 0x6F, 0x54, 0x6C, 0x6B, 0xA0, 0x09, 0x21, 0x1B, 0xFE, 0x85, 0x43, 0x30, 0x2F,
0x2F, 0x2E, 0x43, 0x03, 0x42, 0x2F, 0x2E, 0x04, 0x6F, 0x3D, 0x3D, 0x57, 0x56, 0x3D, 0x3D, 0xF3,
0x02, 0xAF, 0x83, 0x86, 0xA5, 0x7C, 0x7B, 0x19, 0x02, 0x04, 0x2F, 0x2F, 0x43, 0xFB, 0xE7, 0x43,
0x2E, 0x2F, 0x2F, 0x2E, 0x43, 0x01, 0x43, 0x00, 0x00, 0x02, 0x00, 0x36, 0xFE, 0xA8, 0x05, 0xE7,
0x05, 0x6F, 0x00, 0x0F, 0x00, 0x35, 0x00, 0x00, 0x24, 0x27, 0x26, 0x35, 0x34, 0x37, 0x36, 0x33,
0x32, 0x17, 0x16, 0x15, 0x14, 0x07, 0x06, 0x23, 0x13, 0x16, 0x17, 0x16, 0x3F, 0x01, 0x36, 0x37,
0x36, 0x2F, 0x01, 0x36, 0x37, 0x36, 0x11, 0x10, 0x27, 0x26, 0x25, 0x26, 0x23, 0x22, 0x07, 0x04,
0x07, 0x06, 0x11, 0x10, 0x17, 0x16, 0x05, 0x16, 0x3B, 0x01, 0x32, 0x37, 0x36, 0x37, 0x02, 0x6F,
0x70, 0x71, 0x71, 0x70, 0xA0, 0x9F, 0x71, 0x70, 0x70, 0x71, 0x9F, 0xFA, 0x25, 0x42, 0x42, 0x39,
0x02, 0x39, 0x0E, 0x0D, 0x25, 0x63, 0x48, 0x3A, 0xAC, 0xC4, 0xB9, 0xFE, 0xD4, 0x20, 0x0F, 0x10,
0x1F, 0xFE, 0xD3, 0xB9, 0xC4, 0xAC, 0xB6, 0x01, 0x48, 0x14, 0x0A, 0x21, 0x0A, 0x15, 0x1C, 0x1A,
0xE4, 0x83, 0x83, 0xBA, 0xBA, 0x83, 0x83, 0x83, 0x83, 0xBA, 0xBA, 0x83, 0x83, 0xFE, 0x18, 0x38,
0x0E, 0x0E, 0x25, 0x02, 0x25, 0x42, 0x42, 0x38, 0x97, 0x2D, 0x3E, 0xBA, 0x01, 0x25, 0x01, 0x3E,
0xC5, 0xBB, 0x1C, 0x04, 0x04, 0x1C, 0xBB, 0xC5, 0xFE, 0xC2, 0xFE, 0xDB, 0xBA, 0xC5, 0x12, 0x02,
0x02, 0x02, 0x02, 0x00, 0x00, 0x02, 0x00, 0x41, 0xFF, 0xEF, 0x04, 0x61, 0x05, 0x54, 0x00, 0x0A,
0x00, 0x31, 0x00, 0x00, 0x01, 0x33, 0x32, 0x17, 0x16, 0x15, 0x14, 0x07, 0x06, 0x2B, 0x01, 0x05,
0x36, 0x37, 0x36, 0x35, 0x34, 0x27, 0x26, 0x2F, 0x01, 0x26, 0x23, 0x21, 0x22, 0x07, 0x06, 0x15,
0x11, 0x14, 0x17, 0x16, 0x3B, 0x01, 0x32, 0x37, 0x36, 0x35, 0x11, 0x37, 0x13, 0x16, 0x17, 0x16,
0x3F, 0x01, 0x36, 0x37, 0x36, 0x27, 0x01, 0x84, 0x9E, 0x52, 0x39, 0x3A, 0x3A, 0x39, 0x52, 0x9E,
0x01, 0xF5, 0x2F, 0x1E, 0x54, 0x6C, 0x6B, 0xA0, 0x09, 0x21, 0x1B, 0xFE, 0x85, 0x43, 0x30, 0x2F,
0x2F, 0x2E, 0x43, 0x03, 0x42, 0x2F, 0x2E, 0xBD, 0xF0, 0x21, 0x3F, 0x3E, 0x38, 0x03, 0x38, 0x10,
0x10, 0x21, 0x04, 0x73, 0x3E, 0x3D, 0x56, 0x56, 0x3D, 0x3D, 0x99, 0x27, 0x30, 0x83, 0x85, 0xA5,
0x7D, 0x7B, 0x19, 0x01, 0x05, 0x2F, 0x30, 0x43, 0xFB, 0xE7, 0x42, 0x2E, 0x2F, 0x2F, 0x2E, 0x42,
0x01, 0x44, 0x01, 0xFE, 0x69, 0x38, 0x10, 0x10, 0x20, 0x02, 0x21, 0x3E, 0x3F, 0x38, 0x00, 0x00,
0x00, 0x01, 0x00, 0x34, 0xFF, 0xDB, 0x03, 0xD7, 0x05, 0x62, 0x00, 0x37, 0x00, 0x00, 0x00, 0x27,
0x26, 0x35, 0x34, 0x37, 0x36, 0x33, 0x32, 0x17, 0x16, 0x37, 0x36, 0x3F, 0x01, 0x36, 0x27, 0x26,
0x27, 0x26, 0x23, 0x22, 0x07, 0x06, 0x15, 0x10, 0x05, 0x16, 0x17, 0x16, 0x15, 0x14, 0x07, 0x06,
0x23, 0x22, 0x27, 0x26, 0x07, 0x06, 0x0F, 0x01, 0x06, 0x17, 0x16, 0x17, 0x16, 0x33, 0x20, 0x37,
0x36, 0x35, 0x34, 0x27, 0x26, 0x27, 0x01, 0xE6, 0x30, 0x3B, 0x2E, 0x34, 0x5D, 0x47, 0x5E, 0x33,
0x2F, 0x2E, 0x0F, 0x01, 0x0E, 0x1C, 0x1B, 0x36, 0x8E, 0x54, 0xEA, 0x90, 0x90, 0x01, 0x7C, 0x7C,
0x32, 0x32, 0x38, 0x37, 0x62, 0x4F, 0x85, 0x37, 0x32, 0x32, 0x0E, 0x01, 0x0D, 0x1B, 0x1B, 0x34,
0xA5, 0x6A, 0x01, 0x1B, 0x93, 0x7C, 0x56, 0x56, 0xB8, 0x03, 0x59, 0x21, 0x28, 0x3B, 0x33, 0x23,
0x27, 0x1A, 0x0E, 0x1A, 0x1B, 0x33, 0x03, 0x35, 0x30, 0x2F, 0x0D, 0x24, 0x73, 0x72, 0xBA, 0xFE,
0xEE, 0x88, 0x2B, 0x29, 0x29, 0x3A, 0x42, 0x25, 0x26, 0x29, 0x11, 0x1C, 0x1C, 0x38, 0x03, 0x34,
0x2F, 0x2F, 0x0F, 0x30, 0x89, 0x73, 0xB1, 0x92, 0x63, 0x63, 0x44, 0x00, 0x00, 0x01, 0x00, 0x1E,
0xFF, 0xF9, 0x04, 0x59, 0x05, 0x49, 0x00, 0x1F, 0x00, 0x00, 0x13, 0x16, 0x17, 0x16, 0x3B, 0x01,
0x11, 0x14, 0x17, 0x16, 0x3B, 0x01, 0x32, 0x37, 0x36, 0x35, 0x11, 0x33, 0x32, 0x37, 0x36, 0x37,
0x35, 0x36, 0x27, 0x26, 0x23, 0x21, 0x22, 0x07, 0x06, 0x17, 0x2C, 0x09, 0x1E, 0x1E, 0x26, 0xFC,
0x31, 0x31, 0x45, 0x03, 0x45, 0x31, 0x30, 0xFC, 0x26, 0x1E, 0x1F, 0x09, 0x0E, 0x22, 0x21, 0x36,
0xFC, 0xB7, 0x36, 0x22, 0x21, 0x0D, 0x04, 0xBD, 0x25, 0x18, 0x17, 0xFC, 0x36, 0x45, 0x31, 0x30,
0x30, 0x31, 0x45, 0x03, 0xCA, 0x17, 0x18, 0x25, 0x02, 0x34, 0x2B, 0x2B, 0x2B, 0x2B, 0x34, 0x00,
0x00, 0x01, 0x00, 0x3A, 0xFF, 0xF9, 0x04, 0xE1, 0x05, 0x60, 0x00, 0x27, 0x00, 0x00, 0x01, 0x14,
0x07, 0x06, 0x2B, 0x01, 0x22, 0x27, 0x26, 0x35, 0x11, 0x34, 0x27, 0x26, 0x2B, 0x01, 0x22, 0x07,
0x06, 0x15, 0x11, 0x14, 0x17, 0x16, 0x3B, 0x01, 0x32, 0x37, 0x36, 0x35, 0x11, 0x34, 0x27, 0x26,
0x2B, 0x01, 0x22, 0x07, 0x06, 0x15, 0x03, 0x9A, 0x4D, 0x4D, 0x6D, 0x06, 0x6F, 0x4E, 0x4F, 0x2F,
0x30, 0x43, 0x03, 0x43, 0x30, 0x2F, 0xAF, 0xAF, 0xF7, 0x0C, 0xF1, 0xAB, 0xAA, 0x2F, 0x30, 0x43,
0x03, 0x43, 0x30, 0x2F, 0x02, 0x1C, 0x6C, 0x4D, 0x4D, 0x4E, 0x4F, 0x6F, 0x02, 0x9C, 0x43, 0x2F,
0x30, 0x30, 0x2F, 0x43, 0xFD, 0x91, 0xF8, 0xAF, 0xAF, 0xAB, 0xAA, 0xF1, 0x02, 0x7F, 0x43, 0x2F,
0x30, 0x30, 0x2F, 0x43, 0x00, 0x01, 0x00, 0x23, 0xFF, 0xFE, 0x05, 0x04, 0x05, 0x4E, 0x00, 0x23,
0x00, 0x00, 0x13, 0x26, 0x37, 0x36, 0x3B, 0x01, 0x32, 0x17, 0x16, 0x17, 0x13, 0x12, 0x17, 0x33,
0x36, 0x37, 0x13, 0x36, 0x37, 0x36, 0x3B, 0x01, 0x32, 0x17, 0x16, 0x07, 0x01, 0x06, 0x07, 0x06,
0x2B, 0x01, 0x22, 0x27, 0x26, 0x27, 0x3E, 0x1B, 0x30, 0x30, 0x53, 0x11, 0x35, 0x2B, 0x2B, 0x0F,
0x8F, 0x5C, 0x26, 0x06, 0x34, 0x50, 0x97, 0x10, 0x2A, 0x2B, 0x34, 0x04, 0x53, 0x31, 0x30, 0x1D,
0xFE, 0xA3, 0x1D, 0x46, 0x45, 0x56, 0x03, 0x57, 0x46, 0x46, 0x1C, 0x04, 0x78, 0x4F, 0x43, 0x44,
0x20, 0x1F, 0x33, 0xFE, 0x33, 0xFE, 0xCF, 0xB6, 0xE6, 0xFB, 0x01, 0xD5, 0x32, 0x1F, 0x1F, 0x45,
0x44, 0x4F, 0xFC, 0x3A, 0x51, 0x30, 0x31, 0x32, 0x32, 0x52, 0x00, 0x00, 0x00, 0x01, 0x00, 0x0C,
0xFF, 0xF9, 0x08, 0x0A, 0x05, 0x49, 0x00, 0x3C, 0x00, 0x00, 0x01, 0x22, 0x07, 0x06, 0x07, 0x03,
0x06, 0x07, 0x23, 0x26, 0x03, 0x26, 0x27, 0x26, 0x2B, 0x01, 0x22, 0x07, 0x06, 0x07, 0x02, 0x07,
0x23, 0x26, 0x27, 0x03, 0x26, 0x27, 0x26, 0x2B, 0x01, 0x22, 0x07, 0x06, 0x17, 0x01, 0x16, 0x17,
0x16, 0x3B, 0x01, 0x32, 0x37, 0x36, 0x37, 0x1B, 0x01, 0x16, 0x17, 0x16, 0x3B, 0x01, 0x32, 0x37,
0x36, 0x37, 0x01, 0x36, 0x27, 0x26, 0x23, 0x07, 0x52, 0x34, 0x2B, 0x2A, 0x10, 0x97, 0x50, 0x34,
0x06, 0x1E, 0xBC, 0x0F, 0x32, 0x31, 0x40, 0x03, 0x3F, 0x32, 0x32, 0x0E, 0xBD, 0x1D, 0x06, 0x34,
0x51, 0x96, 0x10, 0x2A, 0x2B, 0x34, 0x04, 0x54, 0x30, 0x30, 0x1C, 0x01, 0x60, 0x1C, 0x43, 0x43,
0x51, 0x04, 0x58, 0x46, 0x46, 0x16, 0x92, 0x92, 0x16, 0x45, 0x46, 0x59, 0x04, 0x51, 0x43, 0x43,
0x1B, 0x01, 0x60, 0x1D, 0x30, 0x31, 0x53, 0x05, 0x49, 0x1F, 0x1F, 0x32, 0xFE, 0x2B, 0xFB, 0xE6,
0x90, 0x03, 0x0A, 0x3D, 0x28, 0x27, 0x27, 0x28, 0x3D, 0xFC, 0xF6, 0x90, 0xE5, 0xFC, 0x01, 0xD5,
0x32, 0x1F, 0x1F, 0x45, 0x44, 0x4F, 0xFC, 0x32, 0x4D, 0x2F, 0x2E, 0x36, 0x36, 0x56, 0x02, 0x3A,
0xFD, 0xC6, 0x56, 0x36, 0x36, 0x2E, 0x2F, 0x4D, 0x03, 0xCE, 0x4F, 0x44, 0x45, 0x00, 0x00, 0x00,
0x00, 0x01, 0x00, 0x1D, 0xFF, 0xF9, 0x04, 0x47, 0x05, 0x49, 0x00, 0x23, 0x00, 0x00, 0x01, 0x22,
0x07, 0x0B, 0x01, 0x26, 0x2B, 0x01, 0x22, 0x07, 0x06, 0x17, 0x09, 0x01, 0x06, 0x17, 0x16, 0x3B,
0x01, 0x32, 0x37, 0x1B, 0x01, 0x16, 0x3B, 0x01, 0x32, 0x37, 0x36, 0x27, 0x09, 0x01, 0x36, 0x27,
0x26, 0x23, 0x03, 0x82, 0x64, 0x2F, 0xBD, 0xBD, 0x2F, 0x64, 0x04, 0x63, 0x2F, 0x2F, 0x36, 0x01,
0x12, 0xFE, 0xEE, 0x36, 0x2F, 0x2F, 0x63, 0x04, 0x64, 0x2F, 0xBD, 0xBD, 0x2F, 0x64, 0x04, 0x63,
0x2F, 0x2F, 0x36, 0xFE, 0xEE, 0x01, 0x12, 0x36, 0x2F, 0x2F, 0x63, 0x05, 0x49, 0x59, 0xFE, 0x99,
0x01, 0x67, 0x59, 0x57, 0x57, 0x52, 0xFE, 0x58, 0xFE, 0x58, 0x53, 0x57, 0x56, 0x58, 0x01, 0x68,
0xFE, 0x98, 0x58, 0x56, 0x57, 0x53, 0x01, 0xA8, 0x01, 0xA8, 0x52, 0x57, 0x57, 0x00, 0x00, 0x00,
0x00, 0x01, 0xFF, 0xF1, 0xFF, 0xF9, 0x04, 0x4D, 0x05, 0x49, 0x00, 0x1D, 0x00, 0x00, 0x09, 0x01,
0x26, 0x37, 0x36, 0x3B, 0x01, 0x32, 0x17, 0x12, 0x17, 0x13, 0x36, 0x3B, 0x01, 0x32, 0x17, 0x16,
0x07, 0x01, 0x11, 0x14, 0x07, 0x06, 0x2B, 0x01, 0x22, 0x27, 0x26, 0x35, 0x01, 0x73, 0xFE, 0xA5,
0x27, 0x2E, 0x2E, 0x57, 0x12, 0x6B, 0x27, 0xBF, 0x1E, 0xDF, 0x27, 0x6B, 0x03, 0x59, 0x2D, 0x2E,
0x2A, 0xFE, 0x99, 0x2F, 0x30, 0x43, 0x04, 0x43, 0x30, 0x30, 0x01, 0xB5, 0x02, 0xB1, 0x4E, 0x4A,
0x4B, 0x64, 0xFE, 0x10, 0x4C, 0x02, 0x3C, 0x64, 0x4C, 0x4C, 0x4E, 0xFD, 0x5D, 0xFE, 0xDC, 0x44,
0x30, 0x2F, 0x2F, 0x30, 0x44, 0x00, 0x00, 0x00, 0x00, 0x01, 0x00, 0x26, 0xFF, 0xF9, 0x04, 0x98,
0x05, 0x49, 0x00, 0x23, 0x00, 0x00, 0x37, 0x34, 0x37, 0x01, 0x35, 0x21, 0x22, 0x2F, 0x01, 0x26,
0x37, 0x36, 0x33, 0x21, 0x32, 0x17, 0x16, 0x1D, 0x01, 0x14, 0x07, 0x01, 0x15, 0x21, 0x32, 0x1F,
0x01, 0x16, 0x07, 0x06, 0x23, 0x21, 0x22, 0x27, 0x26, 0x35, 0x26, 0x18, 0x02, 0x9F, 0xFD, 0xDD,
0x5B, 0x1D, 0x01, 0x14, 0x26, 0x26, 0x40, 0x03, 0x4A, 0x37, 0x27, 0x27, 0x1A, 0xFD, 0x72, 0x02,
0x2B, 0x5B, 0x1D, 0x01, 0x14, 0x26, 0x25, 0x41, 0xFC, 0x95, 0x33, 0x24, 0x24, 0x75, 0x29, 0x21,
0x03, 0x83, 0x08, 0x57, 0x02, 0x3D, 0x35, 0x34, 0x27, 0x27, 0x37, 0x01, 0x2C, 0x23, 0xFC, 0x8B,
0x08, 0x57, 0x02, 0x3D, 0x34, 0x34, 0x24, 0x24, 0x33, 0x00, 0x00, 0x00, 0x00, 0x01, 0x00, 0xC2,
0xFE, 0xD3, 0x02, 0x7C, 0x06, 0x49, 0x00, 0x27, 0x00, 0x00, 0x13, 0x34, 0x37, 0x36, 0x33, 0x21,
0x32, 0x17, 0x16, 0x1D, 0x01, 0x14, 0x07, 0x06, 0x2B, 0x01, 0x22, 0x07, 0x06, 0x15, 0x11, 0x14,
0x17, 0x16, 0x3B, 0x01, 0x32, 0x17, 0x16, 0x1D, 0x01, 0x14, 0x07, 0x06, 0x23, 0x21, 0x22, 0x27,
0x26, 0x35, 0xC2, 0x19, 0x18, 0x23, 0x01, 0x12, 0x23, 0x18, 0x19, 0x19, 0x18, 0x23, 0x26, 0x23,
0x18, 0x19, 0x19, 0x18, 0x23, 0x26, 0x23, 0x18, 0x19, 0x19, 0x18, 0x23, 0xFE, 0xEE, 0x23, 0x18,
0x19, 0x05, 0xF5, 0x23, 0x18, 0x19, 0x19, 0x18, 0x23, 0x02, 0x22, 0x19, 0x19, 0x18, 0x19, 0x22,
0xFA, 0x84, 0x23, 0x18, 0x19, 0x18, 0x19, 0x23, 0x01, 0x23, 0x19, 0x18, 0x18, 0x19, 0x23, 0x00,
0x00, 0x01, 0xFF, 0xE3, 0xFF, 0xC7, 0x02, 0x85, 0x05, 0xE5, 0x00, 0x0F, 0x00, 0x00, 0x25, 0x16,
0x07, 0x06, 0x2B, 0x01, 0x22, 0x27, 0x01, 0x26, 0x37, 0x36, 0x3B, 0x01, 0x32, 0x17, 0x02, 0x75,
0x10, 0x1F, 0x1F, 0x34, 0x02, 0x4C, 0x17, 0xFE, 0x45, 0x10, 0x1F, 0x1F, 0x35, 0x02, 0x4B, 0x17,
0x4D, 0x32, 0x2A, 0x2A, 0x48, 0x05, 0x4F, 0x32, 0x2B, 0x2A, 0x48, 0x00, 0x00, 0x01, 0x00, 0x83,
0xFE, 0xD3, 0x02, 0x3D, 0x06, 0x49, 0x00, 0x27, 0x00, 0x00, 0x05, 0x14, 0x07, 0x06, 0x23, 0x21,
0x22, 0x27, 0x26, 0x3D, 0x01, 0x34, 0x37, 0x36, 0x3B, 0x01, 0x32, 0x37, 0x36, 0x35, 0x11, 0x34,
0x27, 0x26, 0x2B, 0x01, 0x22, 0x27, 0x26, 0x3D, 0x01, 0x34, 0x37, 0x36, 0x33, 0x21, 0x32, 0x17,
0x16, 0x15, 0x02, 0x3D, 0x19, 0x18, 0x23, 0xFE, 0xEE, 0x23, 0x18, 0x19, 0x19, 0x18, 0x23, 0x26,
0x23, 0x18, 0x19, 0x19, 0x18, 0x23, 0x26, 0x23, 0x18, 0x19, 0x19, 0x18, 0x23, 0x01, 0x12, 0x23,
0x18, 0x19, 0xD9, 0x23, 0x19, 0x18, 0x18, 0x19, 0x23, 0x01, 0x23, 0x19, 0x18, 0x19, 0x18, 0x23,
0x05, 0x7C, 0x22, 0x19, 0x18, 0x19, 0x19, 0x22, 0x02, 0x23, 0x18, 0x19, 0x19, 0x18, 0x23, 0x00,
0x00, 0x01, 0x01, 0xC8, 0x03, 0x2B, 0x05, 0x41, 0x05, 0x68, 0x00, 0x14, 0x00, 0x00, 0x01, 0x26,
0x23, 0x22, 0x07, 0x01, 0x06, 0x17, 0x16, 0x33, 0x32, 0x37, 0x1B, 0x01, 0x16, 0x3B, 0x01, 0x32,
0x37, 0x36, 0x27, 0x04, 0x0F, 0x29, 0x62, 0x61, 0x2A, 0xFE, 0xE8, 0x19, 0x20, 0x1F, 0x3E, 0x46,
0x1C, 0xDC, 0xDB, 0x1C, 0x47, 0x05, 0x3B, 0x20, 0x20, 0x1A, 0x05, 0x2C, 0x3C, 0x3C, 0xFE, 0x69,
0x25, 0x22, 0x23, 0x2C, 0x01, 0x58, 0xFE, 0xA8, 0x2C, 0x23, 0x22, 0x25, 0x00, 0x01, 0xFF, 0xFB,
0xFE, 0x5B, 0x03, 0xC8, 0xFF, 0x07, 0x00, 0x13, 0x00, 0x00, 0x01, 0x14, 0x07, 0x06, 0x23, 0x21,
0x22, 0x27, 0x26, 0x3D, 0x01, 0x34, 0x37, 0x36, 0x33, 0x21, 0x32, 0x17, 0x16, 0x15, 0x03, 0xC8,
0x1A, 0x1A, 0x26, 0xFC, 0xE7, 0x25, 0x1B, 0x1A, 0x1A, 0x1B, 0x25, 0x03, 0x19, 0x26, 0x1A, 0x1A,
0xFE, 0xB0, 0x23, 0x19, 0x19, 0x19, 0x19, 0x23, 0x01, 0x24, 0x19, 0x19, 0x19, 0x19, 0x24, 0x00,
0x00, 0x01, 0x00, 0xE7, 0x04, 0x1F, 0x02, 0x6D, 0x05, 0x0D, 0x00, 0x0F, 0x00, 0x00, 0x01, 0x16,
0x07, 0x06, 0x2B, 0x01, 0x22, 0x2F, 0x01, 0x26, 0x37, 0x36, 0x3B, 0x01, 0x32, 0x17, 0x02, 0x63,
0x0A, 0x04, 0x04, 0x0F, 0x7B, 0x0C, 0x0A, 0xC5, 0x19, 0x06, 0x06, 0x1E, 0x88, 0x1B, 0x13, 0x04,
0x45, 0x0D, 0x0C, 0x0D, 0x09, 0x99, 0x17, 0x1A, 0x1B, 0x16, 0x00, 0x00, 0x00, 0x02, 0x00, 0x2B,
0xFF, 0xF9, 0x04, 0x31, 0x03, 0xEC, 0x00, 0x11, 0x00, 0x33, 0x00, 0x00, 0x01, 0x34, 0x37, 0x36,
0x37, 0x36, 0x17, 0x16, 0x17, 0x15, 0x06, 0x07, 0x06, 0x27, 0x22, 0x27, 0x26, 0x35, 0x04, 0x17,
0x16, 0x33, 0x32, 0x37, 0x36, 0x17, 0x16, 0x17, 0x16, 0x3B, 0x01, 0x32, 0x37, 0x36, 0x35, 0x11,
0x34, 0x27, 0x26, 0x2B, 0x01, 0x22, 0x07, 0x06, 0x1D, 0x01, 0x26, 0x23, 0x22, 0x07, 0x06, 0x15,
0x01, 0x57, 0x1B, 0x1D, 0x30, 0x64, 0x64, 0x57, 0x17, 0x03, 0x66, 0x33, 0x33, 0x56, 0x3D, 0x3C,
0xFE, 0xD4, 0x8D, 0x8D, 0xC7, 0x39, 0x6A, 0x1A, 0x1F, 0x1E, 0x16, 0x33, 0x1E, 0x84, 0x1A, 0x13,
0x13, 0x23, 0x22, 0x31, 0x52, 0x30, 0x22, 0x22, 0x41, 0xA8, 0xC7, 0x8D, 0x8D, 0x02, 0x06, 0x4A,
0x3C, 0x3F, 0x17, 0x31, 0x27, 0x22, 0x3E, 0xFA, 0x7C, 0x23, 0x11, 0x08, 0x4F, 0x50, 0x71, 0xD9,
0x94, 0x94, 0x45, 0x11, 0x04, 0x04, 0x17, 0x37, 0x13, 0x12, 0x1B, 0x03, 0x1F, 0x30, 0x23, 0x22,
0x22, 0x22, 0x30, 0x01, 0x94, 0x94, 0x94, 0xD2, 0x00, 0x02, 0x00, 0x40, 0xFF, 0xF9, 0x04, 0x46,
0x05, 0x92, 0x00, 0x11, 0x00, 0x32, 0x00, 0x00, 0x01, 0x14, 0x07, 0x06, 0x23, 0x06, 0x27, 0x26,
0x27, 0x35, 0x36, 0x37, 0x36, 0x17, 0x16, 0x17, 0x16, 0x15, 0x00, 0x07, 0x11, 0x34, 0x27, 0x26,
0x2B, 0x01, 0x22, 0x07, 0x06, 0x15, 0x11, 0x14, 0x17, 0x16, 0x3B, 0x01, 0x32, 0x37, 0x36, 0x3D,
0x01, 0x16, 0x33, 0x32, 0x37, 0x36, 0x35, 0x34, 0x27, 0x26, 0x23, 0x03, 0x1A, 0x3D, 0x3D, 0x55,
0x33, 0x33, 0x67, 0x03, 0x18, 0x57, 0x64, 0x64, 0x30, 0x1C, 0x1C, 0xFE, 0xCE, 0x6D, 0x2E, 0x2D,
0x41, 0x03, 0x41, 0x2D, 0x2E, 0x13, 0x12, 0x1B, 0xBC, 0x1A, 0x13, 0x12, 0x6D, 0x7D, 0xC7, 0x8D,
0x8D, 0x8D, 0x8D, 0xC7, 0x01, 0xFA, 0x71, 0x50, 0x4F, 0x08, 0x11, 0x22, 0x7D, 0xFA, 0x3E, 0x22,
0x27, 0x31, 0x17, 0x3F, 0x3C, 0x4A, 0x01, 0xE6, 0x40, 0x01, 0x4A, 0x40, 0x2E, 0x2E, 0x2E, 0x2E,
0x40, 0xFB, 0x43, 0x1B, 0x13, 0x12, 0x12, 0x13, 0x1A, 0x01, 0x40, 0x94, 0x94, 0xD1, 0xD2, 0x94,
0x94, 0x00, 0x00, 0x00, 0x00, 0x01, 0x00, 0x35, 0xFF, 0xEF, 0x03, 0x49, 0x03, 0xE2, 0x00, 0x2A,
0x00, 0x00, 0x25, 0x34, 0x27, 0x26, 0x07, 0x06, 0x27, 0x22, 0x27, 0x26, 0x3D, 0x01, 0x34, 0x37,
0x36, 0x37, 0x36, 0x17, 0x16, 0x37, 0x36, 0x3D, 0x01, 0x34, 0x27, 0x26, 0x27, 0x26, 0x23, 0x22,
0x07, 0x06, 0x15, 0x14, 0x17, 0x16, 0x33, 0x32, 0x37, 0x36, 0x37, 0x36, 0x35, 0x03, 0x49, 0x28,
0x28, 0x33, 0x32, 0x2A, 0x69, 0x4A, 0x4B, 0x22, 0x23, 0x3B, 0x68, 0x6B, 0x35, 0x2B, 0x2A, 0x16,
0x17, 0x24, 0x4C, 0x50, 0xE4, 0xA1, 0xA2, 0xA2, 0xA1, 0xE4, 0x50, 0x4C, 0x24, 0x17, 0x16, 0x73,
0x34, 0x22, 0x22, 0x08, 0x08, 0x05, 0x50, 0x4F, 0x71, 0x0C, 0x4A, 0x3C, 0x3F, 0x17, 0x29, 0x16,
0x0C, 0x22, 0x22, 0x36, 0x08, 0x25, 0x1F, 0x1E, 0x0A, 0x15, 0x94, 0x94, 0xD2, 0xD1, 0x94, 0x94,
0x15, 0x09, 0x1F, 0x1E, 0x26, 0x00, 0x00, 0x00, 0x00, 0x02, 0x00, 0x40, 0xFF, 0xF9, 0x04, 0x46,
0x05, 0x92, 0x00, 0x11, 0x00, 0x32, 0x00, 0x00, 0x01, 0x34, 0x37, 0x36, 0x37, 0x36, 0x17, 0x16,
0x17, 0x15, 0x06, 0x07, 0x06, 0x27, 0x22, 0x27, 0x26, 0x35, 0x13, 0x22, 0x07, 0x06, 0x15, 0x14,
0x17, 0x16, 0x33, 0x32, 0x37, 0x15, 0x14, 0x17, 0x16, 0x3B, 0x01, 0x32, 0x37, 0x36, 0x35, 0x11,
0x34, 0x27, 0x26, 0x2B, 0x01, 0x22, 0x07, 0x06, 0x15, 0x11, 0x26, 0x01, 0x6C, 0x1B, 0x1D, 0x30,
0x64, 0x64, 0x57, 0x17, 0x03, 0x66, 0x33, 0x33, 0x56, 0x3D, 0x3C, 0xB5, 0xC7, 0x8D, 0x8D, 0x8D,
0x8D, 0xC7, 0x7C, 0x6D, 0x13, 0x12, 0x1B, 0xBC, 0x1A, 0x13, 0x13, 0x2E, 0x2E, 0x40, 0x04, 0x40,
0x2E, 0x2E, 0x6D, 0x02, 0x06, 0x4A, 0x3C, 0x3F, 0x17, 0x31, 0x27, 0x22, 0x3E, 0xFA, 0x7D, 0x22,
0x11, 0x08, 0x4F, 0x50, 0x71, 0x01, 0xF2, 0x94, 0x94, 0xD2, 0xD1, 0x94, 0x94, 0x40, 0x01, 0x1A,
0x13, 0x12, 0x12, 0x13, 0x1B, 0x04, 0xBD, 0x40, 0x2E, 0x2E, 0x2E, 0x2E, 0x40, 0xFE, 0xB6, 0x40,
0x00, 0x02, 0x00, 0x30, 0xFF, 0xF9, 0x04, 0x7C, 0x03, 0xEC, 0x00, 0x08, 0x00, 0x32, 0x00, 0x00,
0x00, 0x17, 0x16, 0x17, 0x21, 0x36, 0x37, 0x36, 0x33, 0x01, 0x36, 0x27, 0x26, 0x07, 0x21, 0x22,
0x27, 0x26, 0x27, 0x21, 0x32, 0x37, 0x36, 0x3D, 0x01, 0x34, 0x27, 0x26, 0x23, 0x22, 0x07, 0x26,
0x23, 0x22, 0x07, 0x06, 0x15, 0x14, 0x17, 0x16, 0x33, 0x32, 0x37, 0x16, 0x33, 0x32, 0x37, 0x36,
0x37, 0x36, 0x37, 0x02, 0xAB, 0x46, 0x44, 0x1F, 0xFE, 0x03, 0x20, 0x44, 0x46, 0x55, 0x01, 0xBC,
0x0D, 0x24, 0x23, 0x38, 0xFE, 0xB6, 0x57, 0x47, 0x45, 0x1E, 0x02, 0xC5, 0x28, 0x1D, 0x1D, 0x99,
0x98, 0xD7, 0x0F, 0x0F, 0x0F, 0x0F, 0xD7, 0x99, 0x98, 0x98, 0x99, 0xD7, 0x0F, 0x0F, 0x0F, 0x0F,
0x9A, 0x93, 0x28, 0x20, 0x1F, 0x09, 0x03, 0x00, 0x2F, 0x2E, 0x4B, 0x4B, 0x2E, 0x2F, 0xFD, 0x56,
0x37, 0x2C, 0x2D, 0x01, 0x31, 0x2F, 0x4E, 0x1B, 0x1C, 0x27, 0x01, 0xD2, 0x94, 0x94, 0x01, 0x01,
0x94, 0x94, 0xD2, 0xD1, 0x94, 0x94, 0x01, 0x01, 0x01, 0x01, 0x19, 0x19, 0x27, 0x00, 0x00, 0x00,
0x00, 0x01, 0x00, 0x22, 0xFF, 0xF3, 0x02, 0xB6, 0x05, 0xA1, 0x00, 0x2F, 0x00, 0x00, 0x01, 0x36,
0x27, 0x26, 0x07, 0x06, 0x07, 0x06, 0x1D, 0x01, 0x23, 0x22, 0x07, 0x06, 0x1D, 0x01, 0x14, 0x17,
0x16, 0x3B, 0x01, 0x11, 0x14, 0x17, 0x16, 0x3B, 0x01, 0x32, 0x37, 0x36, 0x35, 0x11, 0x33, 0x32,
0x37, 0x36, 0x3D, 0x01, 0x34, 0x27, 0x26, 0x2B, 0x01, 0x35, 0x34, 0x37, 0x36, 0x37, 0x02, 0xA7,
0x0F, 0x2B, 0x2B, 0x3F, 0xAB, 0x61, 0x66, 0x1D, 0x2E, 0x21, 0x21, 0x21, 0x21, 0x2E, 0x1D, 0x2A,
0x2B, 0x3C, 0x03, 0x3D, 0x2A, 0x2B, 0x55, 0x2F, 0x21, 0x20, 0x20, 0x21, 0x2F, 0x55, 0x6C, 0x54,
0x12, 0x05, 0x02, 0x3F, 0x30, 0x30, 0x06, 0x13, 0x54, 0x58, 0x91, 0x7D, 0x21, 0x21, 0x2E, 0x02,
0x2F, 0x20, 0x21, 0xFD, 0x99, 0x3D, 0x2A, 0x2B, 0x2B, 0x2A, 0x3D, 0x02, 0x67, 0x21, 0x20, 0x2F,
0x02, 0x2E, 0x21, 0x21, 0x45, 0x78, 0x15, 0x10, 0x50, 0x00, 0x00, 0x00, 0x00, 0x02, 0x00, 0x24,
0xFE, 0x7D, 0x04, 0x2A, 0x03, 0xF0, 0x00, 0x11, 0x00, 0x3E, 0x00, 0x00, 0x01, 0x06, 0x07, 0x06,
0x27, 0x22, 0x27, 0x26, 0x3D, 0x01, 0x34, 0x37, 0x36, 0x37, 0x36, 0x17, 0x16, 0x17, 0x13, 0x22,
0x07, 0x06, 0x15, 0x31, 0x26, 0x23, 0x22, 0x07, 0x06, 0x15, 0x14, 0x17, 0x16, 0x33, 0x32, 0x37,
0x16, 0x23, 0x22, 0x27, 0x26, 0x0F, 0x01, 0x06, 0x17, 0x16, 0x33, 0x16, 0x33, 0x32, 0x37, 0x16,
0x33, 0x32, 0x37, 0x36, 0x37, 0x33, 0x11, 0x34, 0x27, 0x26, 0x23, 0x02, 0xEE, 0x03, 0x66, 0x33,
0x33, 0x56, 0x3D, 0x3C, 0x1B, 0x1D, 0x30, 0x64, 0x64, 0x57, 0x17, 0x35, 0x16, 0x0F, 0x10, 0x6D,
0x7C, 0xC7, 0x8D, 0x8D, 0x8D, 0x8D, 0xC7, 0x7A, 0x6C, 0x08, 0xC4, 0xD7, 0x1D, 0x54, 0x1C, 0x01,
0x14, 0x22, 0x23, 0x3C, 0x81, 0x5C, 0x0E, 0x0D, 0x0E, 0x0E, 0xC8, 0x82, 0x91, 0x03, 0x01, 0x28,
0x27, 0x37, 0x01, 0x96, 0x7D, 0x22, 0x11, 0x07, 0x50, 0x50, 0x70, 0x0C, 0x4B, 0x3C, 0x3E, 0x18,
0x30, 0x27, 0x21, 0x3E, 0x01, 0x54, 0x0F, 0x0F, 0x16, 0x40, 0x95, 0x94, 0xD1, 0xD2, 0x94, 0x94,
0x3F, 0xD2, 0x01, 0x01, 0x4F, 0x02, 0x39, 0x31, 0x32, 0x01, 0x01, 0x01, 0x69, 0x76, 0xD8, 0x03,
0x2A, 0x38, 0x27, 0x27, 0x00, 0x01, 0x00, 0x3C, 0x00, 0x00, 0x04, 0x42, 0x05, 0x99, 0x00, 0x2F,
0x00, 0x00, 0x01, 0x26, 0x27, 0x26, 0x07, 0x06, 0x07, 0x03, 0x34, 0x27, 0x26, 0x2B, 0x01, 0x22,
0x07, 0x06, 0x15, 0x11, 0x14, 0x17, 0x16, 0x3B, 0x01, 0x32, 0x37, 0x36, 0x35, 0x11, 0x36, 0x07,
0x36, 0x37, 0x36, 0x37, 0x36, 0x17, 0x16, 0x15, 0x11, 0x14, 0x17, 0x16, 0x3B, 0x01, 0x32, 0x37,
0x36, 0x35, 0x04, 0x41, 0x01, 0x74, 0x86, 0xE5, 0x2D, 0xBD, 0x03, 0x2D, 0x2E, 0x3F, 0x03, 0x40,
0x2E, 0x2D, 0x2D, 0x2D, 0x40, 0x03, 0x40, 0x2D, 0x2D, 0x02, 0x01, 0x01, 0x02, 0x0D, 0x5D, 0x6A,
0x63, 0x5E, 0x2D, 0x2D, 0x3F, 0x03, 0x40, 0x2D, 0x2D, 0x01, 0xFD, 0xEA, 0x93, 0xA8, 0x2F, 0x09,
0x6F, 0x01, 0x84, 0x40, 0x2D, 0x2D, 0x2D, 0x2E, 0x40, 0xFB, 0x9C, 0x40, 0x2D, 0x2D, 0x2D, 0x2D,
0x40, 0x01, 0xA8, 0x02, 0x01, 0x0E, 0x0A, 0x44, 0x39, 0x41, 0x30, 0x2E, 0xA9, 0xFE, 0x87, 0x3F,
0x2D, 0x2D, 0x2D, 0x2D, 0x3F, 0x00, 0x00, 0x00, 0x00, 0x02, 0x00, 0x37, 0xFF, 0xF9, 0x01, 0x89,
0x05, 0x7F, 0x00, 0x13, 0x00, 0x23, 0x00, 0x00, 0x17, 0x22, 0x27, 0x26, 0x35, 0x11, 0x34, 0x37,
0x36, 0x3B, 0x01, 0x32, 0x17, 0x16, 0x15, 0x11, 0x14, 0x07, 0x06, 0x23, 0x12, 0x07, 0x06, 0x23,
0x22, 0x27, 0x26, 0x35, 0x34, 0x37, 0x36, 0x33, 0x32, 0x17, 0x16, 0x15, 0xE3, 0x44, 0x30, 0x2F,
0x2F, 0x30, 0x44, 0x03, 0x43, 0x30, 0x30, 0x30, 0x30, 0x43, 0xA3, 0x32, 0x31, 0x46, 0x46, 0x32,
0x31, 0x31, 0x32, 0x46, 0x46, 0x31, 0x32, 0x07, 0x30, 0x2F, 0x44, 0x02, 0x95, 0x43, 0x30, 0x30,
0x30, 0x30, 0x43, 0xFD, 0x6B, 0x44, 0x2F, 0x30, 0x04, 0x98, 0x32, 0x31, 0x31, 0x32, 0x46, 0x46,
0x31, 0x31, 0x31, 0x31, 0x46, 0x00, 0x00, 0x00, 0x00, 0x02, 0xFF, 0x6B, 0xFE, 0x37, 0x01, 0xDD,
0x05, 0x77, 0x00, 0x1B, 0x00, 0x2B, 0x00, 0x00, 0x25, 0x06, 0x07, 0x06, 0x27, 0x26, 0x27, 0x26,
0x3D, 0x01, 0x34, 0x37, 0x36, 0x37, 0x32, 0x37, 0x36, 0x35, 0x11, 0x34, 0x37, 0x36, 0x3B, 0x01,
0x32, 0x17, 0x16, 0x15, 0x12, 0x07, 0x06, 0x23, 0x22, 0x27, 0x26, 0x35, 0x34, 0x37, 0x36, 0x33,
0x32, 0x17, 0x16, 0x15, 0x01, 0xC5, 0x01, 0x75, 0x85, 0xE6, 0x14, 0x1E, 0x47, 0x22, 0x21, 0x30,
0x2C, 0x27, 0x5E, 0x2D, 0x2D, 0x40, 0x03, 0x3F, 0x2D, 0x2D, 0x18, 0x32, 0x31, 0x46, 0x46, 0x31,
0x32, 0x32, 0x31, 0x46, 0x46, 0x31, 0x32, 0x5B, 0xEA, 0x92, 0xA8, 0x2E, 0x04, 0x0D, 0x20, 0x4D,
0x02, 0x31, 0x22, 0x23, 0x01, 0x13, 0x2E, 0xA9, 0x02, 0xE5, 0x40, 0x2D, 0x2D, 0x2D, 0x2D, 0x40,
0x01, 0x5D, 0x31, 0x32, 0x32, 0x31, 0x46, 0x46, 0x32, 0x31, 0x31, 0x32, 0x46, 0x00, 0x00, 0x00,
0x00, 0x01, 0x00, 0x58, 0x00, 0x05, 0x03, 0xF6, 0x05, 0xA9, 0x00, 0x2B, 0x00, 0x00, 0x09, 0x01,
0x36, 0x27, 0x26, 0x2B, 0x01, 0x22, 0x07, 0x01, 0x06, 0x07, 0x06, 0x35, 0x11, 0x34, 0x27, 0x26,
0x2B, 0x01, 0x22, 0x07, 0x06, 0x15, 0x11, 0x14, 0x17, 0x16, 0x3B, 0x01, 0x32, 0x37, 0x36, 0x3D,
0x01, 0x37, 0x01, 0x16, 0x3B, 0x01, 0x32, 0x37, 0x36, 0x27, 0x02, 0xA7, 0x01, 0x06, 0x33, 0x22,
0x21, 0x50, 0x03, 0x39, 0x26, 0xFE, 0xEA, 0x0F, 0x12, 0x13, 0x30, 0x2F, 0x44, 0x03, 0x44, 0x2F,
0x30, 0x30, 0x2F, 0x44, 0x03, 0x44, 0x2F, 0x30, 0x2B, 0x01, 0x0A, 0x29, 0x4E, 0x04, 0x56, 0x27,
0x28, 0x33, 0x02, 0x90, 0x01, 0x2D, 0x3D, 0x48, 0x48, 0x2B, 0xFE, 0xDE, 0x11, 0x05, 0x06, 0x13,
0x01, 0xD2, 0x43, 0x30, 0x30, 0x30, 0x30, 0x43, 0xFB, 0xA2, 0x43, 0x30, 0x30, 0x30, 0x30, 0x43,
0xEF, 0x29, 0xFE, 0x88, 0x43, 0x4D, 0x4D, 0x45, 0x00, 0x01, 0x00, 0x56, 0xFF, 0xF9, 0x01, 0x9F,
0x05, 0x49, 0x00, 0x13, 0x00, 0x00, 0x25, 0x14, 0x07, 0x06, 0x2B, 0x01, 0x22, 0x27, 0x26, 0x35,
0x11, 0x34, 0x37, 0x36, 0x3B, 0x01, 0x32, 0x17, 0x16, 0x15, 0x01, 0x9F, 0x30, 0x2F, 0x44, 0x03,
0x44, 0x2F, 0x30, 0x30, 0x2F, 0x44, 0x03, 0x44, 0x2F, 0x30, 0x9C, 0x43, 0x30, 0x30, 0x30, 0x30,
0x43, 0x04, 0x0A, 0x44, 0x30, 0x2F, 0x2F, 0x30, 0x44, 0x00, 0x00, 0x00, 0x00, 0x01, 0x00, 0x53,
0xFF, 0xF9, 0x06, 0x9E, 0x04, 0x22, 0x00, 0x49, 0x00, 0x00, 0x01, 0x26, 0x27, 0x26, 0x07, 0x06,
0x07, 0x23, 0x26, 0x05, 0x06, 0x07, 0x06, 0x07, 0x06, 0x07, 0x35, 0x34, 0x27, 0x26, 0x2B, 0x01,
0x22, 0x07, 0x06, 0x15, 0x11, 0x14, 0x17, 0x16, 0x3B, 0x01, 0x32, 0x37, 0x36, 0x35, 0x11, 0x34,
0x37, 0x36, 0x37, 0x36, 0x17, 0x16, 0x15, 0x11, 0x14, 0x17, 0x16, 0x3B, 0x01, 0x32, 0x37, 0x36,
0x35, 0x11, 0x34, 0x37, 0x36, 0x37, 0x36, 0x17, 0x16, 0x15, 0x11, 0x14, 0x17, 0x16, 0x3B, 0x01,
0x32, 0x37, 0x36, 0x35, 0x06, 0x9E, 0x01, 0x75, 0x86, 0xE5, 0x50, 0x9B, 0x07, 0x86, 0xFE, 0xFB,
0x3A, 0x32, 0x0B, 0x1B, 0x14, 0x0C, 0x1D, 0x1D, 0x29, 0x74, 0x2A, 0x1D, 0x1D, 0x2A, 0x2B, 0x3B,
0x16, 0x3C, 0x2A, 0x2B, 0x30, 0x31, 0x46, 0x49, 0x35, 0x34, 0x2B, 0x2A, 0x3C, 0x1D, 0x3B, 0x2B,
0x2A, 0x30, 0x31, 0x46, 0x4A, 0x34, 0x35, 0x2A, 0x2A, 0x3C, 0x03, 0x3C, 0x2A, 0x2A, 0x01, 0xF6,
0xEB, 0x92, 0xA9, 0x30, 0x11, 0x97, 0xDE, 0x36, 0x0C, 0x2C, 0x09, 0x1B, 0x14, 0x08, 0x01, 0x29,
0x1D, 0x1E, 0x1E, 0x1D, 0x29, 0xFD, 0x14, 0x3B, 0x2B, 0x2A, 0x2A, 0x2B, 0x3B, 0x01, 0xB7, 0x47,
0x35, 0x36, 0x02, 0x02, 0x33, 0x33, 0x49, 0xFE, 0x42, 0x3B, 0x2B, 0x2A, 0x2A, 0x2B, 0x3B, 0x01,
0xB7, 0x47, 0x35, 0x36, 0x02, 0x02, 0x33, 0x33, 0x49, 0xFE, 0x42, 0x3B, 0x2B, 0x2A, 0x2A, 0x2B,
0x3B, 0x00, 0x00, 0x00, 0x00, 0x01, 0x00, 0x51, 0xFF, 0xF3, 0x04, 0x57, 0x04, 0x15, 0x00, 0x2F,
0x00, 0x00, 0x01, 0x26, 0x27, 0x26, 0x07, 0x06, 0x07, 0x35, 0x34, 0x27, 0x26, 0x2B, 0x01, 0x22,
0x07, 0x06, 0x15, 0x11, 0x14, 0x17, 0x16, 0x3B, 0x01, 0x32, 0x37, 0x36, 0x35, 0x11, 0x36, 0x07,
0x36, 0x37, 0x36, 0x37, 0x36, 0x17, 0x16, 0x15, 0x11, 0x14, 0x17, 0x16, 0x3B, 0x01, 0x32, 0x37,
0x36, 0x35, 0x04, 0x56, 0x01, 0x74, 0x86, 0xE5, 0x2D, 0xBD, 0x1D, 0x1D, 0x29, 0x73, 0x2A, 0x1E,
0x1D, 0x2D, 0x2D, 0x3F, 0x05, 0x3F, 0x2D, 0x2D, 0x02, 0x01, 0x01, 0x02, 0x0D, 0x5D, 0x6A, 0x63,
0x5E, 0x2D, 0x2D, 0x3F, 0x03, 0x40, 0x2D, 0x2D, 0x01, 0xF0, 0xEA, 0x93, 0xA8, 0x2F, 0x09, 0x6F,
0x01, 0x29, 0x1D, 0x1E, 0x1E, 0x1D, 0x2A, 0xFD, 0x1E, 0x3F, 0x2D, 0x2D, 0x2D, 0x2D, 0x3F, 0x01,
0xA9, 0x02, 0x01, 0x0E, 0x0A, 0x44, 0x39, 0x41, 0x30, 0x2E, 0xA9, 0xFE, 0x87, 0x3F, 0x2D, 0x2D,
0x2D, 0x2D, 0x3F, 0x00, 0x00, 0x02, 0x00, 0x22, 0xFF, 0xE8, 0x04, 0x77, 0x04, 0x01, 0x00, 0x0F,
0x00, 0x27, 0x00, 0x00, 0x24, 0x27, 0x26, 0x35, 0x34, 0x37, 0x36, 0x33, 0x32, 0x17, 0x16, 0x15,
0x14, 0x07, 0x06, 0x23, 0x12, 0x07, 0x26, 0x23, 0x22, 0x07, 0x06, 0x15, 0x14, 0x17, 0x16, 0x33,
0x32, 0x37, 0x16, 0x33, 0x32, 0x37, 0x36, 0x35, 0x34, 0x27, 0x26, 0x23, 0x01, 0xE7, 0x49, 0x49,
0x49, 0x49, 0x66, 0x66, 0x49, 0x48, 0x48, 0x49, 0x66, 0x0E, 0x0E, 0x10, 0x0F, 0xD9, 0x9A, 0x99,
0x99, 0x9A, 0xD9, 0x0F, 0x10, 0x0E, 0x0F, 0xDA, 0x99, 0x9A, 0x9A, 0x99, 0xDA, 0xE0, 0x52, 0x51,
0x72, 0x72, 0x51, 0x51, 0x51, 0x51, 0x72, 0x72, 0x51, 0x52, 0x03, 0x21, 0x01, 0x01, 0x9A, 0x9A,
0xD8, 0xDA, 0x99, 0x9A, 0x01, 0x01, 0x9A, 0x99, 0xDA, 0xD8, 0x9A, 0x9A, 0x00, 0x02, 0x00, 0x37,
0xFE, 0x57, 0x04, 0x3D, 0x03, 0xF0, 0x00, 0x11, 0x00, 0x32, 0x00, 0x00, 0x01, 0x14, 0x07, 0x06,
0x07, 0x06, 0x27, 0x26, 0x27, 0x35, 0x36, 0x37, 0x36, 0x17, 0x32, 0x17, 0x16, 0x15, 0x03, 0x32,
0x37, 0x36, 0x35, 0x34, 0x27, 0x26, 0x23, 0x22, 0x07, 0x35, 0x34, 0x27, 0x26, 0x2B, 0x01, 0x22,
0x07, 0x06, 0x15, 0x11, 0x14, 0x17, 0x16, 0x3B, 0x01, 0x32, 0x37, 0x36, 0x35, 0x11, 0x16, 0x03,
0x11, 0x1B, 0x1D, 0x30, 0x64, 0x64, 0x57, 0x17, 0x03, 0x66, 0x33, 0x33, 0x56, 0x3D, 0x3C, 0xB5,
0xC7, 0x8D, 0x8D, 0x8D, 0x8D, 0xC7, 0x7C, 0x6D, 0x13, 0x12, 0x1B, 0xBC, 0x1A, 0x13, 0x13, 0x2E,
0x2E, 0x40, 0x04, 0x40, 0x2E, 0x2E, 0x6D, 0x01, 0xE3, 0x4A, 0x3C, 0x3F, 0x17, 0x31, 0x27, 0x22,
0x3E, 0xFA, 0x7D, 0x22, 0x11, 0x08, 0x4F, 0x50, 0x71, 0xFE, 0x0E, 0x94, 0x94, 0xD2, 0xD1, 0x94,
0x94, 0x40, 0x01, 0x1A, 0x13, 0x12, 0x12, 0x13, 0x1B, 0xFB, 0x43, 0x40, 0x2E, 0x2E, 0x2E, 0x2E,
0x40, 0x01, 0x4A, 0x40, 0x00, 0x02, 0x00, 0x23, 0xFE, 0x57, 0x04, 0x29, 0x03, 0xF0, 0x00, 0x11,
0x00, 0x32, 0x00, 0x00, 0x01, 0x34, 0x37, 0x36, 0x33, 0x36, 0x17, 0x16, 0x17, 0x15, 0x06, 0x07,
0x06, 0x27, 0x26, 0x27, 0x26, 0x35, 0x00, 0x37, 0x11, 0x14, 0x17, 0x16, 0x3B, 0x01, 0x32, 0x37,
0x36, 0x35, 0x11, 0x34, 0x27, 0x26, 0x2B, 0x01, 0x22, 0x07, 0x06, 0x1D, 0x01, 0x26, 0x23, 0x22,
0x07, 0x06, 0x15, 0x14, 0x17, 0x16, 0x33, 0x01, 0x4F, 0x3C, 0x3D, 0x56, 0x33, 0x33, 0x66, 0x03,
0x17, 0x57, 0x64, 0x64, 0x30, 0x1D, 0x1B, 0x01, 0x31, 0x6D, 0x2E, 0x2E, 0x40, 0x04, 0x40, 0x2E,
0x2E, 0x13, 0x13, 0x1A, 0xBC, 0x1B, 0x12, 0x13, 0x6D, 0x7C, 0xC7, 0x8D, 0x8D, 0x8D, 0x8D, 0xC7,
0x01, 0xEF, 0x71, 0x50, 0x4F, 0x08, 0x11, 0x22, 0x7D, 0xFA, 0x3E, 0x22, 0x27, 0x31, 0x17, 0x3F,
0x3C, 0x4A, 0xFE, 0x1A, 0x40, 0xFE, 0xB6, 0x40, 0x2E, 0x2E, 0x2E, 0x2E, 0x40, 0x04, 0xBD, 0x1B,
0x13, 0x12, 0x12, 0x13, 0x1A, 0x01, 0x40, 0x94, 0x94, 0xD1, 0xD2, 0x94, 0x94, 0x00, 0x00, 0x00,
0x00, 0x01, 0x00, 0x2F, 0xFF, 0xFA, 0x02, 0xD4, 0x03, 0xF9, 0x00, 0x26, 0x00, 0x00, 0x00, 0x07,
0x06, 0x07, 0x26, 0x2B, 0x01, 0x22, 0x07, 0x06, 0x15, 0x11, 0x14, 0x17, 0x16, 0x3B, 0x01, 0x32,
0x37, 0x36, 0x35, 0x11, 0x30, 0x33, 0x34, 0x31, 0x36, 0x37, 0x36, 0x37, 0x36, 0x17, 0x16, 0x3F,
0x01, 0x36, 0x27, 0x26, 0x23, 0x01, 0xFF, 0x54, 0x20, 0x21, 0x45, 0x56, 0x05, 0x40, 0x2E, 0x2D,
0x2D, 0x2D, 0x40, 0x03, 0x40, 0x2D, 0x2D, 0x01, 0x01, 0x02, 0x0B, 0x4B, 0x55, 0x57, 0x3C, 0x0F,
0x17, 0x06, 0x12, 0x11, 0x1D, 0x03, 0xF9, 0x3B, 0x16, 0x33, 0x65, 0x2D, 0x2E, 0x40, 0xFD, 0x55,
0x3F, 0x2D, 0x2E, 0x2E, 0x2D, 0x3F, 0x01, 0xA9, 0x01, 0x0E, 0x0A, 0x38, 0x37, 0x3E, 0x0E, 0x0B,
0x61, 0x67, 0x1B, 0x16, 0x16, 0x00, 0x00, 0x00, 0x00, 0x01, 0x00, 0x22, 0xFF, 0xF6, 0x02, 0xFE,
0x03, 0xFF, 0x00, 0x31, 0x00, 0x00, 0x37, 0x36, 0x37, 0x36, 0x17, 0x16, 0x33, 0x32, 0x35, 0x34,
0x27, 0x26, 0x27, 0x24, 0x37, 0x34, 0x37, 0x36, 0x33, 0x32, 0x17, 0x16, 0x17, 0x16, 0x0F, 0x01,
0x06, 0x07, 0x06, 0x27, 0x26, 0x23, 0x22, 0x15, 0x14, 0x17, 0x16, 0x17, 0x04, 0x17, 0x14, 0x07,
0x06, 0x23, 0x22, 0x27, 0x26, 0x27, 0x26, 0x37, 0x2D, 0x0C, 0x29, 0x29, 0x2D, 0x57, 0x46, 0x83,
0x1E, 0x1D, 0x55, 0xFE, 0xE2, 0x04, 0x6D, 0x70, 0xB4, 0x5B, 0x55, 0x2B, 0x17, 0x17, 0x0B, 0x01,
0x0A, 0x27, 0x27, 0x2B, 0x3C, 0x33, 0x75, 0x22, 0x20, 0x5D, 0x01, 0x07, 0x03, 0x6B, 0x71, 0xCD,
0x75, 0x68, 0x2A, 0x16, 0x16, 0x0B, 0x9B, 0x2E, 0x17, 0x17, 0x0E, 0x1B, 0x51, 0x27, 0x18, 0x17,
0x1D, 0x5F, 0xCA, 0x8D, 0x5B, 0x5C, 0x16, 0x0B, 0x25, 0x26, 0x2B, 0x02, 0x2B, 0x17, 0x17, 0x0C,
0x11, 0x4F, 0x24, 0x18, 0x17, 0x20, 0x5B, 0xD6, 0x90, 0x56, 0x5B, 0x1F, 0x0D, 0x26, 0x26, 0x2B,
0x00, 0x01, 0x00, 0x28, 0xFF, 0xF9, 0x02, 0xB2, 0x04, 0xDC, 0x00, 0x2F, 0x00, 0x00, 0x00, 0x35,
0x11, 0x33, 0x32, 0x37, 0x36, 0x3D, 0x01, 0x34, 0x27, 0x26, 0x2B, 0x01, 0x35, 0x34, 0x27, 0x26,
0x2F, 0x01, 0x26, 0x07, 0x06, 0x1D, 0x01, 0x23, 0x22, 0x07, 0x06, 0x1D, 0x01, 0x14, 0x17, 0x16,
0x3B, 0x01, 0x11, 0x31, 0x16, 0x17, 0x16, 0x33, 0x32, 0x37, 0x36, 0x27, 0x26, 0x27, 0x01, 0xEF,
0x5C, 0x2A, 0x1E, 0x1F, 0x1F, 0x1E, 0x2A, 0x5C, 0x20, 0x1F, 0x32, 0x04, 0x49, 0x3C, 0x3C, 0x2A,
0x2B, 0x1E, 0x1E, 0x1E, 0x1E, 0x2B, 0x2A, 0x01, 0x41, 0x51, 0xAD, 0x4C, 0x29, 0x11, 0x07, 0x07,
0x24, 0x01, 0x2B, 0xA8, 0x01, 0x3C, 0x1E, 0x1E, 0x2B, 0x02, 0x2A, 0x1E, 0x1F, 0x55, 0x33, 0x2A,
0x29, 0x0D, 0x01, 0x14, 0x2E, 0x2E, 0x4C, 0x55, 0x1F, 0x1E, 0x2A, 0x02, 0x2B, 0x1E, 0x1E, 0xFE,
0xD8, 0xD5, 0x7D, 0x9C, 0x6E, 0x2F, 0x27, 0x2C, 0x12, 0x00, 0x00, 0x00, 0x00, 0x01, 0x00, 0x47,
0xFF, 0xCE, 0x04, 0x4D, 0x03, 0xF0, 0x00, 0x2F, 0x00, 0x00, 0x13, 0x16, 0x17, 0x16, 0x37, 0x36,
0x37, 0x15, 0x14, 0x17, 0x16, 0x3B, 0x01, 0x32, 0x37, 0x36, 0x35, 0x11, 0x34, 0x27, 0x26, 0x2B,
0x01, 0x22, 0x07, 0x06, 0x15, 0x11, 0x06, 0x35, 0x06, 0x07, 0x06, 0x07, 0x06, 0x27, 0x26, 0x35,
0x11, 0x34, 0x27, 0x26, 0x2B, 0x01, 0x22, 0x07, 0x06, 0x15, 0x47, 0x01, 0x75, 0x85, 0xE6, 0x2C,
0xBD, 0x1E, 0x1D, 0x29, 0x73, 0x2A, 0x1D, 0x1E, 0x2D, 0x2D, 0x40, 0x04, 0x40, 0x2D, 0x2D, 0x01,
0x01, 0x02, 0x0C, 0x5D, 0x6B, 0x62, 0x5E, 0x2D, 0x2D, 0x40, 0x03, 0x3F, 0x2D, 0x2D, 0x01, 0xF3,
0xEA, 0x92, 0xA9, 0x2F, 0x09, 0x6F, 0x01, 0x29, 0x1D, 0x1D, 0x1D, 0x1E, 0x29, 0x02, 0xE2, 0x3F,
0x2D, 0x2D, 0x2D, 0x2D, 0x3F, 0xFE, 0x57, 0x02, 0x01, 0x0E, 0x0A, 0x44, 0x39, 0x41, 0x30, 0x2E,
0xA9, 0x01, 0x79, 0x3F, 0x2D, 0x2D, 0x2D, 0x2D, 0x3F, 0x00, 0x00, 0x00, 0x00, 0x01, 0xFF, 0xEE,
0xFF, 0xF9, 0x03, 0xCC, 0x03, 0xD4, 0x00, 0x21, 0x00, 0x00, 0x01, 0x22, 0x07, 0x06, 0x07, 0x02,
0x07, 0x23, 0x26, 0x03, 0x26, 0x27, 0x26, 0x2B, 0x01, 0x22, 0x07, 0x06, 0x17, 0x13, 0x16, 0x17,
0x16, 0x3B, 0x01, 0x32, 0x37, 0x36, 0x37, 0x13, 0x36, 0x27, 0x26, 0x23, 0x03, 0x1D, 0x32, 0x29,
0x29, 0x0F, 0x87, 0x1E, 0x07, 0x1C, 0x83, 0x0E, 0x29, 0x29, 0x33, 0x13, 0x4F, 0x2E, 0x2E, 0x1A,
0xCF, 0x1C, 0x46, 0x46, 0x56, 0x04, 0x56, 0x45, 0x46, 0x1D, 0xDA, 0x1B, 0x2E, 0x2E, 0x4F, 0x03,
0xD4, 0x1E, 0x1E, 0x30, 0xFE, 0x41, 0x85, 0x8A, 0x01, 0xB9, 0x31, 0x1E, 0x1E, 0x40, 0x40, 0x4B,
0xFD, 0xA6, 0x51, 0x32, 0x33, 0x31, 0x31, 0x50, 0x02, 0x5C, 0x4B, 0x41, 0x41, 0x00, 0x00, 0x00,
0x00, 0x01, 0xFF, 0xF1, 0xFF, 0xF9, 0x05, 0xE9, 0x03, 0xB9, 0x00, 0x36, 0x00, 0x00, 0x01, 0x22,
0x07, 0x03, 0x06, 0x07, 0x26, 0x03, 0x26, 0x27, 0x26, 0x2B, 0x01, 0x22, 0x07, 0x06, 0x07, 0x02,
0x07, 0x26, 0x27, 0x03, 0x26, 0x2B, 0x01, 0x22, 0x07, 0x06, 0x17, 0x13, 0x16, 0x17, 0x16, 0x3B,
0x01, 0x32, 0x37, 0x36, 0x37, 0x1B, 0x01, 0x16, 0x17, 0x16, 0x3B, 0x01, 0x32, 0x37, 0x36, 0x37,
0x13, 0x36, 0x27, 0x26, 0x23, 0x05, 0x49, 0x64, 0x20, 0x6C, 0x2A, 0x20, 0x26, 0x65, 0x0C, 0x25,
0x26, 0x30, 0x20, 0x30, 0x26, 0x26, 0x0C, 0x66, 0x24, 0x20, 0x2A, 0x6C, 0x20, 0x64, 0x03, 0x4A,
0x29, 0x2A, 0x1B, 0xF6, 0x18, 0x37, 0x37, 0x43, 0x03, 0x49, 0x3A, 0x3A, 0x13, 0x4F, 0x4F, 0x13,
0x3A, 0x3A, 0x49, 0x03, 0x42, 0x37, 0x38, 0x18, 0xF6, 0x1B, 0x2A, 0x29, 0x4A, 0x03, 0xB9, 0x5E,
0xFE, 0xC8, 0x7B, 0x73, 0x99, 0x01, 0x83, 0x2E, 0x1D, 0x1D, 0x1D, 0x1D, 0x2E, 0xFE, 0x78, 0x94,
0x73, 0x7B, 0x01, 0x38, 0x5E, 0x3C, 0x3D, 0x45, 0xFD, 0x87, 0x3E, 0x26, 0x25, 0x2C, 0x2C, 0x46,
0x01, 0x1F, 0xFE, 0xE1, 0x46, 0x2C, 0x2C, 0x25, 0x26, 0x3E, 0x02, 0x79, 0x45, 0x3D, 0x3C, 0x00,
0x00, 0x01, 0xFF, 0xFF, 0xFF, 0xF9, 0x03, 0x8A, 0x03, 0xD2, 0x00, 0x23, 0x00, 0x00, 0x01, 0x22,
0x0F, 0x01, 0x27, 0x26, 0x2B, 0x01, 0x22, 0x07, 0x06, 0x17, 0x13, 0x03, 0x06, 0x17, 0x16, 0x3B,
0x01, 0x32, 0x3F, 0x01, 0x17, 0x16, 0x3B, 0x01, 0x32, 0x37, 0x36, 0x27, 0x03, 0x13, 0x36, 0x27,
0x26, 0x23, 0x02, 0xDC, 0x4F, 0x2B, 0x9D, 0x9E, 0x2A, 0x50, 0x03, 0x5C, 0x27, 0x28, 0x39, 0xCD,
0xCD, 0x39, 0x28, 0x27, 0x5C, 0x03, 0x50, 0x2A, 0x9E, 0x9D, 0x2B, 0x4F, 0x04, 0x5B, 0x28, 0x27,
0x39, 0xCC, 0xCC, 0x39, 0x27, 0x28, 0x5B, 0x03, 0xD2, 0x42, 0xF3, 0xF3, 0x42, 0x52, 0x53, 0x47,
0xFF, 0x00, 0xFE, 0xFF, 0x47, 0x53, 0x52, 0x42, 0xF3, 0xF3, 0x42, 0x52, 0x53, 0x47, 0x01, 0x01,
0x01, 0x00, 0x47, 0x53, 0x52, 0x00, 0x00, 0x00, 0x00, 0x01, 0xFF, 0xF4, 0xFE, 0x35, 0x03, 0xC7,
0x03, 0xD1, 0x00, 0x2A, 0x00, 0x00, 0x01, 0x22, 0x07, 0x06, 0x07, 0x02, 0x07, 0x03, 0x26, 0x27,
0x26, 0x2B, 0x01, 0x22, 0x07, 0x06, 0x17, 0x12, 0x17, 0x15, 0x14, 0x07, 0x06, 0x07, 0x22, 0x07,
0x06, 0x1D, 0x01, 0x14, 0x17, 0x16, 0x17, 0x16, 0x37, 0x36, 0x37, 0x36, 0x01, 0x36, 0x27, 0x26,
0x23, 0x03, 0x26, 0x2E, 0x26, 0x25, 0x0E, 0x8A, 0x1E, 0xC3, 0x0E, 0x25, 0x25, 0x2E, 0x19, 0x4D,
0x2A, 0x2A, 0x20, 0xEE, 0x24, 0x5F, 0x27, 0x2B, 0x30, 0x22, 0x22, 0x47, 0x1E, 0x15, 0xB6, 0x90,
0x84, 0x33, 0x08, 0x01, 0x2F, 0x18, 0x2A, 0x2A, 0x4A, 0x03, 0xD1, 0x1C, 0x1B, 0x2D, 0xFE, 0x3B,
0x87, 0x02, 0x4F, 0x2C, 0x1A, 0x1B, 0x40, 0x41, 0x46, 0xFD, 0xEE, 0xB8, 0x05, 0xA9, 0x2E, 0x13,
0x01, 0x23, 0x22, 0x31, 0x02, 0x4E, 0x1F, 0x0D, 0x04, 0x25, 0x63, 0x5B, 0xA6, 0x19, 0x03, 0x63,
0x45, 0x3C, 0x3B, 0x00, 0x00, 0x01, 0x00, 0x16, 0xFF, 0xF9, 0x03, 0x6A, 0x03, 0xC4, 0x00, 0x21,
0x00, 0x00, 0x25, 0x01, 0x36, 0x3D, 0x01, 0x34, 0x27, 0x26, 0x23, 0x21, 0x22, 0x07, 0x06, 0x17,
0x15, 0x16, 0x33, 0x21, 0x01, 0x06, 0x1D, 0x01, 0x14, 0x17, 0x16, 0x33, 0x21, 0x32, 0x37, 0x36,
0x2F, 0x01, 0x26, 0x23, 0x01, 0xA3, 0x01, 0x9E, 0x18, 0x23, 0x23, 0x31, 0xFD, 0xC2, 0x3B, 0x23,
0x23, 0x14, 0x1B, 0x53, 0x01, 0x31, 0xFE, 0x58, 0x18, 0x21, 0x21, 0x2F, 0x02, 0x63, 0x3B, 0x23,
0x22, 0x13, 0x01, 0x1A, 0x53, 0xE3, 0x02, 0x1F, 0x20, 0x29, 0x01, 0x32, 0x23, 0x23, 0x31, 0x30,
0x38, 0x03, 0x4E, 0xFD, 0xD7, 0x1E, 0x27, 0x01, 0x2F, 0x22, 0x21, 0x31, 0x30, 0x38, 0x03, 0x4E,
0x00, 0x01, 0x00, 0xD3, 0xFE, 0x87, 0x03, 0xB0, 0x06, 0x01, 0x00, 0x36, 0x00, 0x00, 0x01, 0x34,
0x27, 0x26, 0x35, 0x34, 0x37, 0x36, 0x35, 0x36, 0x27, 0x26, 0x37, 0x36, 0x37, 0x36, 0x27, 0x34,
0x27, 0x26, 0x35, 0x34, 0x37, 0x36, 0x3D, 0x01, 0x34, 0x27, 0x26, 0x07, 0x04, 0x15, 0x14, 0x17,
0x16, 0x15, 0x06, 0x07, 0x06, 0x1D, 0x01, 0x14, 0x17, 0x16, 0x15, 0x14, 0x07, 0x06, 0x15, 0x14,
0x05, 0x16, 0x37, 0x36, 0x35, 0x03, 0xB0, 0x40, 0x91, 0x0F, 0x0F, 0x03, 0xB7, 0x14, 0x02, 0x03,
0x16, 0xB1, 0x04, 0x0F, 0x0F, 0x90, 0x41, 0x33, 0x33, 0x3A, 0xFE, 0x88, 0x12, 0x0F, 0x05, 0x85,
0x5C, 0x5A, 0x8C, 0x0F, 0x12, 0x01, 0x77, 0x3B, 0x33, 0x33, 0xFE, 0xFE, 0x3E, 0x1F, 0x46, 0x50,
0x38, 0x52, 0x81, 0x2A, 0x8C, 0x6D, 0x0C, 0x15, 0x16, 0x07, 0x3C, 0xCB, 0x2F, 0x7B, 0x55, 0x36,
0x51, 0x44, 0x1E, 0x3E, 0x02, 0x36, 0x20, 0x1F, 0x12, 0x74, 0xAE, 0x3D, 0x85, 0xA6, 0x19, 0x81,
0x1E, 0x14, 0x53, 0x01, 0x54, 0x13, 0x1E, 0x7F, 0x19, 0xA6, 0x84, 0x3E, 0xB8, 0x6F, 0x12, 0x20,
0x1F, 0x36, 0x00, 0x00, 0x00, 0x01, 0x01, 0x7B, 0xFE, 0x88, 0x02, 0x5F, 0x06, 0x5E, 0x00, 0x13,
0x00, 0x00, 0x01, 0x14, 0x07, 0x06, 0x2B, 0x01, 0x22, 0x27, 0x26, 0x35, 0x11, 0x34, 0x37, 0x36,
0x3B, 0x01, 0x32, 0x17, 0x16, 0x15, 0x02, 0x5F, 0x21, 0x21, 0x2F, 0x02, 0x2F, 0x21, 0x21, 0x21,
0x21, 0x2F, 0x02, 0x2F, 0x21, 0x21, 0xFE, 0xF9, 0x2F, 0x21, 0x21, 0x21, 0x21, 0x2F, 0x06, 0xF4,
0x2F, 0x21, 0x21, 0x21, 0x21, 0x2F, 0x00, 0x00, 0x00, 0x01, 0x00, 0x7A, 0xFE, 0x87, 0x03, 0x57,
0x06, 0x01, 0x00, 0x36, 0x00, 0x00, 0x13, 0x14, 0x17, 0x16, 0x37, 0x24, 0x35, 0x34, 0x27, 0x26,
0x35, 0x34, 0x37, 0x36, 0x3D, 0x01, 0x34, 0x27, 0x26, 0x27, 0x34, 0x37, 0x36, 0x35, 0x34, 0x25,
0x26, 0x07, 0x06, 0x1D, 0x01, 0x14, 0x17, 0x16, 0x15, 0x14, 0x07, 0x06, 0x15, 0x06, 0x17, 0x16,
0x17, 0x16, 0x07, 0x06, 0x17, 0x14, 0x17, 0x16, 0x15, 0x14, 0x07, 0x06, 0x15, 0x7A, 0x33, 0x33,
0x3B, 0x01, 0x77, 0x12, 0x0F, 0x8C, 0x5A, 0x5C, 0x85, 0x05, 0x0F, 0x12, 0xFE, 0x88, 0x3A, 0x33,
0x33, 0x41, 0x90, 0x0F, 0x0F, 0x04, 0xB1, 0x16, 0x03, 0x02, 0x14, 0xB7, 0x03, 0x0F, 0x0F, 0x91,
0x40, 0xFE, 0xFC, 0x36, 0x1F, 0x20, 0x12, 0x6F, 0xB8, 0x3E, 0x84, 0xA6, 0x19, 0x7F, 0x1E, 0x13,
0x54, 0x01, 0x53, 0x14, 0x1E, 0x81, 0x19, 0xA6, 0x85, 0x3D, 0xAE, 0x74, 0x12, 0x1F, 0x20, 0x36,
0x02, 0x3E, 0x1E, 0x44, 0x51, 0x36, 0x55, 0x7B, 0x2F, 0xCB, 0x3C, 0x07, 0x16, 0x15, 0x0C, 0x6D,
0x8C, 0x2A, 0x81, 0x52, 0x38, 0x50, 0x46, 0x1F, 0x3E, 0x00, 0x00, 0x00, 0x00, 0x01, 0x01, 0xC1,
0x02, 0x0E, 0x04, 0xB9, 0x03, 0x42, 0x00, 0x23, 0x00, 0x00, 0x00, 0x23, 0x22, 0x27, 0x26, 0x27,
0x26, 0x23, 0x22, 0x07, 0x06, 0x27, 0x26, 0x35, 0x26, 0x37, 0x36, 0x37, 0x36, 0x33, 0x32, 0x17,
0x16, 0x17, 0x16, 0x17, 0x16, 0x33, 0x32, 0x37, 0x36, 0x17, 0x16, 0x17, 0x16, 0x07, 0x04, 0x05,
0x3A, 0x25, 0x25, 0x26, 0x4F, 0x4F, 0x2E, 0x33, 0x43, 0x1A, 0x1D, 0x1E, 0x03, 0x0C, 0x18, 0x4E,
0x27, 0x4A, 0x1F, 0x23, 0x22, 0x42, 0x43, 0x1C, 0x1C, 0x19, 0x07, 0x67, 0x2C, 0x1F, 0x1D, 0x01,
0x04, 0x91, 0x02, 0x0E, 0x0B, 0x0B, 0x28, 0x28, 0x35, 0x15, 0x0F, 0x0F, 0x20, 0x1F, 0x28, 0x4F,
0x2D, 0x17, 0x0A, 0x0A, 0x21, 0x21, 0x08, 0x08, 0x36, 0x17, 0x12, 0x11, 0x2A, 0x6A, 0x50, 0x00,
0xFF, 0xFF, 0x00, 0x83, 0xFE, 0x6A, 0x01, 0xF8, 0x03, 0xF2, 0x00, 0x0B, 0x00, 0x04, 0x02, 0x99,
0x03, 0xEB, 0xC0, 0x00, 0x00, 0x02, 0x00, 0x67, 0xFF, 0x01, 0x04, 0xA1, 0x05, 0x98, 0x00, 0x1C,
0x00, 0x20, 0x00, 0x00, 0x01, 0x06, 0x27, 0x22, 0x27, 0x26, 0x3D, 0x01, 0x34, 0x37, 0x36, 0x37,
0x36, 0x17, 0x16, 0x17, 0x11, 0x26, 0x23, 0x22, 0x07, 0x06, 0x15, 0x14, 0x17, 0x16, 0x33, 0x32,
0x37, 0x09, 0x01, 0x23, 0x01, 0x03, 0xBF, 0x48, 0xA4, 0x70, 0x4E, 0x4F, 0x23, 0x26, 0x3E, 0x6A,
0x6F, 0x5E, 0x3B, 0x78, 0x83, 0xF2, 0xAB, 0xAB, 0xAB, 0xAB, 0xF2, 0x83, 0x78, 0xFD, 0x87, 0x03,
0x5B, 0xDD, 0xFC, 0xA3, 0x01, 0x35, 0x64, 0x14, 0x58, 0x58, 0x7C, 0x0E, 0x52, 0x42, 0x44, 0x1A,
0x2C, 0x16, 0x12, 0x37, 0x01, 0x22, 0x37, 0xA3, 0xA4, 0xE7, 0xE7, 0xA3, 0xA3, 0x36, 0xFE, 0xEF,
0x06, 0x97, 0xF9, 0x69, 0x00, 0x01, 0x00, 0x4B, 0x00, 0x18, 0x03, 0xEE, 0x05, 0x22, 0x00, 0x50,
0x00, 0x00, 0x25, 0x36, 0x37, 0x36, 0x35, 0x34, 0x27, 0x33, 0x32, 0x37, 0x36, 0x3D, 0x01, 0x34,
0x27, 0x26, 0x2B, 0x01, 0x26, 0x27, 0x26, 0x35, 0x34, 0x37, 0x36, 0x33, 0x32, 0x17, 0x16, 0x3F,
0x01, 0x36, 0x27, 0x26, 0x27, 0x26, 0x23, 0x22, 0x07, 0x06, 0x07, 0x06, 0x15, 0x14, 0x17, 0x23,
0x22, 0x07, 0x06, 0x1D, 0x01, 0x14, 0x17, 0x16, 0x3B, 0x01, 0x16, 0x15, 0x14, 0x07, 0x06, 0x07,
0x06, 0x07, 0x06, 0x1D, 0x01, 0x14, 0x17, 0x16, 0x33, 0x21, 0x32, 0x37, 0x36, 0x3D, 0x01, 0x34,
0x27, 0x26, 0x23, 0x01, 0x98, 0x38, 0x15, 0x1A, 0x02, 0x63, 0x23, 0x18, 0x18, 0x19, 0x19, 0x23,
0x8A, 0x13, 0x0D, 0x0D, 0x2F, 0x30, 0x47, 0x1D, 0x18, 0x45, 0x2A, 0x09, 0x23, 0x12, 0x13, 0x37,
0x32, 0x3A, 0x74, 0x62, 0x61, 0x36, 0x35, 0x25, 0x3B, 0x22, 0x18, 0x18, 0x19, 0x19, 0x24, 0x64,
0x04, 0x2C, 0x08, 0x14, 0x14, 0x28, 0x21, 0x17, 0x17, 0x21, 0x02, 0xF1, 0x1F, 0x15, 0x16, 0x2A,
0x2B, 0x3C, 0xF6, 0x47, 0x2F, 0x3C, 0x62, 0x14, 0x14, 0x18, 0x18, 0x23, 0x01, 0x24, 0x19, 0x19,
0x33, 0x3E, 0x3E, 0x25, 0x49, 0x30, 0x30, 0x08, 0x15, 0x33, 0x0A, 0x2B, 0x35, 0x34, 0x0B, 0x0A,
0x2F, 0x2E, 0x58, 0x59, 0x62, 0x6D, 0x69, 0x18, 0x18, 0x22, 0x02, 0x24, 0x19, 0x19, 0x1B, 0x18,
0x67, 0x52, 0x0E, 0x1A, 0x1A, 0x15, 0x11, 0x25, 0x51, 0x21, 0x17, 0x18, 0x16, 0x16, 0x1F, 0x02,
0x3C, 0x2B, 0x2A, 0x00, 0x00, 0x02, 0x00, 0x7A, 0x01, 0x4C, 0x03, 0x7B, 0x04, 0x4E, 0x00, 0x1F,
0x00, 0x4B, 0x00, 0x00, 0x01, 0x16, 0x17, 0x16, 0x33, 0x32, 0x37, 0x36, 0x37, 0x36, 0x37, 0x36,
0x35, 0x34, 0x27, 0x26, 0x27, 0x26, 0x27, 0x26, 0x23, 0x22, 0x07, 0x06, 0x07, 0x06, 0x07, 0x06,
0x15, 0x14, 0x17, 0x16, 0x03, 0x27, 0x37, 0x17, 0x36, 0x37, 0x36, 0x33, 0x32, 0x17, 0x16, 0x17,
0x37, 0x17, 0x07, 0x16, 0x17, 0x16, 0x15, 0x14, 0x07, 0x06, 0x07, 0x17, 0x07, 0x27, 0x06, 0x07,
0x06, 0x23, 0x22, 0x27, 0x26, 0x27, 0x07, 0x27, 0x37, 0x26, 0x27, 0x26, 0x35, 0x34, 0x37, 0x36,
0x01, 0x88, 0x1E, 0x2A, 0x15, 0x16, 0x15, 0x15, 0x2A, 0x1E, 0x1D, 0x0D, 0x07, 0x07, 0x0D, 0x1D,
0x1E, 0x2B, 0x15, 0x15, 0x15, 0x16, 0x2A, 0x1D, 0x1D, 0x0C, 0x07, 0x06, 0x0C, 0x7A, 0x76, 0x50,
0x76, 0x2C, 0x37, 0x2C, 0x2D, 0x29, 0x2A, 0x39, 0x2D, 0x76, 0x50, 0x75, 0x1F, 0x11, 0x0C, 0x0C,
0x11, 0x1F, 0x75, 0x50, 0x76, 0x2D, 0x38, 0x2A, 0x2B, 0x2A, 0x2B, 0x39, 0x2D, 0x76, 0x50, 0x76,
0x20, 0x10, 0x0C, 0x0D, 0x10, 0x02, 0x52, 0x20, 0x0D, 0x06, 0x06, 0x0D, 0x20, 0x20, 0x2D, 0x17,
0x17, 0x17, 0x17, 0x2D, 0x20, 0x20, 0x0D, 0x07, 0x08, 0x0D, 0x1F, 0x1F, 0x2E, 0x17, 0x18, 0x16,
0x16, 0x2E, 0x01, 0x15, 0x76, 0x51, 0x76, 0x1E, 0x10, 0x0E, 0x0C, 0x11, 0x1F, 0x76, 0x51, 0x75,
0x2E, 0x38, 0x2A, 0x2B, 0x2A, 0x2B, 0x38, 0x2E, 0x75, 0x51, 0x76, 0x20, 0x10, 0x0C, 0x0C, 0x10,
0x20, 0x76, 0x51, 0x75, 0x2E, 0x39, 0x2A, 0x2A, 0x2C, 0x2B, 0x37, 0x00, 0x00, 0x01, 0x00, 0x23,
0xFF, 0xF9, 0x03, 0xF0, 0x05, 0x49, 0x00, 0x4D, 0x00, 0x00, 0x01, 0x15, 0x14, 0x07, 0x06, 0x2B,
0x01, 0x22, 0x27, 0x26, 0x3D, 0x01, 0x23, 0x22, 0x27, 0x26, 0x3D, 0x01, 0x34, 0x37, 0x36, 0x3B,
0x01, 0x35, 0x27, 0x23, 0x22, 0x27, 0x26, 0x3D, 0x01, 0x34, 0x37, 0x36, 0x3B, 0x01, 0x03, 0x26,
0x37, 0x36, 0x3B, 0x01, 0x32, 0x17, 0x12, 0x17, 0x13, 0x36, 0x3B, 0x01, 0x32, 0x17, 0x16, 0x07,
0x03, 0x33, 0x32, 0x17, 0x16, 0x1D, 0x01, 0x14, 0x07, 0x06, 0x2B, 0x01, 0x07, 0x15, 0x21, 0x32,
0x17, 0x16, 0x1D, 0x01, 0x14, 0x07, 0x06, 0x23, 0x02, 0x8F, 0x28, 0x29, 0x39, 0x03, 0x39, 0x29,
0x29, 0xFA, 0x25, 0x1B, 0x1A, 0x1A, 0x1B, 0x25, 0xFA, 0x1E, 0xDC, 0x25, 0x1B, 0x1A, 0x1A, 0x1B,
0x25, 0x92, 0xBF, 0x21, 0x27, 0x27, 0x4A, 0x0F, 0x5B, 0x21, 0xA3, 0x19, 0xBE, 0x21, 0x5B, 0x03,
0x4B, 0x26, 0x28, 0x24, 0xC9, 0x9F, 0x26, 0x19, 0x1B, 0x1B, 0x19, 0x26, 0xEC, 0x1B, 0x01, 0x07,
0x26, 0x19, 0x1B, 0x1B, 0x19, 0x26, 0x01, 0x05, 0x69, 0x44, 0x30, 0x2F, 0x2F, 0x30, 0x44, 0x69,
0x19, 0x19, 0x23, 0x02, 0x23, 0x19, 0x19, 0x04, 0x46, 0x19, 0x19, 0x23, 0x02, 0x23, 0x19, 0x19,
0x01, 0xBF, 0x4E, 0x4A, 0x4B, 0x64, 0xFE, 0x10, 0x4C, 0x02, 0x3C, 0x64, 0x4C, 0x4C, 0x4E, 0xFE,
0x44, 0x19, 0x19, 0x23, 0x02, 0x23, 0x19, 0x19, 0x3B, 0x0F, 0x19, 0x19, 0x23, 0x02, 0x23, 0x19,
0x19, 0x00, 0x00, 0x00, 0x00, 0x02, 0x01, 0xAB, 0xFE, 0x5E, 0x02, 0x4B, 0x06, 0x2A, 0x00, 0x03,
0x00, 0x07, 0x00, 0x00, 0x01, 0x33, 0x11, 0x23, 0x11, 0x33, 0x11, 0x23, 0x01, 0xAB, 0xA0, 0xA0,
0xA0, 0xA0, 0x01, 0x73, 0xFC, 0xEB, 0x07, 0xCC, 0xFC, 0xEB, 0x00, 0x00, 0x00, 0x02, 0x00, 0x4A,
0xFE, 0x4C, 0x03, 0xED, 0x05, 0x9C, 0x00, 0x0F, 0x00, 0x4F, 0x00, 0x00, 0x00, 0x37, 0x16, 0x17,
0x16, 0x17, 0x16, 0x15, 0x14, 0x07, 0x26, 0x27, 0x26, 0x27, 0x26, 0x35, 0x24, 0x27, 0x26, 0x27,
0x26, 0x27, 0x26, 0x35, 0x34, 0x37, 0x36, 0x33, 0x32, 0x17, 0x16, 0x37, 0x36, 0x3F, 0x01, 0x36,
0x27, 0x26, 0x27, 0x26, 0x23, 0x22, 0x07, 0x06, 0x15, 0x14, 0x17, 0x06, 0x15, 0x10, 0x05, 0x16,
0x17, 0x16, 0x15, 0x14, 0x07, 0x06, 0x23, 0x22, 0x27, 0x26, 0x07, 0x06, 0x0F, 0x01, 0x06, 0x17,
0x16, 0x17, 0x16, 0x33, 0x20, 0x37, 0x36, 0x35, 0x34, 0x27, 0x36, 0x35, 0x01, 0x91, 0x08, 0x17,
0x16, 0x7C, 0x32, 0x32, 0x05, 0x15, 0x03, 0x8D, 0x30, 0x3B, 0x02, 0x5C, 0x56, 0x56, 0xB8, 0x8D,
0x30, 0x3B, 0x2E, 0x34, 0x5D, 0x47, 0x5E, 0x33, 0x2F, 0x2E, 0x0F, 0x01, 0x0E, 0x1C, 0x1B, 0x36,
0x8E, 0x54, 0xEA, 0x90, 0x90, 0x50, 0x50, 0x01, 0x7C, 0x7C, 0x32, 0x32, 0x38, 0x37, 0x62, 0x4F,
0x85, 0x37, 0x32, 0x32, 0x0E, 0x01, 0x0D, 0x1B, 0x1B, 0x34, 0xA6, 0x69, 0x01, 0x1B, 0x93, 0x7C,
0x48, 0x48, 0x02, 0x62, 0x12, 0x09, 0x08, 0x2A, 0x29, 0x29, 0x3B, 0x0F, 0x12, 0x08, 0x02, 0x35,
0x20, 0x29, 0x3B, 0x06, 0x63, 0x63, 0x45, 0x35, 0x20, 0x29, 0x3B, 0x33, 0x22, 0x27, 0x1A, 0x0E,
0x1B, 0x1A, 0x34, 0x03, 0x35, 0x2F, 0x30, 0x0D, 0x23, 0x72, 0x72, 0xBA, 0x7F, 0x60, 0x65, 0x86,
0xFE, 0xED, 0x88, 0x2A, 0x29, 0x29, 0x3B, 0x42, 0x25, 0x25, 0x29, 0x11, 0x1C, 0x1D, 0x38, 0x02,
0x35, 0x2E, 0x2F, 0x0F, 0x30, 0x88, 0x74, 0xB1, 0x84, 0x5E, 0x65, 0x82, 0x00, 0x02, 0x01, 0x13,
0x04, 0x23, 0x02, 0xD8, 0x04, 0xEE, 0x00, 0x0B, 0x00, 0x17, 0x00, 0x00, 0x00, 0x16, 0x15, 0x14,
0x06, 0x23, 0x22, 0x26, 0x35, 0x34, 0x36, 0x33, 0x20, 0x16, 0x15, 0x14, 0x06, 0x23, 0x22, 0x26,
0x35, 0x34, 0x36, 0x33, 0x01, 0xA6, 0x3C, 0x3C, 0x2B, 0x2B, 0x3D, 0x3D, 0x2B, 0x01, 0x21, 0x3C,
0x3C, 0x2C, 0x2B, 0x3C, 0x3C, 0x2B, 0x04, 0xEE, 0x3B, 0x2A, 0x2A, 0x3C, 0x3C, 0x2A, 0x2A, 0x3B,
0x3B, 0x2A, 0x2A, 0x3C, 0x3C, 0x2A, 0x2A, 0x3B, 0x00, 0x03, 0x00, 0x92, 0xFF, 0xC9, 0x06, 0x10,
0x04, 0xF1, 0x00, 0x0F, 0x00, 0x1F, 0x00, 0x53, 0x00, 0x00, 0x00, 0x17, 0x16, 0x33, 0x16, 0x37,
0x36, 0x35, 0x34, 0x27, 0x26, 0x23, 0x22, 0x07, 0x06, 0x15, 0x00, 0x07, 0x06, 0x21, 0x20, 0x27,
0x26, 0x11, 0x10, 0x37, 0x36, 0x21, 0x20, 0x17, 0x16, 0x11, 0x01, 0x26, 0x07, 0x06, 0x23, 0x22,
0x27, 0x26, 0x35, 0x34, 0x37, 0x36, 0x33, 0x32, 0x17, 0x16, 0x37, 0x33, 0x36, 0x37, 0x34, 0x27,
0x26, 0x27, 0x26, 0x23, 0x22, 0x07, 0x06, 0x07, 0x06, 0x15, 0x14, 0x17, 0x16, 0x17, 0x16, 0x3B,
0x01, 0x32, 0x33, 0x32, 0x3B, 0x01, 0x32, 0x37, 0x36, 0x37, 0x36, 0x37, 0x36, 0x27, 0x01, 0x29,
0xA1, 0xA1, 0xE7, 0xE5, 0xA1, 0xA1, 0xA2, 0xA1, 0xE6, 0xE5, 0xA1, 0xA1, 0x04, 0xE7, 0xCC, 0xCB,
0xFE, 0xDB, 0xFE, 0xDA, 0xCE, 0xCE, 0xCE, 0xCF, 0x01, 0x28, 0x01, 0x22, 0xCC, 0xCB, 0xFE, 0x39,
0x1E, 0x20, 0x31, 0x35, 0x73, 0x50, 0x51, 0x51, 0x50, 0x73, 0x36, 0x32, 0x1D, 0x1E, 0x02, 0x39,
0x01, 0x38, 0x41, 0x46, 0x16, 0x0A, 0x0B, 0x16, 0xCE, 0x7F, 0x86, 0x76, 0x7C, 0xE1, 0x0E, 0x07,
0x06, 0x04, 0x02, 0x02, 0x03, 0x05, 0x08, 0x0E, 0x46, 0x3E, 0x3D, 0x01, 0x01, 0x3C, 0x01, 0x7B,
0x9C, 0x9D, 0x01, 0x9D, 0x9D, 0xE2, 0xE0, 0x9E, 0x9D, 0x9D, 0x9E, 0xE0, 0xFE, 0xEE, 0xC1, 0xC1,
0xC1, 0xC1, 0x01, 0x14, 0x01, 0x11, 0xC1, 0xC0, 0xC0, 0xC1, 0xFE, 0xEF, 0xFE, 0xFD, 0x08, 0x0D,
0x13, 0x50, 0x4F, 0x71, 0x70, 0x50, 0x50, 0x14, 0x0C, 0x08, 0x10, 0x34, 0x35, 0x0F, 0x11, 0x06,
0x02, 0x02, 0x10, 0x6B, 0x71, 0xB6, 0xA8, 0x6A, 0x71, 0x0A, 0x01, 0x01, 0x03, 0x0E, 0x0E, 0x38,
0x38, 0x10, 0x00, 0x00, 0xFF, 0xFF, 0x00, 0x26, 0x01, 0xC6, 0x02, 0xCE, 0x05, 0x58, 0x00, 0x63,
0x00, 0x44, 0x00, 0x0A, 0x02, 0xFE, 0x2A, 0x3D, 0x26, 0x66, 0x00, 0x43, 0x00, 0x42, 0x00, 0x7F,
0x03, 0x6B, 0x20, 0x00, 0x40, 0x00, 0x00, 0x00, 0x00, 0x02, 0x00, 0xAE, 0x00, 0xB0, 0x03, 0x4B,
0x03, 0x0E, 0x00, 0x07, 0x00, 0x0F, 0x00, 0x00, 0x13, 0x01, 0x33, 0x15, 0x03, 0x13, 0x15, 0x23,
0x03, 0x01, 0x33, 0x15, 0x03, 0x13, 0x15, 0x23, 0xAE, 0x01, 0x56, 0x0E, 0xCD, 0xCD, 0x0E, 0x1D,
0x01, 0x56, 0x0E, 0xCD, 0xCD, 0x0E, 0x01, 0xDF, 0x01, 0x2F, 0x25, 0xFE, 0xF6, 0xFE, 0xF6, 0x25,
0x01, 0x2F, 0x01, 0x2F, 0x25, 0xFE, 0xF6, 0xFE, 0xF6, 0x25, 0x00, 0x00, 0x00, 0x01, 0x00, 0x4A,
0x01, 0x1C, 0x03, 0x93, 0x03, 0x0A, 0x00, 0x19, 0x00, 0x00, 0x01, 0x32, 0x17, 0x16, 0x15, 0x11,
0x14, 0x07, 0x06, 0x2B, 0x01, 0x22, 0x27, 0x26, 0x35, 0x11, 0x21, 0x22, 0x27, 0x26, 0x3D, 0x01,
0x34, 0x37, 0x36, 0x33, 0x03, 0x35, 0x27, 0x1C, 0x1B, 0x17, 0x17, 0x21, 0x02, 0x20, 0x17, 0x18,
0xFD, 0xBC, 0x2A, 0x1D, 0x1E, 0x1E, 0x1D, 0x2A, 0x03, 0x0A, 0x14, 0x14, 0x1D, 0xFE, 0x92, 0x19,
0x11, 0x11, 0x11, 0x11, 0x19, 0x01, 0x1D, 0x16, 0x16, 0x1F, 0x01, 0x1F, 0x15, 0x16, 0x00, 0x00,
0x00, 0x04, 0x00, 0x92, 0xFF, 0xC9, 0x06, 0x10, 0x04, 0xF1, 0x00, 0x0F, 0x00, 0x1F, 0x00, 0x2A,
0x00, 0x3E, 0x00, 0x00, 0x00, 0x17, 0x16, 0x33, 0x16, 0x37, 0x36, 0x35, 0x34, 0x27, 0x26, 0x23,
0x22, 0x07, 0x06, 0x15, 0x00, 0x07, 0x06, 0x21, 0x20, 0x27, 0x26, 0x11, 0x10, 0x37, 0x36, 0x21,
0x20, 0x17, 0x16, 0x11, 0x25, 0x33, 0x32, 0x17, 0x16, 0x15, 0x14, 0x07, 0x06, 0x2B, 0x01, 0x03,
0x35, 0x33, 0x17, 0x33, 0x03, 0x36, 0x37, 0x36, 0x35, 0x34, 0x27, 0x26, 0x27, 0x35, 0x23, 0x26,
0x23, 0x21, 0x11, 0x01, 0x29, 0xA1, 0xA1, 0xE7, 0xE5, 0xA1, 0xA1, 0xA2, 0xA1, 0xE6, 0xE5, 0xA1,
0xA1, 0x04, 0xE7, 0xCC, 0xCB, 0xFE, 0xDB, 0xFE, 0xDA, 0xCE, 0xCE, 0xCE, 0xCF, 0x01, 0x28, 0x01,
0x22, 0xCC, 0xCB, 0xFD, 0x00, 0x5A, 0x2F, 0x20, 0x21, 0x21, 0x20, 0x2F, 0x5A, 0x01, 0x3E, 0x96,
0xBB, 0xA3, 0x40, 0x27, 0x27, 0x3D, 0x3D, 0x5C, 0x04, 0x14, 0x0F, 0xFE, 0xCC, 0x01, 0x7B, 0x9C,
0x9D, 0x01, 0x9D, 0x9D, 0xE2, 0xE0, 0x9E, 0x9D, 0x9D, 0x9E, 0xE0, 0xFE, 0xEE, 0xC1, 0xC1, 0xC1,
0xC1, 0x01, 0x14, 0x01, 0x11, 0xC1, 0xC0, 0xC0, 0xC1, 0xFE, 0xEF, 0xE3, 0x20, 0x20, 0x2E, 0x2E,
0x20, 0x20, 0xFE, 0x88, 0xF7, 0xF7, 0x01, 0x0F, 0x1D, 0x38, 0x39, 0x44, 0x57, 0x42, 0x41, 0x0D,
0x01, 0x02, 0xFD, 0x35, 0xFF, 0xFF, 0x00, 0x62, 0x04, 0xC1, 0x02, 0xED, 0x05, 0x97, 0x02, 0x03,
0x00, 0x10, 0xFF, 0xE6, 0x03, 0x15, 0x00, 0x00, 0x00, 0x02, 0x00, 0x3C, 0x03, 0x76, 0x02, 0x68,
0x05, 0xA2, 0x00, 0x0B, 0x00, 0x17, 0x00, 0x00, 0x01, 0x22, 0x06, 0x15, 0x14, 0x16, 0x33, 0x32,
0x36, 0x35, 0x34, 0x26, 0x27, 0x32, 0x16, 0x15, 0x14, 0x06, 0x23, 0x22, 0x26, 0x35, 0x34, 0x36,
0x01, 0x53, 0x56, 0x7B, 0x7A, 0x57, 0x57, 0x78, 0x79, 0x56, 0x73, 0xA2, 0xA4, 0x73, 0x75, 0xA0,
0xA3, 0x05, 0x5C, 0x7A, 0x57, 0x57, 0x78, 0x78, 0x57, 0x57, 0x7A, 0x46, 0xA3, 0x73, 0x72, 0xA4,
0xA2, 0x74, 0x74, 0xA2, 0xFF, 0xFF, 0x01, 0x12, 0xFF, 0xF9, 0x05, 0x6F, 0x05, 0x66, 0x02, 0x23,
0x00, 0x0E, 0xFF, 0xEF, 0x00, 0xDE, 0x00, 0x03, 0x00, 0xE3, 0x01, 0x4D, 0xFD, 0x83, 0x00, 0x00,
0x00, 0x01, 0x01, 0x45, 0x02, 0x42, 0x03, 0xCD, 0x05, 0x98, 0x00, 0x2A, 0x00, 0x00, 0x00, 0x37,
0x36, 0x35, 0x34, 0x27, 0x26, 0x23, 0x22, 0x07, 0x06, 0x07, 0x06, 0x07, 0x17, 0x36, 0x37, 0x36,
0x37, 0x36, 0x17, 0x16, 0x17, 0x16, 0x17, 0x16, 0x17, 0x16, 0x07, 0x06, 0x07, 0x06, 0x07, 0x06,
0x07, 0x06, 0x0F, 0x01, 0x21, 0x35, 0x21, 0x36, 0x37, 0x03, 0x9E, 0x18, 0x17, 0x52, 0x52, 0x8E,
0x6E, 0x58, 0x16, 0x1F, 0x17, 0x07, 0x7D, 0x0D, 0x20, 0x21, 0x2A, 0x37, 0x2A, 0x0B, 0x07, 0x0F,
0x07, 0x09, 0x01, 0x04, 0x20, 0x05, 0x05, 0x03, 0x44, 0x53, 0x39, 0xC7, 0x04, 0x01, 0x02, 0x88,
0xFE, 0xDB, 0x19, 0xAC, 0x04, 0x05, 0x34, 0x34, 0x3A, 0x68, 0x44, 0x45, 0x39, 0x0E, 0x1A, 0x14,
0x01, 0x69, 0x22, 0x17, 0x17, 0x03, 0x05, 0x1E, 0x05, 0x07, 0x0D, 0x15, 0x12, 0x13, 0x2D, 0x24,
0x09, 0x06, 0x05, 0x4B, 0x5D, 0x40, 0xE3, 0x24, 0x0A, 0xA6, 0x21, 0xC3, 0x00, 0x01, 0x01, 0x3A,
0x02, 0x40, 0x03, 0xA4, 0x05, 0x98, 0x00, 0x3A, 0x00, 0x00, 0x01, 0x33, 0x16, 0x37, 0x16, 0x17,
0x16, 0x17, 0x16, 0x0F, 0x01, 0x06, 0x07, 0x06, 0x27, 0x26, 0x2F, 0x01, 0x07, 0x17, 0x16, 0x17,
0x16, 0x33, 0x32, 0x37, 0x36, 0x37, 0x36, 0x27, 0x26, 0x27, 0x36, 0x27, 0x26, 0x27, 0x26, 0x23,
0x22, 0x07, 0x06, 0x0F, 0x01, 0x17, 0x37, 0x36, 0x37, 0x36, 0x33, 0x32, 0x17, 0x16, 0x17, 0x16,
0x07, 0x06, 0x07, 0x06, 0x27, 0x01, 0xEE, 0x05, 0x21, 0x21, 0x21, 0x1E, 0x23, 0x11, 0x10, 0x07,
0x01, 0x0A, 0x37, 0x37, 0x47, 0x69, 0x23, 0x0B, 0x20, 0x05, 0x4A, 0x57, 0x34, 0x34, 0x83, 0x5D,
0x5D, 0x12, 0x0D, 0x27, 0x27, 0x53, 0x7E, 0x0D, 0x09, 0x56, 0x56, 0x7A, 0x1F, 0x1E, 0x41, 0x3B,
0x2E, 0x2E, 0x0A, 0x2B, 0x42, 0x0E, 0x0D, 0x3A, 0x2A, 0x29, 0x05, 0x04, 0x2A, 0x2B, 0x43, 0x17,
0x17, 0x03, 0xD5, 0x02, 0x04, 0x09, 0x10, 0x12, 0x22, 0x21, 0x25, 0x05, 0x37, 0x1E, 0x1E, 0x0E,
0x0A, 0x35, 0x11, 0xA3, 0x03, 0x2A, 0x10, 0x0A, 0x3A, 0x39, 0x5B, 0x49, 0x49, 0x47, 0x36, 0x53,
0x6E, 0x51, 0x34, 0x35, 0x04, 0x08, 0x17, 0x0C, 0x83, 0x09, 0x26, 0x07, 0x01, 0x19, 0x1B, 0x26,
0x2B, 0x25, 0x26, 0x08, 0x02, 0x02, 0x00, 0x00, 0x00, 0x01, 0x01, 0x40, 0x04, 0x1F, 0x02, 0xC6,
0x05, 0x0D, 0x00, 0x0F, 0x00, 0x00, 0x01, 0x36, 0x3B, 0x01, 0x32, 0x17, 0x16, 0x0F, 0x01, 0x06,
0x2B, 0x01, 0x22, 0x27, 0x26, 0x37, 0x01, 0xE6, 0x14, 0x1A, 0x88, 0x1E, 0x06, 0x06, 0x19, 0xC5,
0x0A, 0x0B, 0x7C, 0x0F, 0x04, 0x04, 0x0B, 0x04, 0xF7, 0x16, 0x1B, 0x1A, 0x17, 0x99, 0x09, 0x0D,
0x0C, 0x0D, 0x00, 0x00, 0x00, 0x01, 0x00, 0x72, 0xFE, 0x72, 0x04, 0x11, 0x04, 0x0B, 0x00, 0x39,
0x00, 0x00, 0x25, 0x14, 0x17, 0x16, 0x3B, 0x01, 0x32, 0x37, 0x36, 0x35, 0x11, 0x34, 0x27, 0x26,
0x2B, 0x01, 0x22, 0x07, 0x06, 0x07, 0x06, 0x15, 0x11, 0x06, 0x07, 0x06, 0x27, 0x26, 0x27, 0x26,
0x27, 0x16, 0x27, 0x11, 0x34, 0x27, 0x26, 0x2B, 0x01, 0x22, 0x07, 0x06, 0x15, 0x11, 0x14, 0x17,
0x16, 0x3B, 0x01, 0x32, 0x37, 0x36, 0x35, 0x13, 0x16, 0x37, 0x36, 0x37, 0x02, 0xC8, 0x2F, 0x30,
0x44, 0x03, 0x43, 0x30, 0x30, 0x30, 0x30, 0x43, 0x0B, 0x3F, 0x2D, 0x21, 0x09, 0x05, 0x0C, 0x50,
0x27, 0x6A, 0x21, 0x0D, 0x02, 0x01, 0x01, 0x02, 0x2D, 0x2D, 0x40, 0x03, 0x40, 0x2D, 0x2D, 0x2D,
0x2E, 0x40, 0x03, 0x3F, 0x2E, 0x2D, 0x03, 0x60, 0xB2, 0x05, 0x04, 0x33, 0x44, 0x2F, 0x30, 0x30,
0x2F, 0x44, 0x03, 0x35, 0x43, 0x30, 0x30, 0x2D, 0x21, 0x2A, 0x14, 0x17, 0xFE, 0x62, 0x81, 0x27,
0x30, 0x41, 0x39, 0x44, 0x0A, 0x0E, 0x01, 0x02, 0x01, 0xA8, 0x40, 0x2D, 0x2D, 0x2D, 0x2D, 0x40,
0xFB, 0x9C, 0x40, 0x2E, 0x2D, 0x2D, 0x2D, 0x40, 0x01, 0x66, 0xAD, 0x8C, 0x04, 0x03, 0x00, 0x00,
0x00, 0x01, 0x00, 0x5D, 0x00, 0x00, 0x03, 0xA1, 0x05, 0x9B, 0x00, 0x0F, 0x00, 0x00, 0x01, 0x15,
0x23, 0x11, 0x23, 0x11, 0x23, 0x11, 0x23, 0x11, 0x2E, 0x01, 0x35, 0x34, 0x36, 0x33, 0x03, 0xA1,
0x7F, 0x52, 0xA6, 0x54, 0xAE, 0xCB, 0xD7, 0xB2, 0x05, 0x9B, 0x46, 0xFA, 0xAB, 0x05, 0x55, 0xFA,
0xAB, 0x02, 0xE2, 0x08, 0xBD, 0x97, 0x9D, 0xC0, 0x00, 0x01, 0x00, 0x6B, 0x02, 0x28, 0x01, 0x8A,
0x03, 0x51, 0x00, 0x0B, 0x00, 0x00, 0x00, 0x16, 0x15, 0x14, 0x06, 0x23, 0x22, 0x26, 0x35, 0x34,
0x36, 0x33, 0x01, 0x36, 0x54, 0x54, 0x3C, 0x3B, 0x54, 0x54, 0x3B, 0x03, 0x51, 0x57, 0x3E, 0x3D,
0x57, 0x57, 0x3D, 0x3E, 0x57, 0x00, 0x00, 0x00, 0x00, 0x01, 0x01, 0x5F, 0xFE, 0xBE, 0x02, 0xF6,
0x00, 0x18, 0x00, 0x28, 0x00, 0x00, 0x04, 0x07, 0x37, 0x36, 0x27, 0x26, 0x2B, 0x01, 0x22, 0x0F,
0x01, 0x06, 0x17, 0x16, 0x33, 0x31, 0x32, 0x17, 0x16, 0x15, 0x14, 0x07, 0x06, 0x23, 0x26, 0x27,
0x26, 0x07, 0x06, 0x1D, 0x01, 0x14, 0x17, 0x16, 0x33, 0x32, 0x37, 0x36, 0x35, 0x34, 0x27, 0x02,
0x6A, 0x1F, 0x0B, 0x09, 0x0D, 0x0D, 0x17, 0x26, 0x1F, 0x0A, 0x1C, 0x04, 0x08, 0x07, 0x0D, 0x11,
0x27, 0x31, 0x1C, 0x0E, 0x3A, 0x3B, 0x15, 0x11, 0x10, 0x10, 0x19, 0x48, 0x5B, 0x66, 0x3B, 0x3A,
0x46, 0x3B, 0x03, 0x1C, 0x14, 0x13, 0x13, 0x1D, 0x55, 0x0B, 0x09, 0x0A, 0x0D, 0x10, 0x25, 0x26,
0x12, 0x08, 0x01, 0x09, 0x08, 0x0A, 0x0A, 0x12, 0x01, 0x1A, 0x06, 0x13, 0x24, 0x25, 0x40, 0x3C,
0x21, 0x00, 0x00, 0x00, 0x00, 0x01, 0x01, 0x69, 0x02, 0x40, 0x02, 0xEC, 0x05, 0x6F, 0x00, 0x0A,
0x00, 0x00, 0x01, 0x06, 0x07, 0x06, 0x07, 0x17, 0x36, 0x37, 0x11, 0x33, 0x11, 0x02, 0x27, 0x09,
0x04, 0x3E, 0x73, 0x3B, 0x40, 0x43, 0xC5, 0x05, 0x6F, 0x16, 0x05, 0x42, 0x19, 0x87, 0x0C, 0x27,
0xFD, 0x9B, 0x03, 0x2F, 0xFF, 0xFF, 0x00, 0x40, 0x01, 0xDC, 0x03, 0x1C, 0x05, 0x7C, 0x00, 0x63,
0x00, 0x52, 0x00, 0x2A, 0x03, 0x15, 0x2A, 0x3D, 0x26, 0x66, 0x00, 0x43, 0x00, 0x42, 0x00, 0xCF,
0x03, 0x81, 0x20, 0x00, 0x40, 0x00, 0x00, 0x00, 0x00, 0x02, 0x00, 0x65, 0x00, 0xB0, 0x03, 0x02,
0x03, 0x0E, 0x00, 0x07, 0x00, 0x0F, 0x00, 0x00, 0x37, 0x23, 0x35, 0x13, 0x03, 0x35, 0x33, 0x01,
0x03, 0x23, 0x35, 0x13, 0x03, 0x35, 0x33, 0x01, 0x73, 0x0E, 0xCD, 0xCD, 0x0E, 0x01, 0x56, 0x1D,
0x0E, 0xCD, 0xCD, 0x0E, 0x01, 0x56, 0xB0, 0x25, 0x01, 0x0A, 0x01, 0x0A, 0x25, 0xFE, 0xD1, 0xFE,
0xD1, 0x25, 0x01, 0x0A, 0x01, 0x0A, 0x25, 0xFE, 0xD1, 0x00, 0x00, 0x00, 0x00, 0x04, 0x00, 0x43,
0x00, 0x05, 0x06, 0xD4, 0x06, 0x14, 0x00, 0x0A, 0x00, 0x0E, 0x00, 0x19, 0x00, 0x29, 0x00, 0x00,
0x09, 0x01, 0x15, 0x21, 0x15, 0x33, 0x35, 0x33, 0x27, 0x23, 0x13, 0x01, 0x13, 0x11, 0x23, 0x01,
0x06, 0x07, 0x06, 0x07, 0x17, 0x36, 0x37, 0x11, 0x33, 0x11, 0x25, 0x36, 0x3B, 0x01, 0x32, 0x17,
0x16, 0x07, 0x01, 0x06, 0x2B, 0x01, 0x22, 0x27, 0x26, 0x37, 0x05, 0x2E, 0xFE, 0x77, 0x01, 0xB8,
0xD5, 0xA2, 0x3A, 0x67, 0x01, 0xFE, 0x5C, 0xCD, 0xCD, 0xFC, 0x71, 0x09, 0x04, 0x3E, 0x73, 0x3B,
0x40, 0x43, 0xC5, 0x02, 0xA4, 0x15, 0x2B, 0x01, 0x2C, 0x15, 0x16, 0x17, 0xFC, 0xAD, 0x16, 0x2A,
0x04, 0x2C, 0x15, 0x15, 0x16, 0x03, 0x31, 0xFE, 0x20, 0x76, 0xC2, 0xC2, 0x8B, 0x01, 0xCB, 0xFE,
0x3A, 0x01, 0x21, 0xFE, 0xDA, 0x04, 0x15, 0x16, 0x05, 0x42, 0x19, 0x87, 0x0C, 0x27, 0xFD, 0x9B,
0x03, 0x2F, 0x75, 0x24, 0x26, 0x25, 0x26, 0xFA, 0x86, 0x24, 0x26, 0x26, 0x25, 0x00, 0x00, 0x00,
0x00, 0x03, 0x00, 0x39, 0x00, 0x05, 0x06, 0x1C, 0x06, 0x14, 0x00, 0x0A, 0x00, 0x35, 0x00, 0x45,
0x00, 0x00, 0x13, 0x06, 0x07, 0x06, 0x07, 0x17, 0x36, 0x37, 0x11, 0x33, 0x11, 0x00, 0x37, 0x36,
0x35, 0x34, 0x27, 0x26, 0x23, 0x22, 0x07, 0x06, 0x07, 0x06, 0x07, 0x17, 0x36, 0x37, 0x36, 0x37,
0x36, 0x17, 0x16, 0x17, 0x16, 0x17, 0x16, 0x17, 0x16, 0x07, 0x06, 0x07, 0x06, 0x07, 0x06, 0x07,
0x06, 0x0F, 0x01, 0x21, 0x35, 0x21, 0x36, 0x37, 0x01, 0x36, 0x3B, 0x01, 0x32, 0x17, 0x16, 0x07,
0x01, 0x06, 0x2B, 0x01, 0x22, 0x27, 0x26, 0x37, 0xF7, 0x09, 0x04, 0x3E, 0x73, 0x3B, 0x40, 0x43,
0xC5, 0x04, 0x31, 0x18, 0x17, 0x52, 0x52, 0x8E, 0x6E, 0x58, 0x16, 0x1F, 0x17, 0x06, 0x7C, 0x0D,
0x21, 0x20, 0x2A, 0x37, 0x2A, 0x0B, 0x07, 0x0F, 0x08, 0x08, 0x01, 0x05, 0x21, 0x05, 0x05, 0x03,
0x44, 0x53, 0x39, 0xC6, 0x05, 0x01, 0x02, 0x88, 0xFE, 0xDB, 0x19, 0xAC, 0xFE, 0xAE, 0x15, 0x2B,
0x01, 0x2C, 0x15, 0x16, 0x17, 0xFC, 0xAD, 0x16, 0x2A, 0x04, 0x2C, 0x15, 0x15, 0x16, 0x05, 0x6F,
0x16, 0x05, 0x42, 0x19, 0x87, 0x0C, 0x27, 0xFD, 0x9B, 0x03, 0x2F, 0xFC, 0x6C, 0x34, 0x34, 0x3A,
0x68, 0x44, 0x45, 0x39, 0x0E, 0x1A, 0x14, 0x01, 0x69, 0x22, 0x16, 0x18, 0x03, 0x04, 0x1D, 0x05,
0x07, 0x0D, 0x15, 0x12, 0x13, 0x2D, 0x24, 0x09, 0x06, 0x05, 0x4B, 0x5D, 0x40, 0xE4, 0x23, 0x0A,
0xA6, 0x21, 0xC3, 0x04, 0x4E, 0x24, 0x26, 0x25, 0x26, 0xFA, 0x86, 0x24, 0x26, 0x26, 0x25, 0x00,
0x00, 0x04, 0x00, 0x1B, 0x00, 0x00, 0x06, 0x19, 0x06, 0x32, 0x00, 0x3A, 0x00, 0x45, 0x00, 0x49,
0x00, 0x59, 0x00, 0x00, 0x13, 0x33, 0x16, 0x37, 0x16, 0x17, 0x16, 0x17, 0x16, 0x0F, 0x01, 0x06,
0x07, 0x06, 0x27, 0x26, 0x2F, 0x01, 0x07, 0x17, 0x16, 0x17, 0x16, 0x33, 0x32, 0x37, 0x36, 0x37,
0x36, 0x27, 0x26, 0x27, 0x36, 0x27, 0x26, 0x27, 0x26, 0x23, 0x22, 0x07, 0x06, 0x0F, 0x01, 0x17,
0x37, 0x36, 0x37, 0x36, 0x33, 0x32, 0x17, 0x16, 0x17, 0x16, 0x07, 0x06, 0x07, 0x06, 0x27, 0x09,
0x01, 0x15, 0x21, 0x15, 0x33, 0x35, 0x33, 0x27, 0x23, 0x13, 0x01, 0x13, 0x11, 0x23, 0x13, 0x36,
0x3B, 0x01, 0x32, 0x17, 0x16, 0x07, 0x01, 0x06, 0x2B, 0x01, 0x22, 0x27, 0x26, 0x37, 0xCF, 0x05,
0x21, 0x21, 0x21, 0x1E, 0x23, 0x11, 0x10, 0x07, 0x01, 0x0A, 0x37, 0x37, 0x47, 0x69, 0x23, 0x0B,
0x20, 0x05, 0x4A, 0x57, 0x34, 0x34, 0x83, 0x5D, 0x5D, 0x12, 0x0D, 0x27, 0x27, 0x53, 0x7E, 0x0D,
0x09, 0x56, 0x56, 0x7A, 0x1F, 0x1E, 0x41, 0x3B, 0x2E, 0x2E, 0x0A, 0x2B, 0x42, 0x0E, 0x0D, 0x3A,
0x2A, 0x29, 0x05, 0x04, 0x2A, 0x2B, 0x43, 0x17, 0x17, 0x03, 0xBE, 0xFE, 0x90, 0x01, 0x9C, 0xC8,
0x98, 0x36, 0x61, 0x01, 0xFE, 0x76, 0xC0, 0xC0, 0x71, 0x15, 0x2B, 0x01, 0x2C, 0x15, 0x16, 0x17,
0xFC, 0xAD, 0x16, 0x2A, 0x04, 0x2C, 0x15, 0x15, 0x16, 0x04, 0x6F, 0x02, 0x04, 0x09, 0x10, 0x12,
0x22, 0x21, 0x25, 0x05, 0x37, 0x1E, 0x1E, 0x0E, 0x0A, 0x35, 0x11, 0xA3, 0x03, 0x2A, 0x10, 0x0A,
0x3A, 0x39, 0x5B, 0x49, 0x49, 0x47, 0x36, 0x53, 0x6E, 0x51, 0x34, 0x35, 0x04, 0x08, 0x17, 0x0C,
0x83, 0x09, 0x26, 0x07, 0x01, 0x19, 0x1B, 0x26, 0x2B, 0x25, 0x26, 0x08, 0x02, 0x02, 0xFD, 0xEE,
0xFE, 0x4D, 0x6A, 0xB0, 0xB0, 0x7D, 0x01, 0xA0, 0xFE, 0x65, 0x01, 0x05, 0xFE, 0xF6, 0x04, 0xC3,
0x24, 0x26, 0x25, 0x26, 0xFA, 0x86, 0x24, 0x26, 0x26, 0x25, 0x00, 0x00, 0xFF, 0xFF, 0x00, 0xBC,
0xFE, 0xB7, 0x03, 0xEC, 0x04, 0x36, 0x00, 0x0B, 0x00, 0x22, 0x04, 0x85, 0x04, 0x3B, 0xC0, 0x00,
0xFF, 0xFF, 0x00, 0x09, 0xFF, 0xFD, 0x04, 0xEA, 0x06, 0xA7, 0x02, 0x22, 0x00, 0x24, 0xEE, 0x00,
0x00, 0x03, 0x00, 0x43, 0x00, 0x9E, 0x01, 0x9A, 0xFF, 0xFF, 0x00, 0x09, 0xFF, 0xFD, 0x04, 0xEA,
0x06, 0xA7, 0x02, 0x22, 0x00, 0x24, 0xEE, 0x00, 0x00, 0x03, 0x00, 0x74, 0x00, 0xE6, 0x01, 0x9A,
0xFF, 0xFF, 0x00, 0x09, 0xFF, 0xFD, 0x04, 0xEA, 0x06, 0xC4, 0x02, 0x22, 0x00, 0x24, 0xEE, 0x00,
0x00, 0x03, 0x00, 0xC1, 0x00, 0xE4, 0x01, 0x9A, 0xFF, 0xFF, 0x00, 0x09, 0xFF, 0xFD, 0x04, 0xEA,
0x06, 0x6E, 0x02, 0x22, 0x00, 0x24, 0xEE, 0x00, 0x00, 0x03, 0x00, 0xC8, 0x00, 0xB0, 0x01, 0x9A,
0xFF, 0xFF, 0x00, 0x09, 0xFF, 0xFD, 0x04, 0xEA, 0x06, 0x88, 0x02, 0x22, 0x00, 0x24, 0xEE, 0x00,
0x00, 0x03, 0x00, 0x69, 0x00, 0xBE, 0x01, 0x9A, 0xFF, 0xFF, 0x00, 0x09, 0xFF, 0xFD, 0x04, 0xEA,
0x06, 0xCF, 0x02, 0x22, 0x00, 0x24, 0xEE, 0x00, 0x00, 0x03, 0x00, 0xC6, 0x00, 0xB1, 0x01, 0x9A,
0x00, 0x02, 0x00, 0x1B, 0xFF, 0xF9, 0x07, 0x26, 0x05, 0x4E, 0x00, 0x06, 0x00, 0x4D, 0x00, 0x00,
0x01, 0x12, 0x37, 0x33, 0x16, 0x1F, 0x01, 0x12, 0x17, 0x16, 0x17, 0x16, 0x17, 0x16, 0x33, 0x21,
0x32, 0x37, 0x36, 0x3D, 0x01, 0x34, 0x27, 0x26, 0x23, 0x21, 0x11, 0x21, 0x32, 0x37, 0x36, 0x3D,
0x01, 0x34, 0x27, 0x26, 0x23, 0x21, 0x35, 0x21, 0x32, 0x37, 0x36, 0x3F, 0x01, 0x36, 0x27, 0x26,
0x23, 0x21, 0x22, 0x07, 0x06, 0x1D, 0x01, 0x27, 0x26, 0x27, 0x26, 0x2B, 0x01, 0x22, 0x07, 0x06,
0x07, 0x01, 0x06, 0x17, 0x16, 0x3B, 0x01, 0x32, 0x37, 0x36, 0x3F, 0x01, 0x21, 0x17, 0x02, 0x09,
0x5B, 0x26, 0x06, 0x34, 0x50, 0x01, 0x8D, 0x0B, 0x10, 0x28, 0x22, 0x27, 0x17, 0x19, 0x02, 0x4C,
0x33, 0x24, 0x25, 0x25, 0x24, 0x33, 0xFE, 0x39, 0x01, 0x8F, 0x33, 0x24, 0x25, 0x25, 0x24, 0x33,
0xFE, 0x71, 0x01, 0xA7, 0x2C, 0x22, 0x22, 0x09, 0x01, 0x0D, 0x25, 0x25, 0x3C, 0xFD, 0xD3, 0x51,
0x3A, 0x39, 0x18, 0x1D, 0x46, 0x45, 0x56, 0x03, 0x57, 0x46, 0x46, 0x1C, 0xFE, 0xB4, 0x1B, 0x30,
0x30, 0x53, 0x11, 0x35, 0x2B, 0x2B, 0x0F, 0x3D, 0x01, 0xB4, 0x33, 0x02, 0x41, 0x01, 0x2C, 0xB6,
0xE5, 0xFB, 0x02, 0xFE, 0x3D, 0x17, 0x2E, 0x1D, 0x18, 0x06, 0x05, 0x24, 0x24, 0x34, 0x04, 0x34,
0x24, 0x24, 0x01, 0x97, 0x24, 0x25, 0x33, 0x03, 0x33, 0x24, 0x24, 0xC7, 0x1B, 0x1B, 0x2B, 0x04,
0x3A, 0x2F, 0x2E, 0x39, 0x3A, 0x51, 0x2B, 0x42, 0x50, 0x31, 0x31, 0x33, 0x32, 0x51, 0xFC, 0x3B,
0x4F, 0x43, 0x44, 0x20, 0x1F, 0x33, 0xC6, 0x9E, 0xFF, 0xFF, 0x00, 0x61, 0xFE, 0xBE, 0x04, 0xA2,
0x05, 0x4E, 0x02, 0x22, 0x00, 0x26, 0x19, 0x00, 0x00, 0x03, 0x00, 0x78, 0x00, 0xAE, 0x00, 0x00,
0xFF, 0xFF, 0x00, 0x7C, 0xFF, 0xF9, 0x04, 0x08, 0x06, 0xA7, 0x02, 0x22, 0x00, 0x28, 0x43, 0x00,
0x00, 0x03, 0x00, 0x43, 0x00, 0x8C, 0x01, 0x9A, 0xFF, 0xFF, 0x00, 0x7C, 0xFF, 0xF9, 0x04, 0x08,
0x06, 0xA7, 0x02, 0x22, 0x00, 0x28, 0x43, 0x00, 0x00, 0x03, 0x00, 0x74, 0x00, 0xD3, 0x01, 0x9A,
0xFF, 0xFF, 0x00, 0x7C, 0xFF, 0xF9, 0x04, 0x08, 0x06, 0xC4, 0x02, 0x22, 0x00, 0x28, 0x43, 0x00,
0x00, 0x03, 0x00, 0xC1, 0x00, 0xD2, 0x01, 0x9A, 0xFF, 0xFF, 0x00, 0x7C, 0xFF, 0xF9, 0x04, 0x08,
0x06, 0x88, 0x02, 0x22, 0x00, 0x28, 0x43, 0x00, 0x00, 0x03, 0x00, 0x69, 0x00, 0xAC, 0x01, 0x9A,
0xFF, 0xFF, 0x00, 0x7B, 0xFF, 0xFB, 0x02, 0x01, 0x06, 0x91, 0x02, 0x22, 0x00, 0x2C, 0x6A, 0xFB,
0x00, 0x03, 0x00, 0x43, 0xFF, 0x94, 0x01, 0x84, 0xFF, 0xFF, 0x00, 0x9C, 0x00, 0x00, 0x02, 0x22,
0x06, 0x94, 0x02, 0x22, 0x00, 0x2C, 0x68, 0x00, 0x00, 0x03, 0x00, 0x74, 0xFF, 0x5C, 0x01, 0x87,
0x00, 0x02, 0x00, 0x47, 0x00, 0x18, 0x02, 0x73, 0x06, 0xB2, 0x00, 0x13, 0x00, 0x28, 0x00, 0x00,
0x25, 0x14, 0x07, 0x06, 0x2B, 0x01, 0x22, 0x27, 0x26, 0x35, 0x11, 0x34, 0x37, 0x36, 0x3B, 0x01,
0x32, 0x17, 0x16, 0x15, 0x03, 0x26, 0x23, 0x22, 0x0F, 0x01, 0x06, 0x17, 0x16, 0x33, 0x32, 0x3F,
0x01, 0x17, 0x16, 0x3B, 0x01, 0x32, 0x37, 0x36, 0x27, 0x01, 0xF7, 0x30, 0x2F, 0x44, 0x03, 0x44,
0x2F, 0x30, 0x30, 0x2F, 0x44, 0x03, 0x44, 0x2F, 0x30, 0x44, 0x1A, 0x3D, 0x3D, 0x19, 0xAF, 0x10,
0x14, 0x13, 0x27, 0x2C, 0x12, 0x89, 0x89, 0x12, 0x2C, 0x02, 0x26, 0x14, 0x14, 0x11, 0xBB, 0x44,
0x2F, 0x30, 0x30, 0x2F, 0x44, 0x04, 0x0A, 0x44, 0x2F, 0x30, 0x30, 0x2F, 0x44, 0x01, 0xCE, 0x1F,
0x1F, 0xD6, 0x14, 0x12, 0x12, 0x17, 0xB5, 0xB5, 0x17, 0x12, 0x12, 0x14, 0xFF, 0xFF, 0x00, 0x6F,
0x00, 0x0D, 0x02, 0x34, 0x06, 0x88, 0x02, 0x22, 0x00, 0x2C, 0x66, 0x0D, 0x00, 0x03, 0x00, 0x69,
0xFF, 0x5C, 0x01, 0x9A, 0x00, 0x03, 0x00, 0x0C, 0xFF, 0xF9, 0x05, 0xC2, 0x05, 0x5D, 0x00, 0x12,
0x00, 0x27, 0x00, 0x3B, 0x00, 0x00, 0x25, 0x22, 0x27, 0x26, 0x35, 0x11, 0x34, 0x37, 0x36, 0x3B,
0x01, 0x32, 0x17, 0x16, 0x15, 0x14, 0x07, 0x06, 0x23, 0x02, 0x07, 0x06, 0x07, 0x06, 0x15, 0x11,
0x14, 0x17, 0x16, 0x17, 0x04, 0x33, 0x20, 0x37, 0x36, 0x11, 0x10, 0x27, 0x26, 0x21, 0x01, 0x34,
0x27, 0x26, 0x23, 0x21, 0x22, 0x07, 0x06, 0x1D, 0x01, 0x14, 0x17, 0x16, 0x33, 0x21, 0x32, 0x37,
0x36, 0x35, 0x02, 0x88, 0x2C, 0x20, 0x1F, 0x1F, 0x20, 0x2C, 0x01, 0xD1, 0x94, 0x94, 0x94, 0x94,
0xD1, 0x65, 0xED, 0x2A, 0x1C, 0x1D, 0x1D, 0x1E, 0x2B, 0x01, 0x11, 0x45, 0x01, 0x88, 0xDC, 0xCE,
0xF9, 0xEB, 0xFE, 0x8F, 0x01, 0x6C, 0x1A, 0x1A, 0x26, 0xFC, 0xE7, 0x25, 0x1B, 0x1A, 0x1A, 0x1B,
0x25, 0x03, 0x19, 0x26, 0x1A, 0x1A, 0xDB, 0x1F, 0x1F, 0x2C, 0x02, 0xCC, 0x2C, 0x1F, 0x1F, 0x88,
0x88, 0xC0, 0xC0, 0x88, 0x88, 0x04, 0x82, 0x10, 0x03, 0x1F, 0x1E, 0x29, 0xFB, 0x8B, 0x2B, 0x1E,
0x1E, 0x02, 0x0D, 0xC0, 0xB6, 0x01, 0x29, 0x01, 0x4C, 0xC2, 0xB7, 0xFD, 0x4E, 0x24, 0x19, 0x19,
0x19, 0x19, 0x24, 0x01, 0x23, 0x19, 0x19, 0x19, 0x19, 0x23, 0x00, 0x00, 0xFF, 0xFF, 0x00, 0x5D,
0xFF, 0xF9, 0x05, 0x66, 0x06, 0x6E, 0x02, 0x22, 0x00, 0x31, 0xFD, 0x00, 0x00, 0x03, 0x00, 0xC8,
0x01, 0x03, 0x01, 0x9A, 0xFF, 0xFF, 0x00, 0x5F, 0xFF, 0xD9, 0x06, 0x10, 0x06, 0xA7, 0x02, 0x22,
0x00, 0x32, 0x29, 0x00, 0x00, 0x03, 0x00, 0x43, 0x01, 0x8C, 0x01, 0x9A, 0xFF, 0xFF, 0x00, 0x5F,
0xFF, 0xD9, 0x06, 0x10, 0x06, 0xA7, 0x02, 0x22, 0x00, 0x32, 0x29, 0x00, 0x00, 0x03, 0x00, 0x74,
0x01, 0xD4, 0x01, 0x9A, 0xFF, 0xFF, 0x00, 0x5F, 0xFF, 0xD9, 0x06, 0x10, 0x06, 0xC4, 0x02, 0x22,
0x00, 0x32, 0x29, 0x00, 0x00, 0x03, 0x00, 0xC1, 0x01, 0xD2, 0x01, 0x9A, 0xFF, 0xFF, 0x00, 0x5F,
0xFF, 0xD9, 0x06, 0x10, 0x06, 0x6E, 0x02, 0x22, 0x00, 0x32, 0x29, 0x00, 0x00, 0x03, 0x00, 0xC8,
0x01, 0x9E, 0x01, 0x9A, 0xFF, 0xFF, 0x00, 0x5F, 0xFF, 0xD9, 0x06, 0x10, 0x06, 0x88, 0x02, 0x22,
0x00, 0x32, 0x29, 0x00, 0x00, 0x03, 0x00, 0x69, 0x01, 0xAD, 0x01, 0x9A, 0x00, 0x01, 0x00, 0xA1,
0x01, 0x73, 0x03, 0x55, 0x04, 0x27, 0x00, 0x0B, 0x00, 0x00, 0x01, 0x07, 0x27, 0x37, 0x27, 0x37,
0x17, 0x37, 0x17, 0x07, 0x17, 0x07, 0x01, 0xFB, 0xF7, 0x63, 0xF7, 0xF7, 0x63, 0xF7, 0xF8, 0x62,
0xF7, 0xF7, 0x63, 0x02, 0x6A, 0xF7, 0x63, 0xF7, 0xF8, 0x62, 0xF7, 0xF7, 0x63, 0xF7, 0xF7, 0x63,
0x00, 0x03, 0x00, 0x5F, 0xFF, 0x66, 0x06, 0x10, 0x05, 0xB0, 0x00, 0x0F, 0x00, 0x2C, 0x00, 0x3C,
0x00, 0x00, 0x24, 0x27, 0x26, 0x35, 0x34, 0x37, 0x36, 0x33, 0x32, 0x17, 0x16, 0x15, 0x14, 0x07,
0x06, 0x23, 0x12, 0x23, 0x22, 0x07, 0x04, 0x07, 0x06, 0x11, 0x10, 0x17, 0x16, 0x05, 0x16, 0x33,
0x32, 0x3B, 0x01, 0x32, 0x33, 0x32, 0x37, 0x24, 0x37, 0x36, 0x11, 0x10, 0x27, 0x26, 0x25, 0x01,
0x06, 0x17, 0x16, 0x1F, 0x01, 0x16, 0x37, 0x01, 0x36, 0x27, 0x26, 0x2F, 0x01, 0x26, 0x07, 0x02,
0x98, 0x70, 0x71, 0x71, 0x70, 0xA0, 0x9F, 0x71, 0x70, 0x70, 0x71, 0x9F, 0x0F, 0x0F, 0x10, 0x1F,
0xFE, 0xD3, 0xB9, 0xC4, 0xAC, 0xB6, 0x01, 0x48, 0x14, 0x0A, 0x03, 0x05, 0x11, 0x05, 0x03, 0x0A,
0x15, 0x01, 0x47, 0xB6, 0xAC, 0xC4, 0xB9, 0xFE, 0xD4, 0xFD, 0xF4, 0x1B, 0x18, 0x19, 0x37, 0x02,
0x51, 0x28, 0x02, 0xF4, 0x1C, 0x18, 0x18, 0x39, 0x02, 0x50, 0x28, 0xE4, 0x83, 0x83, 0xBA, 0xBA,
0x83, 0x83, 0x83, 0x83, 0xBA, 0xBA, 0x83, 0x83, 0x04, 0x8B, 0x04, 0x1C, 0xBB, 0xC5, 0xFE, 0xC2,
0xFE, 0xDB, 0xBA, 0xC5, 0x12, 0x02, 0x02, 0x12, 0xC5, 0xBA, 0x01, 0x25, 0x01, 0x3E, 0xC5, 0xBB,
0x1C, 0xFA, 0xAE, 0x32, 0x33, 0x33, 0x0B, 0x01, 0x0F, 0x48, 0x05, 0x4D, 0x33, 0x34, 0x33, 0x0B,
0x01, 0x0F, 0x48, 0x00, 0xFF, 0xFF, 0x00, 0x88, 0xFF, 0xF9, 0x05, 0x2F, 0x06, 0xA7, 0x02, 0x22,
0x00, 0x38, 0x4E, 0x00, 0x00, 0x03, 0x00, 0x43, 0x01, 0x39, 0x01, 0x9A, 0xFF, 0xFF, 0x00, 0x88,
0xFF, 0xF9, 0x05, 0x2F, 0x06, 0xA7, 0x02, 0x22, 0x00, 0x38, 0x4E, 0x00, 0x00, 0x03, 0x00, 0x74,
0x01, 0x80, 0x01, 0x9A, 0xFF, 0xFF, 0x00, 0x88, 0xFF, 0xF9, 0x05, 0x2F, 0x06, 0xC4, 0x02, 0x22,
0x00, 0x38, 0x4E, 0x00, 0x00, 0x03, 0x00, 0xC1, 0x01, 0x7F, 0x01, 0x9A, 0xFF, 0xFF, 0x00, 0x88,
0xFF, 0xF9, 0x05, 0x2F, 0x06, 0x88, 0x02, 0x22, 0x00, 0x38, 0x4E, 0x00, 0x00, 0x03, 0x00, 0x69,
0x01, 0x59, 0x01, 0x9A, 0xFF, 0xFF, 0x00, 0x0B, 0xFF, 0xF9, 0x04, 0x67, 0x06, 0xA7, 0x02, 0x22,
0x00, 0x3C, 0x1A, 0x00, 0x00, 0x03, 0x00, 0x74, 0x00, 0xFA, 0x01, 0x9A, 0x00, 0x03, 0x00, 0x86,
0xFE, 0x57, 0x04, 0x8D, 0x05, 0x5D, 0x00, 0x11, 0x00, 0x32, 0x00, 0x46, 0x00, 0x00, 0x01, 0x14,
0x07, 0x06, 0x07, 0x06, 0x27, 0x26, 0x27, 0x35, 0x36, 0x37, 0x36, 0x17, 0x32, 0x17, 0x16, 0x15,
0x03, 0x32, 0x37, 0x36, 0x35, 0x34, 0x27, 0x26, 0x23, 0x22, 0x07, 0x35, 0x34, 0x27, 0x26, 0x2B,
0x01, 0x22, 0x07, 0x06, 0x15, 0x11, 0x14, 0x17, 0x16, 0x3B, 0x01, 0x32, 0x37, 0x36, 0x35, 0x11,
0x16, 0x03, 0x34, 0x27, 0x26, 0x2B, 0x01, 0x22, 0x07, 0x06, 0x15, 0x11, 0x14, 0x17, 0x16, 0x3B,
0x01, 0x32, 0x37, 0x36, 0x35, 0x03, 0x61, 0x1B, 0x1D, 0x30, 0x64, 0x64, 0x57, 0x17, 0x03, 0x66,
0x33, 0x33, 0x56, 0x3D, 0x3C, 0xB5, 0xC7, 0x8D, 0x8D, 0x8D, 0x8D, 0xC7, 0x7C, 0x6D, 0x13, 0x12,
0x1B, 0xBC, 0x1A, 0x13, 0x13, 0x2E, 0x2E, 0x40, 0x04, 0x40, 0x2E, 0x2E, 0x6D, 0x61, 0x30, 0x2F,
0x44, 0x03, 0x44, 0x2F, 0x30, 0x30, 0x2F, 0x44, 0x03, 0x44, 0x2F, 0x30, 0x01, 0xE3, 0x4A, 0x3C,
0x3F, 0x17, 0x31, 0x27, 0x22, 0x3E, 0xFA, 0x7D, 0x22, 0x11, 0x08, 0x4F, 0x50, 0x71, 0xFE, 0x0E,
0x94, 0x94, 0xD2, 0xD1, 0x94, 0x94, 0x40, 0x01, 0x1A, 0x13, 0x12, 0x12, 0x13, 0x1B, 0xFB, 0x43,
0x40, 0x2E, 0x2E, 0x2E, 0x2E, 0x40, 0x01, 0x4A, 0x40, 0x04, 0xBD, 0x44, 0x30, 0x2F, 0x2F, 0x30,
0x44, 0xFB, 0xF6, 0x43, 0x30, 0x30, 0x30, 0x30, 0x43, 0x00, 0x00, 0x00, 0x00, 0x01, 0x00, 0x51,
0xFF, 0xBE, 0x04, 0x93, 0x05, 0x4B, 0x00, 0x50, 0x00, 0x00, 0x00, 0x27, 0x26, 0x27, 0x26, 0x37,
0x36, 0x37, 0x36, 0x35, 0x34, 0x27, 0x26, 0x27, 0x26, 0x27, 0x26, 0x25, 0x26, 0x07, 0x06, 0x15,
0x11, 0x14, 0x17, 0x16, 0x37, 0x33, 0x32, 0x37, 0x36, 0x35, 0x11, 0x21, 0x32, 0x17, 0x16, 0x15,
0x14, 0x07, 0x06, 0x23, 0x31, 0x22, 0x07, 0x06, 0x1D, 0x01, 0x14, 0x17, 0x16, 0x3B, 0x01, 0x32,
0x17, 0x16, 0x15, 0x14, 0x07, 0x06, 0x27, 0x26, 0x27, 0x26, 0x07, 0x06, 0x07, 0x30, 0x07, 0x14,
0x15, 0x06, 0x17, 0x04, 0x37, 0x36, 0x37, 0x36, 0x35, 0x34, 0x27, 0x04, 0x37, 0x1D, 0x1C, 0x04,
0x04, 0x16, 0x09, 0x09, 0x35, 0x2B, 0x2C, 0x41, 0x41, 0x52, 0x25, 0xFE, 0x42, 0x65, 0x47, 0x48,
0x2E, 0x2E, 0x40, 0x04, 0x40, 0x2D, 0x2D, 0x01, 0x29, 0x33, 0x24, 0x24, 0x24, 0x24, 0x33, 0x1C,
0x13, 0x13, 0x1A, 0x19, 0x24, 0x01, 0x36, 0x27, 0x27, 0x27, 0x28, 0x35, 0x10, 0x3B, 0x37, 0x34,
0x34, 0x0A, 0x01, 0x0F, 0x4A, 0x01, 0x07, 0xD6, 0x49, 0x31, 0x2C, 0x45, 0x02, 0x82, 0x18, 0x18,
0x24, 0x23, 0x1D, 0x0C, 0x0D, 0x54, 0x64, 0x5C, 0x4B, 0x49, 0x2D, 0x2D, 0x0E, 0x06, 0x05, 0x01,
0x47, 0x47, 0x64, 0xFC, 0x3B, 0x41, 0x2D, 0x2E, 0x01, 0x2E, 0x2D, 0x40, 0x03, 0xBB, 0x27, 0x28,
0x37, 0x37, 0x28, 0x27, 0x14, 0x13, 0x1B, 0x7C, 0x24, 0x1A, 0x19, 0x29, 0x29, 0x39, 0x3B, 0x2A,
0x2D, 0x08, 0x02, 0x18, 0x17, 0x1C, 0x1D, 0x3B, 0x01, 0x01, 0x01, 0x56, 0x2A, 0x95, 0x86, 0x2D,
0x64, 0x5A, 0x60, 0x7A, 0x5C, 0x00, 0x00, 0x00, 0xFF, 0xFF, 0x00, 0x26, 0xFF, 0xF9, 0x04, 0x2C,
0x05, 0x0D, 0x02, 0x22, 0x00, 0x44, 0xFB, 0x00, 0x00, 0x02, 0x00, 0x43, 0x1F, 0x00, 0x00, 0x00,
0xFF, 0xFF, 0x00, 0x26, 0xFF, 0xF9, 0x04, 0x2C, 0x05, 0x0D, 0x02, 0x22, 0x00, 0x44, 0xFB, 0x00,
0x00, 0x02, 0x00, 0x74, 0x67, 0x00, 0x00, 0x00, 0xFF, 0xFF, 0x00, 0x26, 0xFF, 0xF9, 0x04, 0x2C,
0x05, 0x47, 0x02, 0x22, 0x00, 0x44, 0xFB, 0x00, 0x00, 0x03, 0x00, 0xC1, 0x00, 0xD1, 0x00, 0x1D,
0xFF, 0xFF, 0x00, 0x26, 0xFF, 0xF9, 0x04, 0x2C, 0x04, 0xD4, 0x02, 0x22, 0x00, 0x44, 0xFB, 0x00,
0x00, 0x02, 0x00, 0xC8, 0x31, 0x00, 0x00, 0x00, 0xFF, 0xFF, 0x00, 0x26, 0xFF, 0xF9, 0x04, 0x2C,
0x04, 0xEE, 0x02, 0x22, 0x00, 0x44, 0xFB, 0x00, 0x00, 0x02, 0x00, 0x69, 0x40, 0x00, 0x00, 0x00,
0xFF, 0xFF, 0x00, 0x26, 0xFF, 0xF9, 0x04, 0x2C, 0x05, 0x35, 0x02, 0x22, 0x00, 0x44, 0xFB, 0x00,
0x00, 0x02, 0x00, 0xC6, 0x33, 0x00, 0x00, 0x00, 0xFF, 0xFF, 0x00, 0x26, 0xFF, 0xF9, 0x07, 0x7D,
0x03, 0xEC, 0x00, 0x22, 0x00, 0x44, 0xFB, 0x00, 0x00, 0x03, 0x00, 0x48, 0x03, 0x01, 0x00, 0x00,
0xFF, 0xFF, 0x00, 0x57, 0xFE, 0xBE, 0x03, 0x6B, 0x03, 0xE2, 0x02, 0x22, 0x00, 0x46, 0x22, 0x00,
0x00, 0x02, 0x00, 0x78, 0x11, 0x00, 0x00, 0x00, 0xFF, 0xFF, 0x00, 0x43, 0xFF, 0xF9, 0x04, 0x8F,
0x05, 0x0D, 0x02, 0x22, 0x00, 0x48, 0x13, 0x00, 0x00, 0x03, 0x00, 0x43, 0x00, 0x98, 0x00, 0x00,
0xFF, 0xFF, 0x00, 0x43, 0xFF, 0xF9, 0x04, 0x8F, 0x05, 0x0D, 0x02, 0x22, 0x00, 0x48, 0x13, 0x00,
0x00, 0x03, 0x00, 0x74, 0x00, 0xDF, 0x00, 0x00, 0xFF, 0xFF, 0x00, 0x43, 0xFF, 0xF9, 0x04, 0x8F,
0x05, 0x2A, 0x02, 0x22, 0x00, 0x48, 0x13, 0x00, 0x00, 0x03, 0x00, 0xC1, 0x00, 0xDE, 0x00, 0x00,
0xFF, 0xFF, 0x00, 0x43, 0xFF, 0xF9, 0x04, 0x8F, 0x04, 0xEE, 0x02, 0x22, 0x00, 0x48, 0x13, 0x00,
0x00, 0x03, 0x00, 0x69, 0x00, 0xB8, 0x00, 0x00, 0xFF, 0xFF, 0xFF, 0xE1, 0x00, 0x03, 0x01, 0x9E,
0x05, 0x0D, 0x02, 0x22, 0x00, 0xC0, 0x1A, 0x00, 0x00, 0x03, 0x00, 0x43, 0xFE, 0xFA, 0x00, 0x00,
0xFF, 0xFF, 0x00, 0x22, 0x00, 0x03, 0x01, 0xF0, 0x05, 0x0D, 0x02, 0x22, 0x00, 0xC0, 0xE7, 0x00,
0x00, 0x03, 0x00, 0x74, 0xFF, 0x2A, 0x00, 0x00, 0x00, 0x02, 0x00, 0x01, 0xFF, 0xF9, 0x02, 0x30,
0x05, 0x60, 0x00, 0x13, 0x00, 0x28, 0x00, 0x00, 0x05, 0x22, 0x27, 0x26, 0x35, 0x11, 0x34, 0x37,
0x36, 0x3B, 0x01, 0x32, 0x17, 0x16, 0x15, 0x11, 0x14, 0x07, 0x06, 0x23, 0x13, 0x26, 0x23, 0x22,
0x07, 0x03, 0x06, 0x17, 0x16, 0x33, 0x32, 0x3F, 0x01, 0x17, 0x16, 0x3B, 0x01, 0x32, 0x37, 0x36,
0x27, 0x01, 0x0E, 0x44, 0x2F, 0x30, 0x30, 0x2F, 0x44, 0x03, 0x44, 0x2F, 0x30, 0x30, 0x2F, 0x44,
0x5E, 0x1A, 0x3D, 0x3D, 0x1A, 0xB0, 0x10, 0x14, 0x13, 0x27, 0x2D, 0x12, 0x8A, 0x89, 0x12, 0x2D,
0x02, 0x26, 0x14, 0x14, 0x11, 0x07, 0x30, 0x2F, 0x44, 0x02, 0x95, 0x43, 0x30, 0x30, 0x30, 0x30,
0x43, 0xFD, 0x6B, 0x44, 0x2F, 0x30, 0x05, 0x41, 0x26, 0x26, 0xFE, 0xF6, 0x18, 0x17, 0x16, 0x1D,
0xB8, 0xB8, 0x1D, 0x16, 0x17, 0x18, 0x00, 0x00, 0xFF, 0xFF, 0x00, 0x1A, 0x00, 0x03, 0x01, 0xDF,
0x04, 0xEE, 0x02, 0x22, 0x00, 0xC0, 0x1D, 0x00, 0x00, 0x03, 0x00, 0x69, 0xFF, 0x07, 0x00, 0x00,
0x00, 0x02, 0xFF, 0xDC, 0xFF, 0xB8, 0x04, 0xF2, 0x06, 0x10, 0x00, 0x11, 0x00, 0x48, 0x00, 0x00,
0x01, 0x36, 0x37, 0x36, 0x33, 0x32, 0x17, 0x16, 0x17, 0x16, 0x07, 0x06, 0x07, 0x06, 0x23, 0x22,
0x27, 0x26, 0x01, 0x27, 0x07, 0x26, 0x27, 0x26, 0x23, 0x22, 0x07, 0x26, 0x02, 0x05, 0x33, 0x07,
0x1F, 0x01, 0x37, 0x16, 0x17, 0x16, 0x17, 0x26, 0x23, 0x22, 0x0F, 0x01, 0x27, 0x26, 0x23, 0x22,
0x07, 0x06, 0x07, 0x06, 0x17, 0x16, 0x1F, 0x02, 0x16, 0x1F, 0x01, 0x16, 0x3B, 0x01, 0x32, 0x37,
0x24, 0x37, 0x36, 0x13, 0x12, 0x27, 0x26, 0x27, 0x01, 0x34, 0x0D, 0x49, 0x57, 0x91, 0x56, 0x43,
0x44, 0x19, 0x11, 0x08, 0x17, 0x51, 0x60, 0x97, 0x71, 0x3E, 0x3E, 0x02, 0xD0, 0x71, 0x8B, 0x4D,
0x58, 0x1B, 0x14, 0x11, 0x1F, 0xC2, 0x3F, 0x01, 0x2A, 0x09, 0x71, 0x49, 0x48, 0x80, 0x21, 0x1F,
0x66, 0x1F, 0x93, 0xC1, 0x06, 0x0C, 0x09, 0x09, 0x0C, 0x06, 0xEC, 0xA3, 0x92, 0x03, 0x02, 0x60,
0x60, 0x9E, 0x01, 0x06, 0x08, 0x0E, 0x0D, 0x46, 0x46, 0x36, 0x48, 0x49, 0x01, 0x05, 0x97, 0x96,
0x05, 0x04, 0xB5, 0x4C, 0x64, 0x01, 0xB9, 0x5C, 0x3E, 0x4A, 0x20, 0x20, 0x34, 0x19, 0x35, 0x6E,
0x48, 0x56, 0x41, 0x42, 0x04, 0x58, 0x66, 0x9B, 0x17, 0x09, 0x03, 0x03, 0x0F, 0xFE, 0xE9, 0x03,
0x7E, 0x21, 0x22, 0x90, 0x15, 0x1E, 0x65, 0x9D, 0x71, 0x01, 0x01, 0x01, 0x01, 0xA0, 0x8E, 0xC2,
0x9C, 0x7F, 0x80, 0x35, 0x03, 0x02, 0x02, 0x02, 0x02, 0x12, 0x12, 0x33, 0xBE, 0xBE, 0x01, 0x1D,
0x01, 0x3F, 0xD1, 0x58, 0x38, 0x00, 0x00, 0x00, 0xFF, 0xFF, 0x00, 0x94, 0xFF, 0xF3, 0x04, 0x9A,
0x04, 0xD4, 0x02, 0x22, 0x00, 0x51, 0x43, 0x00, 0x00, 0x03, 0x00, 0xC8, 0x00, 0xF6, 0x00, 0x00,
0xFF, 0xFF, 0x00, 0x40, 0xFF, 0xE8, 0x04, 0x95, 0x05, 0x0D, 0x02, 0x22, 0x00, 0x52, 0x1E, 0x00,
0x00, 0x03, 0x00, 0x43, 0x00, 0x8A, 0x00, 0x00, 0xFF, 0xFF, 0x00, 0x40, 0xFF, 0xE8, 0x04, 0x95,
0x05, 0x0D, 0x02, 0x22, 0x00, 0x52, 0x1E, 0x00, 0x00, 0x03, 0x00, 0x74, 0x00, 0xD2, 0x00, 0x00,
0xFF, 0xFF, 0x00, 0x40, 0xFF, 0xE8, 0x04, 0x95, 0x05, 0x2A, 0x02, 0x22, 0x00, 0x52, 0x1E, 0x00,
0x00, 0x03, 0x00, 0xC1, 0x00, 0xD0, 0x00, 0x00, 0xFF, 0xFF, 0x00, 0x40, 0xFF, 0xE8, 0x04, 0x95,
0x04, 0xD4, 0x02, 0x22, 0x00, 0x52, 0x1E, 0x00, 0x00, 0x03, 0x00, 0xC8, 0x00, 0x9C, 0x00, 0x00,
0xFF, 0xFF, 0x00, 0x40, 0xFF, 0xE8, 0x04, 0x95, 0x04, 0xEE, 0x02, 0x22, 0x00, 0x52, 0x1E, 0x00,
0x00, 0x03, 0x00, 0x69, 0x00, 0xAB, 0x00, 0x00, 0xFF, 0xFF, 0x00, 0x57, 0x00, 0xE3, 0x03, 0xF7,
0x04, 0xBE, 0x02, 0x22, 0x00, 0xE3, 0x33, 0x00, 0x00, 0x03, 0x00, 0x1D, 0x00, 0xE0, 0x00, 0xDE,
0x00, 0x03, 0x00, 0x22, 0xFF, 0x00, 0x04, 0x77, 0x05, 0x1E, 0x00, 0x0F, 0x00, 0x27, 0x00, 0x37,
0x00, 0x00, 0x24, 0x27, 0x26, 0x35, 0x34, 0x37, 0x36, 0x33, 0x32, 0x17, 0x16, 0x15, 0x14, 0x07,
0x06, 0x23, 0x12, 0x07, 0x26, 0x23, 0x22, 0x07, 0x06, 0x15, 0x14, 0x17, 0x16, 0x33, 0x32, 0x37,
0x16, 0x33, 0x32, 0x37, 0x36, 0x35, 0x34, 0x27, 0x26, 0x23, 0x01, 0x06, 0x17, 0x16, 0x3B, 0x01,
0x32, 0x37, 0x01, 0x36, 0x27, 0x26, 0x2B, 0x01, 0x22, 0x07, 0x01, 0xE7, 0x49, 0x49, 0x49, 0x49,
0x66, 0x66, 0x49, 0x48, 0x48, 0x49, 0x66, 0x0E, 0x0E, 0x10, 0x0F, 0xD9, 0x9A, 0x99, 0x99, 0x9A,
0xD9, 0x0F, 0x10, 0x0E, 0x0F, 0xDA, 0x99, 0x9A, 0x9A, 0x99, 0xDA, 0xFE, 0x9C, 0x10, 0x1F, 0x1F,
0x34, 0x02, 0x4C, 0x17, 0x01, 0xBB, 0x10, 0x1F, 0x1F, 0x35, 0x02, 0x4B, 0x17, 0xE0, 0x52, 0x51,
0x72, 0x72, 0x51, 0x51, 0x51, 0x51, 0x72, 0x72, 0x51, 0x52, 0x03, 0x21, 0x01, 0x01, 0x9A, 0x9A,
0xD8, 0xDA, 0x99, 0x9A, 0x01, 0x01, 0x9A, 0x99, 0xDA, 0xD8, 0x9A, 0x9A, 0xFB, 0x85, 0x32, 0x2A,
0x2A, 0x48, 0x05, 0x4F, 0x32, 0x2B, 0x2A, 0x48, 0xFF, 0xFF, 0x00, 0x94, 0xFF, 0xCE, 0x04, 0x9A,
0x05, 0x0D, 0x02, 0x22, 0x00, 0x58, 0x4D, 0x00, 0x00, 0x03, 0x00, 0x43, 0x00, 0xEE, 0x00, 0x00,
0xFF, 0xFF, 0x00, 0x94, 0xFF, 0xCE, 0x04, 0x9A, 0x05, 0x0D, 0x02, 0x22, 0x00, 0x58, 0x4D, 0x00,
0x00, 0x03, 0x00, 0x74, 0x01, 0x36, 0x00, 0x00, 0xFF, 0xFF, 0x00, 0x94, 0xFF, 0xCE, 0x04, 0x9A,
0x05, 0x2A, 0x02, 0x22, 0x00, 0x58, 0x4D, 0x00, 0x00, 0x03, 0x00, 0xC1, 0x01, 0x34, 0x00, 0x00,
0xFF, 0xFF, 0x00, 0x94, 0xFF, 0xCE, 0x04, 0x9A, 0x04, 0xEE, 0x02, 0x22, 0x00, 0x58, 0x4D, 0x00,
0x00, 0x03, 0x00, 0x69, 0x01, 0x0F, 0x00, 0x00, 0xFF, 0xFF, 0xFF, 0xF6, 0xFE, 0x35, 0x03, 0xC9,
0x05, 0x0D, 0x02, 0x22, 0x00, 0x5C, 0x02, 0x00, 0x00, 0x02, 0x00, 0x74, 0x68, 0x00, 0x00, 0x00,
0x00, 0x03, 0x00, 0x86, 0xFE, 0x57, 0x04, 0x8D, 0x05, 0x5D, 0x00, 0x11, 0x00, 0x32, 0x00, 0x46,
0x00, 0x00, 0x01, 0x14, 0x07, 0x06, 0x07, 0x06, 0x27, 0x26, 0x27, 0x35, 0x36, 0x37, 0x36, 0x17,
0x32, 0x17, 0x16, 0x15, 0x03, 0x32, 0x37, 0x36, 0x35, 0x34, 0x27, 0x26, 0x23, 0x22, 0x07, 0x35,
0x34, 0x27, 0x26, 0x2B, 0x01, 0x22, 0x07, 0x06, 0x15, 0x11, 0x14, 0x17, 0x16, 0x3B, 0x01, 0x32,
0x37, 0x36, 0x35, 0x11, 0x16, 0x03, 0x34, 0x27, 0x26, 0x2B, 0x01, 0x22, 0x07, 0x06, 0x15, 0x11,
0x14, 0x17, 0x16, 0x3B, 0x01, 0x32, 0x37, 0x36, 0x35, 0x03, 0x61, 0x1B, 0x1D, 0x30, 0x64, 0x64,
0x57, 0x17, 0x03, 0x66, 0x33, 0x33, 0x56, 0x3D, 0x3C, 0xB5, 0xC7, 0x8D, 0x8D, 0x8D, 0x8D, 0xC7,
0x7C, 0x6D, 0x13, 0x12, 0x1B, 0xBC, 0x1A, 0x13, 0x13, 0x2E, 0x2E, 0x40, 0x04, 0x40, 0x2E, 0x2E,
0x6D, 0x61, 0x30, 0x2F, 0x44, 0x03, 0x44, 0x2F, 0x30, 0x30, 0x2F, 0x44, 0x03, 0x44, 0x2F, 0x30,
0x01, 0xE3, 0x4A, 0x3C, 0x3F, 0x17, 0x31, 0x27, 0x22, 0x3E, 0xFA, 0x7D, 0x22, 0x11, 0x08, 0x4F,
0x50, 0x71, 0xFE, 0x0E, 0x94, 0x94, 0xD2, 0xD1, 0x94, 0x94, 0x40, 0x01, 0x1A, 0x13, 0x12, 0x12,
0x13, 0x1B, 0xFB, 0x43, 0x40, 0x2E, 0x2E, 0x2E, 0x2E, 0x40, 0x01, 0x4A, 0x40, 0x04, 0xBD, 0x44,
0x30, 0x2F, 0x2F, 0x30, 0x44, 0xFB, 0xF6, 0x43, 0x30, 0x30, 0x30, 0x30, 0x43, 0x00, 0x00, 0x00,
0xFF, 0xFF, 0xFF, 0xF6, 0xFE, 0x35, 0x03, 0xC9, 0x04, 0xEE, 0x02, 0x22, 0x00, 0x5C, 0x02, 0x00,
0x00, 0x02, 0x00, 0x69, 0x41, 0x00, 0x00, 0x00, 0x00, 0x01, 0x00, 0x3B, 0x00, 0x03, 0x01, 0x84,
0x03, 0xDE, 0x00, 0x13, 0x00, 0x00, 0x37, 0x22, 0x27, 0x26, 0x35, 0x11, 0x34, 0x37, 0x36, 0x3B,
0x01, 0x32, 0x17, 0x16, 0x15, 0x11, 0x14, 0x07, 0x06, 0x23, 0xDE, 0x44, 0x2F, 0x30, 0x30, 0x2F,
0x44, 0x03, 0x44, 0x2F, 0x30, 0x30, 0x2F, 0x44, 0x03, 0x30, 0x2F, 0x44, 0x02, 0x95, 0x43, 0x30,
0x30, 0x30, 0x30, 0x43, 0xFD, 0x6B, 0x44, 0x2F, 0x30, 0x00, 0x00, 0x00, 0x00, 0x01, 0x00, 0x72,
0x03, 0xE7, 0x02, 0xA1, 0x05, 0x2A, 0x00, 0x14, 0x00, 0x00, 0x01, 0x26, 0x23, 0x22, 0x0F, 0x01,
0x06, 0x17, 0x16, 0x33, 0x32, 0x3F, 0x01, 0x17, 0x16, 0x3B, 0x01, 0x32, 0x37, 0x36, 0x27, 0x01,
0xE0, 0x1A, 0x3D, 0x3D, 0x1A, 0xB0, 0x10, 0x14, 0x13, 0x27, 0x2D, 0x12, 0x8A, 0x89, 0x12, 0x2D,
0x02, 0x26, 0x14, 0x14, 0x11, 0x05, 0x09, 0x21, 0x21, 0xE6, 0x15, 0x14, 0x13, 0x19, 0x9F, 0x9F,
0x19, 0x13, 0x14, 0x15, 0x00, 0x01, 0x00, 0xF6, 0x03, 0xFF, 0x02, 0xEB, 0x04, 0xE8, 0x00, 0x14,
0x00, 0x00, 0x01, 0x36, 0x27, 0x26, 0x2B, 0x01, 0x22, 0x0F, 0x01, 0x27, 0x26, 0x23, 0x22, 0x07,
0x06, 0x1F, 0x01, 0x16, 0x33, 0x32, 0x37, 0x02, 0xDC, 0x0F, 0x12, 0x12, 0x22, 0x02, 0x28, 0x10,
0x7B, 0x7C, 0x10, 0x28, 0x23, 0x11, 0x12, 0x0E, 0x9E, 0x17, 0x37, 0x37, 0x17, 0x04, 0xBD, 0x0F,
0x0E, 0x0E, 0x12, 0x8C, 0x8C, 0x12, 0x0E, 0x0E, 0x0F, 0xA6, 0x18, 0x18, 0x00, 0x01, 0x00, 0xAA,
0x04, 0x0B, 0x03, 0x3C, 0x04, 0xBE, 0x00, 0x13, 0x00, 0x00, 0x01, 0x32, 0x17, 0x16, 0x1D, 0x01,
0x14, 0x07, 0x06, 0x23, 0x21, 0x22, 0x27, 0x26, 0x3D, 0x01, 0x34, 0x37, 0x36, 0x33, 0x02, 0xD6,
0x2A, 0x1E, 0x1E, 0x1E, 0x1E, 0x2A, 0xFE, 0x3A, 0x2A, 0x1E, 0x1E, 0x1E, 0x1E, 0x2A, 0x04, 0xBE,
0x1A, 0x1A, 0x25, 0x01, 0x25, 0x1A, 0x1A, 0x1A, 0x1A, 0x25, 0x01, 0x25, 0x1A, 0x1A, 0x00, 0x00,
0x00, 0x01, 0x01, 0x21, 0x04, 0x0B, 0x03, 0x00, 0x05, 0x1B, 0x00, 0x24, 0x00, 0x00, 0x00, 0x23,
0x22, 0x07, 0x06, 0x17, 0x16, 0x07, 0x15, 0x14, 0x07, 0x06, 0x2B, 0x01, 0x22, 0x27, 0x26, 0x37,
0x36, 0x27, 0x26, 0x2B, 0x01, 0x22, 0x07, 0x06, 0x15, 0x14, 0x17, 0x16, 0x33, 0x32, 0x37, 0x36,
0x35, 0x34, 0x27, 0x02, 0xE9, 0x36, 0x20, 0x14, 0x15, 0x05, 0x03, 0x02, 0x1D, 0x1D, 0x29, 0x05,
0x3C, 0x11, 0x10, 0x09, 0x07, 0x15, 0x15, 0x21, 0x03, 0x35, 0x0D, 0x0A, 0x46, 0x47, 0x63, 0x63,
0x46, 0x46, 0x09, 0x05, 0x1B, 0x11, 0x11, 0x17, 0x0F, 0x09, 0x02, 0x1A, 0x13, 0x13, 0x1E, 0x1C,
0x1D, 0x18, 0x12, 0x12, 0x23, 0x1A, 0x1A, 0x4D, 0x36, 0x36, 0x36, 0x36, 0x4D, 0x1A, 0x1A, 0x00,
0x00, 0x01, 0x01, 0x8E, 0x04, 0x37, 0x02, 0x78, 0x05, 0x24, 0x00, 0x0B, 0x00, 0x00, 0x00, 0x16,
0x15, 0x14, 0x06, 0x23, 0x22, 0x26, 0x35, 0x34, 0x36, 0x33, 0x02, 0x34, 0x44, 0x44, 0x31, 0x30,
0x45, 0x45, 0x30, 0x05, 0x24, 0x45, 0x31, 0x31, 0x46, 0x46, 0x31, 0x31, 0x45, 0x00, 0x00, 0x00,
0x00, 0x02, 0x01, 0x4F, 0x04, 0x2D, 0x02, 0x81, 0x05, 0x35, 0x00, 0x0B, 0x00, 0x17, 0x00, 0x00,
0x01, 0x14, 0x16, 0x33, 0x32, 0x36, 0x35, 0x34, 0x26, 0x23, 0x22, 0x06, 0x07, 0x34, 0x36, 0x33,
0x32, 0x16, 0x15, 0x14, 0x06, 0x23, 0x22, 0x26, 0x01, 0xAC, 0x25, 0x1B, 0x1B, 0x25, 0x26, 0x1A,
0x1A, 0x26, 0x5D, 0x58, 0x40, 0x41, 0x59, 0x59, 0x41, 0x40, 0x58, 0x04, 0xAE, 0x17, 0x20, 0x20,
0x17, 0x16, 0x21, 0x21, 0x13, 0x38, 0x4C, 0x4D, 0x37, 0x37, 0x4D, 0x4D, 0x00, 0x01, 0x01, 0x71,
0xFE, 0x5E, 0x03, 0x19, 0x00, 0x00, 0x00, 0x15, 0x00, 0x00, 0x01, 0x06, 0x07, 0x06, 0x23, 0x22,
0x26, 0x35, 0x34, 0x36, 0x37, 0x33, 0x06, 0x07, 0x06, 0x07, 0x06, 0x16, 0x17, 0x16, 0x37, 0x36,
0x02, 0xDB, 0x22, 0x32, 0x37, 0x41, 0x46, 0x58, 0x79, 0x65, 0x65, 0x04, 0x03, 0x38, 0x22, 0x22,
0x10, 0x2D, 0x2D, 0x38, 0x46, 0xFE, 0xD7, 0x38, 0x1F, 0x22, 0x47, 0x37, 0x4C, 0xA1, 0x37, 0x01,
0x02, 0x17, 0x2F, 0x2F, 0x58, 0x0F, 0x0F, 0x17, 0x03, 0x00, 0x00, 0x00, 0x00, 0x01, 0x00, 0xCB,
0x03, 0xF0, 0x03, 0x2E, 0x04, 0xD4, 0x00, 0x23, 0x00, 0x00, 0x00, 0x23, 0x22, 0x27, 0x26, 0x27,
0x26, 0x23, 0x22, 0x07, 0x06, 0x27, 0x26, 0x35, 0x26, 0x37, 0x36, 0x37, 0x36, 0x33, 0x32, 0x17,
0x16, 0x17, 0x16, 0x17, 0x16, 0x33, 0x32, 0x37, 0x36, 0x17, 0x16, 0x17, 0x16, 0x07, 0x02, 0x9E,
0x2F, 0x1E, 0x1E, 0x1E, 0x40, 0x3F, 0x25, 0x29, 0x36, 0x15, 0x18, 0x17, 0x03, 0x0A, 0x13, 0x3F,
0x1F, 0x3C, 0x19, 0x1B, 0x1C, 0x36, 0x35, 0x17, 0x16, 0x14, 0x06, 0x53, 0x23, 0x19, 0x17, 0x01,
0x03, 0x74, 0x03, 0xF0, 0x08, 0x08, 0x1E, 0x1D, 0x27, 0x0F, 0x0B, 0x0B, 0x18, 0x17, 0x1D, 0x3B,
0x21, 0x11, 0x08, 0x07, 0x18, 0x18, 0x07, 0x06, 0x28, 0x11, 0x0D, 0x0C, 0x1F, 0x4F, 0x3B, 0x00,
0x00, 0x02, 0x00, 0x60, 0x04, 0x3D, 0x03, 0xA6, 0x05, 0x2A, 0x00, 0x03, 0x00, 0x07, 0x00, 0x00,
0x13, 0x23, 0x37, 0x21, 0x17, 0x23, 0x37, 0x21, 0xFA, 0x9A, 0xB6, 0x01, 0x19, 0x42, 0x9A, 0xB6,
0x01, 0x19, 0x04, 0x3D, 0xED, 0xED, 0xED, 0x00, 0x00, 0x01, 0x00, 0x10, 0x01, 0x7F, 0x04, 0x1E,
0x02, 0x32, 0x00, 0x13, 0x00, 0x00, 0x01, 0x32, 0x17, 0x16, 0x1D, 0x01, 0x14, 0x07, 0x06, 0x23,
0x21, 0x22, 0x27, 0x26, 0x3D, 0x01, 0x34, 0x37, 0x36, 0x33, 0x03, 0xB8, 0x2A, 0x1E, 0x1E, 0x1E,
0x1E, 0x2A, 0xFC, 0xBE, 0x2A, 0x1E, 0x1E, 0x1E, 0x1E, 0x2A, 0x02, 0x32, 0x1A, 0x1A, 0x25, 0x01,
0x25, 0x1A, 0x1A, 0x1A, 0x1A, 0x25, 0x01, 0x25, 0x1A, 0x1A, 0x00, 0x00, 0x00, 0x01, 0x00, 0x10,
0x01, 0x7F, 0x07, 0xC3, 0x02, 0x32, 0x00, 0x13, 0x00, 0x00, 0x01, 0x32, 0x17, 0x16, 0x1D, 0x01,
0x14, 0x07, 0x06, 0x23, 0x21, 0x22, 0x27, 0x26, 0x3D, 0x01, 0x34, 0x37, 0x36, 0x33, 0x07, 0x5D,
0x2A, 0x1E, 0x1E, 0x1E, 0x1E, 0x2A, 0xF9, 0x19, 0x2A, 0x1E, 0x1E, 0x1E, 0x1E, 0x2A, 0x02, 0x32,
0x1A, 0x1A, 0x25, 0x01, 0x25, 0x1A, 0x1A, 0x1A, 0x1A, 0x25, 0x01, 0x25, 0x1A, 0x1A, 0x00, 0x00,
0x00, 0x01, 0x00, 0x3E, 0x03, 0xC3, 0x01, 0xE1, 0x05, 0xCE, 0x00, 0x0E, 0x00, 0x00, 0x13, 0x27,
0x37, 0x33, 0x07, 0x36, 0x16, 0x15, 0x16, 0x06, 0x23, 0x22, 0x26, 0x35, 0x34, 0x4F, 0x01, 0xB2,
0xE1, 0xDF, 0x6C, 0x6C, 0x04, 0x7A, 0x56, 0x56, 0x7A, 0x04, 0xE4, 0x02, 0xE8, 0xCE, 0x2C, 0x6A,
0x55, 0x31, 0x79, 0x79, 0x55, 0x2D, 0x00, 0x00, 0x00, 0x01, 0x00, 0x3E, 0x03, 0xC3, 0x01, 0xE1,
0x05, 0xCE, 0x00, 0x0E, 0x00, 0x00, 0x01, 0x17, 0x0F, 0x01, 0x37, 0x06, 0x26, 0x35, 0x26, 0x36,
0x33, 0x32, 0x16, 0x15, 0x14, 0x01, 0xD0, 0x01, 0xD6, 0xBD, 0xDF, 0x6C, 0x6C, 0x04, 0x7A, 0x56,
0x56, 0x7A, 0x04, 0xAD, 0x02, 0xDF, 0x09, 0xCE, 0x2C, 0x6A, 0x55, 0x31, 0x79, 0x79, 0x55, 0x2D,
0x00, 0x01, 0x00, 0x30, 0xFF, 0x12, 0x01, 0xD3, 0x01, 0x1D, 0x00, 0x0E, 0x00, 0x00, 0x05, 0x17,
0x0F, 0x01, 0x37, 0x06, 0x26, 0x35, 0x26, 0x36, 0x33, 0x32, 0x16, 0x15, 0x14, 0x01, 0xC2, 0x01,
0xD6, 0xBD, 0xDF, 0x6C, 0x6C, 0x04, 0x7A, 0x56, 0x56, 0x7A, 0x04, 0x02, 0xDF, 0x09, 0xCE, 0x2C,
0x6A, 0x55, 0x31, 0x79, 0x79, 0x55, 0x2D, 0x00, 0x00, 0x02, 0x00, 0x3E, 0x03, 0xC3, 0x03, 0x97,
0x05, 0xCE, 0x00, 0x0E, 0x00, 0x1D, 0x00, 0x00, 0x13, 0x27, 0x3F, 0x01, 0x07, 0x36, 0x16, 0x15,
0x16, 0x06, 0x23, 0x22, 0x26, 0x35, 0x34, 0x25, 0x27, 0x3F, 0x01, 0x07, 0x36, 0x16, 0x15, 0x16,
0x06, 0x23, 0x22, 0x26, 0x35, 0x34, 0x4F, 0x01, 0xD6, 0xBD, 0xDF, 0x6C, 0x6C, 0x04, 0x7A, 0x56,
0x56, 0x7A, 0x01, 0xC7, 0x01, 0xD6, 0xBD, 0xDF, 0x6C, 0x6C, 0x04, 0x7A, 0x56, 0x56, 0x7A, 0x04,
0xE4, 0x02, 0xDF, 0x09, 0xCE, 0x2C, 0x6A, 0x55, 0x31, 0x79, 0x79, 0x55, 0x2D, 0x26, 0x02, 0xDF,
0x09, 0xCE, 0x2C, 0x6A, 0x55, 0x31, 0x79, 0x79, 0x55, 0x2D, 0x00, 0x00, 0x00, 0x02, 0x00, 0x3E,
0x03, 0xC3, 0x03, 0x97, 0x05, 0xCE, 0x00, 0x0E, 0x00, 0x1D, 0x00, 0x00, 0x01, 0x17, 0x0F, 0x01,
0x37, 0x06, 0x26, 0x35, 0x26, 0x36, 0x33, 0x32, 0x16, 0x15, 0x14, 0x05, 0x17, 0x0F, 0x01, 0x37,
0x06, 0x26, 0x35, 0x26, 0x36, 0x33, 0x32, 0x16, 0x15, 0x14, 0x03, 0x86, 0x01, 0xD6, 0xBD, 0xDF,
0x6C, 0x6C, 0x04, 0x7A, 0x56, 0x56, 0x7A, 0xFE, 0x39, 0x01, 0xD6, 0xBD, 0xDF, 0x6C, 0x6C, 0x04,
0x7A, 0x56, 0x56, 0x7A, 0x04, 0xAD, 0x02, 0xDF, 0x09, 0xCE, 0x2C, 0x6A, 0x55, 0x31, 0x79, 0x79,
0x55, 0x2D, 0x26, 0x02, 0xDF, 0x09, 0xCE, 0x2C, 0x6A, 0x55, 0x31, 0x79, 0x79, 0x55, 0x2D, 0x00,
0x00, 0x02, 0x00, 0x03, 0xFF, 0x03, 0x03, 0x91, 0x01, 0x70, 0x00, 0x0E, 0x00, 0x1D, 0x00, 0x00,
0x25, 0x17, 0x03, 0x23, 0x37, 0x2E, 0x01, 0x35, 0x34, 0x36, 0x33, 0x32, 0x16, 0x15, 0x14, 0x05,
0x17, 0x03, 0x23, 0x37, 0x2E, 0x01, 0x35, 0x34, 0x36, 0x33, 0x32, 0x16, 0x15, 0x14, 0x01, 0xB8,
0x01, 0xD5, 0xE1, 0xBA, 0x24, 0x70, 0x7A, 0x56, 0x56, 0x7A, 0x01, 0xB7, 0x01, 0xD5, 0xE1, 0xBA,
0x24, 0x70, 0x7A, 0x56, 0x56, 0x7A, 0x4F, 0x02, 0xFE, 0xB6, 0xF5, 0x0F, 0x46, 0x55, 0x55, 0x79,
0x79, 0x55, 0x2D, 0x26, 0x02, 0xFE, 0xB6, 0xF5, 0x0F, 0x46, 0x55, 0x55, 0x79, 0x79, 0x55, 0x2D,
0x00, 0x01, 0x00, 0x17, 0xFE, 0xA7, 0x03, 0xAE, 0x05, 0x9C, 0x00, 0x2B, 0x00, 0x00, 0x01, 0x11,
0x14, 0x07, 0x06, 0x2B, 0x01, 0x22, 0x27, 0x26, 0x35, 0x11, 0x21, 0x22, 0x27, 0x26, 0x3D, 0x01,
0x34, 0x37, 0x36, 0x33, 0x21, 0x11, 0x34, 0x37, 0x36, 0x3B, 0x01, 0x32, 0x17, 0x16, 0x15, 0x11,
0x21, 0x32, 0x17, 0x16, 0x1D, 0x01, 0x14, 0x07, 0x06, 0x23, 0x02, 0x48, 0x1A, 0x1A, 0x25, 0x01,
0x25, 0x1A, 0x1A, 0xFE, 0xE8, 0x2A, 0x1E, 0x1E, 0x1E, 0x1E, 0x2A, 0x01, 0x18, 0x1A, 0x1A, 0x25,
0x01, 0x25, 0x1A, 0x1A, 0x01, 0x00, 0x2A, 0x1E, 0x1E, 0x1E, 0x1E, 0x2A, 0x03, 0x3D, 0xFB, 0xD0,
0x2A, 0x1E, 0x1E, 0x1E, 0x1E, 0x2A, 0x04, 0x30, 0x1A, 0x1A, 0x25, 0x01, 0x25, 0x1A, 0x1A, 0x01,
0x46, 0x2A, 0x1E, 0x1E, 0x1E, 0x1E, 0x2A, 0xFE, 0xBA, 0x1A, 0x1A, 0x25, 0x01, 0x25, 0x1A, 0x1A,
0x00, 0x01, 0x00, 0x17, 0xFE, 0xA7, 0x03, 0xAE, 0x05, 0x9C, 0x00, 0x43, 0x00, 0x00, 0x01, 0x11,
0x34, 0x37, 0x36, 0x3B, 0x01, 0x32, 0x17, 0x16, 0x15, 0x11, 0x21, 0x32, 0x17, 0x16, 0x1D, 0x01,
0x14, 0x07, 0x06, 0x23, 0x21, 0x11, 0x21, 0x32, 0x17, 0x16, 0x1D, 0x01, 0x14, 0x07, 0x06, 0x23,
0x21, 0x11, 0x14, 0x07, 0x06, 0x2B, 0x01, 0x22, 0x27, 0x26, 0x35, 0x11, 0x21, 0x22, 0x27, 0x26,
0x3D, 0x01, 0x34, 0x37, 0x36, 0x33, 0x21, 0x11, 0x21, 0x22, 0x27, 0x26, 0x3D, 0x01, 0x34, 0x37,
0x36, 0x33, 0x01, 0x95, 0x1A, 0x1A, 0x25, 0x01, 0x25, 0x1A, 0x1A, 0x01, 0x00, 0x2A, 0x1E, 0x1E,
0x1E, 0x1E, 0x2A, 0xFF, 0x00, 0x01, 0x00, 0x2A, 0x1E, 0x1E, 0x1E, 0x1E, 0x2A, 0xFF, 0x00, 0x1A,
0x1A, 0x25, 0x01, 0x25, 0x1A, 0x1A, 0xFE, 0xE8, 0x2A, 0x1E, 0x1E, 0x1E, 0x1E, 0x2A, 0x01, 0x18,
0xFE, 0xE8, 0x2A, 0x1E, 0x1E, 0x1E, 0x1E, 0x2A, 0x03, 0xF0, 0x01, 0x46, 0x2A, 0x1E, 0x1E, 0x1E,
0x1E, 0x2A, 0xFE, 0xBA, 0x1A, 0x1A, 0x25, 0x01, 0x25, 0x1A, 0x1A, 0xFE, 0x99, 0x1A, 0x1A, 0x25,
0x01, 0x25, 0x1A, 0x1A, 0xFD, 0xEA, 0x2A, 0x1E, 0x1E, 0x1E, 0x1E, 0x2A, 0x02, 0x16, 0x1A, 0x1A,
0x25, 0x01, 0x25, 0x1A, 0x1A, 0x01, 0x67, 0x1A, 0x1A, 0x25, 0x01, 0x25, 0x1A, 0x1A, 0x00, 0x00,
0x00, 0x01, 0x00, 0xD8, 0x01, 0xA5, 0x03, 0x28, 0x03, 0xF5, 0x00, 0x0B, 0x00, 0x00, 0x13, 0x34,
0x36, 0x33, 0x32, 0x16, 0x15, 0x14, 0x06, 0x23, 0x22, 0x26, 0xD8, 0xAE, 0x7B, 0x7A, 0xAD, 0xAF,
0x7A, 0x7B, 0xAC, 0x02, 0xCE, 0x7B, 0xAC, 0xAD, 0x7A, 0x7A, 0xAF, 0xAE, 0xFF, 0xFF, 0x00, 0x7E,
0x00, 0x05, 0x07, 0x47, 0x01, 0x78, 0x00, 0x22, 0x00, 0x11, 0xE0, 0x00, 0x00, 0x23, 0x00, 0x11,
0x02, 0x8B, 0x00, 0x00, 0x00, 0x03, 0x00, 0x11, 0x05, 0x36, 0x00, 0x00, 0x00, 0x01, 0x00, 0xAE,
0x00, 0xB0, 0x02, 0x12, 0x03, 0x0E, 0x00, 0x07, 0x00, 0x00, 0x13, 0x01, 0x33, 0x15, 0x03, 0x13,
0x15, 0x23, 0xAE, 0x01, 0x56, 0x0E, 0xCD, 0xCD, 0x0E, 0x01, 0xDF, 0x01, 0x2F, 0x25, 0xFE, 0xF6,
0xFE, 0xF6, 0x25, 0x00, 0x00, 0x01, 0x00, 0x65, 0x00, 0xB0, 0x01, 0xC9, 0x03, 0x0E, 0x00, 0x07,
0x00, 0x00, 0x37, 0x23, 0x35, 0x13, 0x03, 0x35, 0x33, 0x01, 0x73, 0x0E, 0xCD, 0xCD, 0x0E, 0x01,
0x56, 0xB0, 0x25, 0x01, 0x0A, 0x01, 0x0A, 0x25, 0xFE, 0xD1, 0x00, 0x00, 0x00, 0x01, 0xFE, 0xB8,
0xFF, 0xCB, 0x02, 0xBC, 0x05, 0xDA, 0x00, 0x0F, 0x00, 0x00, 0x01, 0x36, 0x3B, 0x01, 0x32, 0x17,
0x16, 0x07, 0x01, 0x06, 0x2B, 0x01, 0x22, 0x27, 0x26, 0x37, 0x02, 0x24, 0x15, 0x2B, 0x01, 0x2C,
0x15, 0x16, 0x17, 0xFC, 0xAD, 0x16, 0x2A, 0x04, 0x2C, 0x15, 0x15, 0x16, 0x05, 0xB6, 0x24, 0x26,
0x25, 0x26, 0xFA, 0x86, 0x24, 0x26, 0x26, 0x25, 0x00, 0x01, 0x00, 0x35, 0xFF, 0xCB, 0x04, 0x75,
0x05, 0x44, 0x00, 0x62, 0x00, 0x00, 0x01, 0x32, 0x37, 0x36, 0x3D, 0x01, 0x34, 0x27, 0x26, 0x23,
0x21, 0x26, 0x35, 0x34, 0x37, 0x21, 0x32, 0x37, 0x36, 0x3D, 0x01, 0x34, 0x27, 0x26, 0x23, 0x21,
0x36, 0x37, 0x36, 0x33, 0x32, 0x17, 0x16, 0x3F, 0x01, 0x36, 0x37, 0x36, 0x27, 0x26, 0x27, 0x26,
0x23, 0x22, 0x07, 0x04, 0x07, 0x06, 0x07, 0x23, 0x22, 0x07, 0x06, 0x1D, 0x01, 0x14, 0x17, 0x16,
0x3B, 0x01, 0x06, 0x15, 0x14, 0x17, 0x23, 0x22, 0x07, 0x06, 0x1D, 0x01, 0x14, 0x17, 0x16, 0x3B,
0x01, 0x16, 0x17, 0x16, 0x05, 0x16, 0x3B, 0x01, 0x32, 0x37, 0x36, 0x37, 0x36, 0x37, 0x36, 0x2F,
0x01, 0x26, 0x07, 0x06, 0x23, 0x22, 0x27, 0x26, 0x27, 0x03, 0xA8, 0x26, 0x1A, 0x1A, 0x1A, 0x1A,
0x26, 0xFE, 0x50, 0x04, 0x07, 0x01, 0xAD, 0x26, 0x1A, 0x1A, 0x1A, 0x1A, 0x26, 0xFE, 0x8A, 0x12,
0x17, 0x67, 0x91, 0x45, 0x40, 0x25, 0x25, 0x04, 0x48, 0x01, 0x01, 0x48, 0x52, 0x5A, 0x1B, 0x0E,
0x0E, 0x1C, 0xFE, 0xFB, 0xA2, 0x55, 0x2A, 0x74, 0x25, 0x1B, 0x1A, 0x1A, 0x1B, 0x25, 0x4E, 0x06,
0x02, 0x4A, 0x25, 0x1B, 0x1A, 0x1A, 0x1B, 0x25, 0x65, 0x25, 0x54, 0x9F, 0x01, 0x1D, 0x12, 0x0A,
0x1C, 0x09, 0x12, 0x5A, 0x4E, 0x4E, 0x01, 0x02, 0x4D, 0x04, 0x26, 0x28, 0x3F, 0x44, 0x91, 0x67,
0x1C, 0x15, 0x01, 0x8D, 0x19, 0x19, 0x23, 0x01, 0x24, 0x19, 0x19, 0x26, 0x28, 0x31, 0x2D, 0x19,
0x19, 0x23, 0x01, 0x24, 0x19, 0x19, 0x21, 0x1F, 0x89, 0x23, 0x14, 0x0D, 0x01, 0x1A, 0x5A, 0x5A,
0x1A, 0x1E, 0x0A, 0x03, 0x03, 0x1C, 0xB7, 0x60, 0x7D, 0x19, 0x19, 0x24, 0x01, 0x23, 0x19, 0x19,
0x36, 0x3A, 0x1F, 0x1D, 0x19, 0x19, 0x24, 0x01, 0x23, 0x19, 0x19, 0x88, 0x66, 0xC1, 0x11, 0x02,
0x02, 0x05, 0x18, 0x18, 0x60, 0x60, 0x1B, 0x01, 0x0E, 0x15, 0x22, 0x89, 0x25, 0x2A, 0x00, 0x00,
0x00, 0x01, 0x00, 0x35, 0xFF, 0xCB, 0x04, 0x75, 0x05, 0x44, 0x00, 0x62, 0x00, 0x00, 0x01, 0x32,
0x37, 0x36, 0x3D, 0x01, 0x34, 0x27, 0x26, 0x23, 0x21, 0x26, 0x35, 0x34, 0x37, 0x21, 0x32, 0x37,
0x36, 0x3D, 0x01, 0x34, 0x27, 0x26, 0x23, 0x21, 0x36, 0x37, 0x36, 0x33, 0x32, 0x17, 0x16, 0x3F,
0x01, 0x36, 0x37, 0x36, 0x27, 0x26, 0x27, 0x26, 0x23, 0x22, 0x07, 0x04, 0x07, 0x06, 0x07, 0x23,
0x22, 0x07, 0x06, 0x1D, 0x01, 0x14, 0x17, 0x16, 0x3B, 0x01, 0x06, 0x15, 0x14, 0x17, 0x23, 0x22,
0x07, 0x06, 0x1D, 0x01, 0x14, 0x17, 0x16, 0x3B, 0x01, 0x16, 0x17, 0x16, 0x05, 0x16, 0x3B, 0x01,
0x32, 0x37, 0x36, 0x37, 0x36, 0x37, 0x36, 0x2F, 0x01, 0x26, 0x07, 0x06, 0x23, 0x22, 0x27, 0x26,
0x27, 0x03, 0xA8, 0x26, 0x1A, 0x1A, 0x1A, 0x1A, 0x26, 0xFE, 0x50, 0x04, 0x07, 0x01, 0xAD, 0x26,
0x1A, 0x1A, 0x1A, 0x1A, 0x26, 0xFE, 0x8A, 0x12, 0x17, 0x67, 0x91, 0x45, 0x40, 0x25, 0x25, 0x04,
0x48, 0x01, 0x01, 0x48, 0x52, 0x5A, 0x1B, 0x0E, 0x0E, 0x1C, 0xFE, 0xFB, 0xA2, 0x55, 0x2A, 0x74,
0x25, 0x1B, 0x1A, 0x1A, 0x1B, 0x25, 0x4E, 0x06, 0x02, 0x4A, 0x25, 0x1B, 0x1A, 0x1A, 0x1B, 0x25,
0x65, 0x25, 0x54, 0x9F, 0x01, 0x1D, 0x12, 0x0A, 0x1C, 0x09, 0x12, 0x5A, 0x4E, 0x4E, 0x01, 0x02,
0x4D, 0x04, 0x26, 0x28, 0x3F, 0x44, 0x91, 0x67, 0x1C, 0x15, 0x01, 0x8D, 0x19, 0x19, 0x23, 0x01,
0x24, 0x19, 0x19, 0x26, 0x28, 0x31, 0x2D, 0x19, 0x19, 0x23, 0x01, 0x24, 0x19, 0x19, 0x21, 0x1F,
0x89, 0x23, 0x14, 0x0D, 0x01, 0x1A, 0x5A, 0x5A, 0x1A, 0x1E, 0x0A, 0x03, 0x03, 0x1C, 0xB7, 0x60,
0x7D, 0x19, 0x19, 0x24, 0x01, 0x23, 0x19, 0x19, 0x36, 0x3A, 0x1F, 0x1D, 0x19, 0x19, 0x24, 0x01,
0x23, 0x19, 0x19, 0x88, 0x66, 0xC1, 0x11, 0x02, 0x02, 0x05, 0x18, 0x18, 0x60, 0x60, 0x1B, 0x01,
0x0E, 0x15, 0x22, 0x89, 0x25, 0x2A, 0x00, 0x00, 0x00, 0x01, 0x00, 0x35, 0xFF, 0xCB, 0x04, 0x75,
0x05, 0x44, 0x00, 0x62, 0x00, 0x00, 0x01, 0x32, 0x37, 0x36, 0x3D, 0x01, 0x34, 0x27, 0x26, 0x23,
0x21, 0x26, 0x35, 0x34, 0x37, 0x21, 0x32, 0x37, 0x36, 0x3D, 0x01, 0x34, 0x27, 0x26, 0x23, 0x21,
0x36, 0x37, 0x36, 0x33, 0x32, 0x17, 0x16, 0x3F, 0x01, 0x36, 0x37, 0x36, 0x27, 0x26, 0x27, 0x26,
0x23, 0x22, 0x07, 0x04, 0x07, 0x06, 0x07, 0x23, 0x22, 0x07, 0x06, 0x1D, 0x01, 0x14, 0x17, 0x16,
0x3B, 0x01, 0x06, 0x15, 0x14, 0x17, 0x23, 0x22, 0x07, 0x06, 0x1D, 0x01, 0x14, 0x17, 0x16, 0x3B,
0x01, 0x16, 0x17, 0x16, 0x05, 0x16, 0x3B, 0x01, 0x32, 0x37, 0x36, 0x37, 0x36, 0x37, 0x36, 0x2F,
0x01, 0x26, 0x07, 0x06, 0x23, 0x22, 0x27, 0x26, 0x27, 0x03, 0xA8, 0x26, 0x1A, 0x1A, 0x1A, 0x1A,
0x26, 0xFE, 0x50, 0x04, 0x07, 0x01, 0xAD, 0x26, 0x1A, 0x1A, 0x1A, 0x1A, 0x26, 0xFE, 0x8A, 0x12,
0x17, 0x67, 0x91, 0x45, 0x40, 0x25, 0x25, 0x04, 0x48, 0x01, 0x01, 0x48, 0x52, 0x5A, 0x1B, 0x0E,
0x0E, 0x1C, 0xFE, 0xFB, 0xA2, 0x55, 0x2A, 0x74, 0x25, 0x1B, 0x1A, 0x1A, 0x1B, 0x25, 0x4E, 0x06,
0x02, 0x4A, 0x25, 0x1B, 0x1A, 0x1A, 0x1B, 0x25, 0x65, 0x25, 0x54, 0x9F, 0x01, 0x1D, 0x12, 0x0A,
0x1C, 0x09, 0x12, 0x5A, 0x4E, 0x4E, 0x01, 0x02, 0x4D, 0x04, 0x26, 0x28, 0x3F, 0x44, 0x91, 0x67,
0x1C, 0x15, 0x01, 0x8D, 0x19, 0x19, 0x23, 0x01, 0x24, 0x19, 0x19, 0x26, 0x28, 0x31, 0x2D, 0x19,
0x19, 0x23, 0x01, 0x24, 0x19, 0x19, 0x21, 0x1F, 0x89, 0x23, 0x14, 0x0D, 0x01, 0x1A, 0x5A, 0x5A,
0x1A, 0x1E, 0x0A, 0x03, 0x03, 0x1C, 0xB7, 0x60, 0x7D, 0x19, 0x19, 0x24, 0x01, 0x23, 0x19, 0x19,
0x36, 0x3A, 0x1F, 0x1D, 0x19, 0x19, 0x24, 0x01, 0x23, 0x19, 0x19, 0x88, 0x66, 0xC1, 0x11, 0x02,
0x02, 0x05, 0x18, 0x18, 0x60, 0x60, 0x1B, 0x01, 0x0E, 0x15, 0x22, 0x89, 0x25, 0x2A, 0x00, 0x00,
0x00, 0x01, 0x00, 0x35, 0xFF, 0xCB, 0x04, 0x75, 0x05, 0x44, 0x00, 0x62, 0x00, 0x00, 0x01, 0x32,
0x37, 0x36, 0x3D, 0x01, 0x34, 0x27, 0x26, 0x23, 0x21, 0x26, 0x35, 0x34, 0x37, 0x21, 0x32, 0x37,
0x36, 0x3D, 0x01, 0x34, 0x27, 0x26, 0x23, 0x21, 0x36, 0x37, 0x36, 0x33, 0x32, 0x17, 0x16, 0x3F,
0x01, 0x36, 0x37, 0x36, 0x27, 0x26, 0x27, 0x26, 0x23, 0x22, 0x07, 0x04, 0x07, 0x06, 0x07, 0x23,
0x22, 0x07, 0x06, 0x1D, 0x01, 0x14, 0x17, 0x16, 0x3B, 0x01, 0x06, 0x15, 0x14, 0x17, 0x23, 0x22,
0x07, 0x06, 0x1D, 0x01, 0x14, 0x17, 0x16, 0x3B, 0x01, 0x16, 0x17, 0x16, 0x05, 0x16, 0x3B, 0x01,
0x32, 0x37, 0x36, 0x37, 0x36, 0x37, 0x36, 0x2F, 0x01, 0x26, 0x07, 0x06, 0x23, 0x22, 0x27, 0x26,
0x27, 0x03, 0xA8, 0x26, 0x1A, 0x1A, 0x1A, 0x1A, 0x26, 0xFE, 0x50, 0x04, 0x07, 0x01, 0xAD, 0x26,
0x1A, 0x1A, 0x1A, 0x1A, 0x26, 0xFE, 0x8A, 0x12, 0x17, 0x67, 0x91, 0x45, 0x40, 0x25, 0x25, 0x04,
0x48, 0x01, 0x01, 0x48, 0x52, 0x5A, 0x1B, 0x0E, 0x0E, 0x1C, 0xFE, 0xFB, 0xA2, 0x55, 0x2A, 0x74,
0x25, 0x1B, 0x1A, 0x1A, 0x1B, 0x25, 0x4E, 0x06, 0x02, 0x4A, 0x25, 0x1B, 0x1A, 0x1A, 0x1B, 0x25,
0x65, 0x25, 0x54, 0x9F, 0x01, 0x1D, 0x12, 0x0A, 0x1C, 0x09, 0x12, 0x5A, 0x4E, 0x4E, 0x01, 0x02,
0x4D, 0x04, 0x26, 0x28, 0x3F, 0x44, 0x91, 0x67, 0x1C, 0x15, 0x01, 0x8D, 0x19, 0x19, 0x23, 0x01,
0x24, 0x19, 0x19, 0x26, 0x28, 0x31, 0x2D, 0x19, 0x19, 0x23, 0x01, 0x24, 0x19, 0x19, 0x21, 0x1F,
0x89, 0x23, 0x14, 0x0D, 0x01, 0x1A, 0x5A, 0x5A, 0x1A, 0x1E, 0x0A, 0x03, 0x03, 0x1C, 0xB7, 0x60,
0x7D, 0x19, 0x19, 0x24, 0x01, 0x23, 0x19, 0x19, 0x36, 0x3A, 0x1F, 0x1D, 0x19, 0x19, 0x24, 0x01,
0x23, 0x19, 0x19, 0x88, 0x66, 0xC1, 0x11, 0x02, 0x02, 0x05, 0x18, 0x18, 0x60, 0x60, 0x1B, 0x01,
0x0E, 0x15, 0x22, 0x89, 0x25, 0x2A, 0x00, 0x00, 0xFF, 0xFF, 0x00, 0x5D, 0xFF, 0xF9, 0x09, 0x17,
0x05, 0x7C, 0x00, 0x22, 0x00, 0x31, 0xFD, 0x00, 0x00, 0x03, 0x00, 0x7A, 0x05, 0xFB, 0x00, 0x00,
0xFF, 0xFF, 0x00, 0x2D, 0x03, 0x57, 0x05, 0x01, 0x05, 0x77, 0x00, 0x63, 0x00, 0x37, 0x00, 0x1F,
0x03, 0x5A, 0x1C, 0xCD, 0x19, 0x9A, 0x00, 0x43, 0x00, 0x30, 0x02, 0x2F, 0x03, 0x57, 0x1C, 0xCD,
0x19, 0x9A, 0x00, 0x00, 0x00, 0x02, 0x00, 0x1F, 0xFF, 0xEF, 0x05, 0x01, 0x05, 0x7D, 0x00, 0x0F,
0x00, 0x4B, 0x00, 0x00, 0x01, 0x34, 0x37, 0x36, 0x33, 0x32, 0x17, 0x16, 0x15, 0x06, 0x07, 0x06,
0x23, 0x22, 0x27, 0x26, 0x03, 0x06, 0x17, 0x16, 0x17, 0x16, 0x1F, 0x02, 0x16, 0x1F, 0x01, 0x16,
0x3B, 0x03, 0x32, 0x3B, 0x01, 0x32, 0x37, 0x36, 0x37, 0x36, 0x03, 0x02, 0x27, 0x26, 0x25, 0x26,
0x23, 0x22, 0x07, 0x06, 0x07, 0x06, 0x07, 0x06, 0x1F, 0x01, 0x16, 0x17, 0x16, 0x37, 0x36, 0x33,
0x32, 0x17, 0x16, 0x17, 0x26, 0x23, 0x22, 0x23, 0x07, 0x27, 0x22, 0x23, 0x22, 0x01, 0x77, 0x3C,
0x49, 0x89, 0xB3, 0x45, 0x13, 0x06, 0x43, 0x50, 0x8F, 0x6A, 0x43, 0x44, 0xE1, 0x77, 0x18, 0x12,
0x6C, 0x6C, 0x9D, 0x01, 0x07, 0x07, 0x0E, 0x0B, 0x45, 0x43, 0x0A, 0x0F, 0x0F, 0x03, 0x05, 0x03,
0x44, 0x42, 0xF1, 0x74, 0x75, 0x22, 0x27, 0xC7, 0xC7, 0xFE, 0xD8, 0x1B, 0x12, 0x10, 0x1D, 0x0A,
0x0E, 0x34, 0x1F, 0x1F, 0x0A, 0x01, 0x09, 0x2D, 0x2C, 0x36, 0x18, 0x1A, 0x7C, 0x6E, 0x6E, 0x33,
0x9B, 0xB6, 0x06, 0x0B, 0x09, 0x08, 0x0B, 0x06, 0xDF, 0x01, 0xD4, 0x56, 0x3B, 0x46, 0x6E, 0x17,
0x32, 0x68, 0x45, 0x51, 0x3E, 0x3E, 0x01, 0x8D, 0x87, 0xB7, 0x94, 0x78, 0x79, 0x32, 0x03, 0x02,
0x01, 0x03, 0x02, 0x10, 0x11, 0x30, 0xB4, 0xB3, 0x01, 0x0E, 0x01, 0x2D, 0xC6, 0xC5, 0x1D, 0x03,
0x03, 0x01, 0x03, 0x08, 0x2C, 0x2C, 0x35, 0x02, 0x35, 0x1E, 0x1D, 0x0A, 0x05, 0x60, 0x5E, 0x96,
0x6B, 0x01, 0x01, 0x00, 0x00, 0x02, 0x00, 0x06, 0x00, 0x00, 0x04, 0x31, 0x05, 0x9A, 0x00, 0x02,
0x00, 0x05, 0x00, 0x00, 0x09, 0x01, 0x21, 0x09, 0x01, 0x21, 0x02, 0x02, 0xFE, 0x6A, 0x03, 0x21,
0xFE, 0x96, 0x02, 0x0E, 0xFB, 0xD5, 0x04, 0xAB, 0xFB, 0xD0, 0x05, 0x1F, 0xFA, 0x66, 0x00, 0x00,
0x00, 0x01, 0x00, 0x30, 0xFE, 0x5E, 0x05, 0xBB, 0x05, 0x9A, 0x00, 0x23, 0x00, 0x00, 0x01, 0x22,
0x15, 0x11, 0x14, 0x3B, 0x01, 0x15, 0x21, 0x35, 0x33, 0x32, 0x35, 0x11, 0x34, 0x2B, 0x01, 0x35,
0x21, 0x15, 0x23, 0x22, 0x15, 0x11, 0x14, 0x3B, 0x01, 0x15, 0x21, 0x35, 0x33, 0x32, 0x35, 0x11,
0x34, 0x23, 0x01, 0xFF, 0x66, 0x66, 0x61, 0xFD, 0xD0, 0x60, 0x67, 0x67, 0x60, 0x05, 0x8B, 0x61,
0x66, 0x66, 0x61, 0xFD, 0xD0, 0x60, 0x67, 0x67, 0x05, 0x68, 0xEB, 0xFA, 0xFF, 0xEB, 0x33, 0x33,
0xEB, 0x05, 0x01, 0xEB, 0x32, 0x32, 0xEB, 0xFA, 0xFF, 0xEB, 0x32, 0x32, 0xEB, 0x05, 0x01, 0xEB,
0x00, 0x01, 0x00, 0x78, 0xFE, 0x60, 0x04, 0x78, 0x05, 0x9A, 0x00, 0x15, 0x00, 0x00, 0x09, 0x01,
0x21, 0x32, 0x37, 0x33, 0x07, 0x21, 0x35, 0x32, 0x37, 0x09, 0x01, 0x26, 0x23, 0x35, 0x21, 0x17,
0x23, 0x26, 0x23, 0x21, 0x04, 0x23, 0xFC, 0xEC, 0x02, 0x7B, 0x82, 0x3B, 0x31, 0x67, 0xFC, 0x67,
0x3E, 0x2C, 0x02, 0x97, 0xFD, 0x69, 0x2C, 0x3E, 0x03, 0x99, 0x67, 0x31, 0x3B, 0x82, 0xFE, 0x1B,
0x02, 0x24, 0xFC, 0x6E, 0xB6, 0xE8, 0x32, 0x35, 0x03, 0x0D, 0x03, 0x5B, 0x39, 0x32, 0xE8, 0xB6,
0x00, 0x01, 0x00, 0x24, 0x02, 0x76, 0x03, 0xC4, 0x03, 0x29, 0x00, 0x13, 0x00, 0x00, 0x01, 0x32,
0x17, 0x16, 0x1D, 0x01, 0x14, 0x07, 0x06, 0x23, 0x21, 0x22, 0x27, 0x26, 0x3D, 0x01, 0x34, 0x37,
0x36, 0x33, 0x03, 0x5E, 0x2A, 0x1E, 0x1E, 0x1E, 0x1E, 0x2A, 0xFD, 0x2C, 0x2A, 0x1E, 0x1E, 0x1E,
0x1E, 0x2A, 0x03, 0x29, 0x1A, 0x1A, 0x25, 0x01, 0x25, 0x1A, 0x1A, 0x1A, 0x1A, 0x25, 0x01, 0x25,
0x1A, 0x1A, 0x00, 0x00, 0x00, 0x01, 0x00, 0x11, 0x00, 0x00, 0x04, 0x1E, 0x06, 0x8F, 0x00, 0x07,
0x00, 0x00, 0x33, 0x03, 0x37, 0x17, 0x01, 0x33, 0x15, 0x23, 0xB5, 0xA4, 0x4A, 0x55, 0x02, 0xD8,
0x96, 0x48, 0x01, 0x67, 0x23, 0xB9, 0x05, 0xBE, 0x3C, 0x00, 0x00, 0x00, 0x00, 0x03, 0x00, 0x42,
0x01, 0x60, 0x03, 0xB7, 0x04, 0x3A, 0x00, 0x15, 0x00, 0x2B, 0x00, 0x4F, 0x00, 0x00, 0x01, 0x26,
0x27, 0x26, 0x23, 0x22, 0x07, 0x0E, 0x01, 0x07, 0x06, 0x1D, 0x01, 0x1E, 0x01, 0x17, 0x16, 0x33,
0x32, 0x37, 0x3E, 0x01, 0x37, 0x16, 0x17, 0x16, 0x33, 0x32, 0x37, 0x3E, 0x01, 0x37, 0x36, 0x3D,
0x01, 0x2E, 0x01, 0x27, 0x26, 0x23, 0x22, 0x07, 0x0E, 0x01, 0x07, 0x36, 0x37, 0x3E, 0x01, 0x33,
0x32, 0x1E, 0x01, 0x15, 0x14, 0x0E, 0x01, 0x23, 0x22, 0x26, 0x27, 0x26, 0x27, 0x06, 0x07, 0x0E,
0x01, 0x23, 0x22, 0x2E, 0x01, 0x35, 0x34, 0x3E, 0x01, 0x33, 0x32, 0x16, 0x17, 0x16, 0x01, 0xB7,
0x0F, 0x3B, 0x2E, 0x26, 0x0C, 0x0B, 0x31, 0x57, 0x16, 0x14, 0x02, 0x33, 0x2E, 0x1D, 0x20, 0x10,
0x11, 0x2F, 0x57, 0x3B, 0x0C, 0x52, 0x45, 0x36, 0x0B, 0x0A, 0x3E, 0x6F, 0x1D, 0x1A, 0x02, 0x43,
0x3A, 0x25, 0x27, 0x16, 0x16, 0x43, 0x78, 0x30, 0x09, 0x0C, 0x22, 0x7A, 0x43, 0x43, 0x7A, 0x44,
0x44, 0x7A, 0x43, 0x43, 0x7A, 0x22, 0x0C, 0x09, 0x05, 0x07, 0x1B, 0x5E, 0x34, 0x34, 0x60, 0x33,
0x33, 0x60, 0x34, 0x34, 0x5E, 0x1B, 0x07, 0x02, 0xF3, 0x67, 0x1E, 0x16, 0x02, 0x0A, 0x45, 0x32,
0x2E, 0x2C, 0x08, 0x30, 0x52, 0x11, 0x0B, 0x03, 0x0A, 0x43, 0x54, 0x60, 0x39, 0x30, 0x02, 0x0C,
0x50, 0x3D, 0x36, 0x36, 0x0B, 0x3C, 0x61, 0x14, 0x0D, 0x04, 0x09, 0x6A, 0x04, 0x23, 0x22, 0x58,
0x62, 0x60, 0xAE, 0x5F, 0x5F, 0xAE, 0x60, 0x62, 0x57, 0x23, 0x23, 0x15, 0x14, 0x49, 0x50, 0x52,
0x91, 0x4D, 0x4C, 0x92, 0x52, 0x50, 0x48, 0x15, 0x00, 0x01, 0xFF, 0xB8, 0xFE, 0xE7, 0x02, 0xD5,
0x06, 0xB4, 0x00, 0x1E, 0x00, 0x00, 0x03, 0x22, 0x3D, 0x01, 0x33, 0x1E, 0x01, 0x3B, 0x01, 0x32,
0x37, 0x36, 0x37, 0x13, 0x37, 0x36, 0x12, 0x33, 0x32, 0x1D, 0x01, 0x23, 0x2E, 0x01, 0x23, 0x22,
0x02, 0x07, 0x03, 0x06, 0x02, 0x0C, 0x3C, 0x24, 0x01, 0x43, 0x1E, 0x01, 0x52, 0x21, 0x20, 0x08,
0x46, 0x08, 0x1B, 0xD8, 0x7E, 0x3C, 0x24, 0x01, 0x44, 0x1D, 0x47, 0x5A, 0x04, 0x49, 0x14, 0xDD,
0xFE, 0xE7, 0x1D, 0x9F, 0x2B, 0x2B, 0xA2, 0xA2, 0x9A, 0x02, 0xDE, 0x3E, 0xEE, 0x01, 0x7F, 0x1D,
0x9F, 0x2B, 0x2B, 0xFE, 0xC9, 0xD0, 0xFD, 0x01, 0xE7, 0xFE, 0x86, 0x00, 0xFF, 0xFF, 0x01, 0xC1,
0x00, 0xCC, 0x04, 0xB9, 0x03, 0x34, 0x02, 0x22, 0x00, 0x61, 0x00, 0xF2, 0x00, 0x03, 0x00, 0x61,
0x00, 0x00, 0xFE, 0xBE, 0xFF, 0xFF, 0x00, 0xA9, 0x00, 0x00, 0x04, 0xF3, 0x05, 0x13, 0x02, 0x23,
0x00, 0x1F, 0xFF, 0x7B, 0x00, 0x65, 0x00, 0x03, 0x00, 0xE3, 0x00, 0xDA, 0xFD, 0x8A, 0x00, 0x00,
0xFF, 0xFF, 0x00, 0xA9, 0x00, 0x00, 0x04, 0xF3, 0x05, 0x13, 0x02, 0x23, 0x00, 0x21, 0xFF, 0x7B,
0x00, 0x65, 0x00, 0x03, 0x00, 0xE3, 0x00, 0xDA, 0xFD, 0x8A, 0x00, 0x00, 0x00, 0x00, 0x00, 0x01,
0x00, 0x00, 0x00, 0x20, 0x00, 0x01, 0x00, 0x03, 0x00, 0x0C, 0x00, 0x01, 0x00, 0x06, 0x00, 0x2F,
0x00, 0x2F, 0xFF, 0xAF, 0x00, 0x2F, 0x00, 0x3C, 0xFE, 0x7E, 0x00, 0x3C, 0x00, 0x2F, 0xFF, 0xB9,
0x00, 0x00, 0x00, 0x36, 0x02, 0x8E, 0x00, 0x01, 0x00, 0x00, 0x00, 0x00, 0x00, 0x00, 0x00, 0x33,
0x00, 0x00, 0x00, 0x01, 0x00, 0x00, 0x00, 0x00, 0x00, 0x01, 0x00, 0x0E, 0x00, 0x3A, 0x00, 0x01,
0x00, 0x00, 0x00, 0x00, 0x00, 0x02, 0x00, 0x07, 0x00, 0x33, 0x00, 0x01, 0x00, 0x00, 0x00, 0x00,
0x00, 0x03, 0x00, 0x1B, 0x00, 0x3A, 0x00, 0x01, 0x00, 0x00, 0x00, 0x00, 0x00, 0x04, 0x00, 0x0E,
0x00, 0x3A, 0x00, 0x01, 0x00, 0x00, 0x00, 0x00, 0x00, 0x05, 0x00, 0x2F, 0x00, 0x55, 0x00, 0x01,
0x00, 0x00, 0x00, 0x00, 0x00, 0x06, 0x00, 0x0D, 0x00, 0x84, 0x00, 0x01, 0x00, 0x00, 0x00, 0x00,
0x00, 0x07, 0x00, 0x33, 0x00, 0x00, 0x00, 0x01, 0x00, 0x00, 0x00, 0x00, 0x00, 0x08, 0x00, 0x0D,
0x01, 0x07, 0x00, 0x01, 0x00, 0x00, 0x00, 0x00, 0x00, 0x09, 0x00, 0x2A, 0x00, 0x09, 0x00, 0x01,
0x00, 0x00, 0x00, 0x00, 0x00, 0x0A, 0x00, 0x3F, 0x00, 0x91, 0x00, 0x01, 0x00, 0x00, 0x00, 0x00,
0x00, 0x0B, 0x00, 0x1B, 0x00, 0xD0, 0x00, 0x01, 0x00, 0x00, 0x00, 0x00, 0x00, 0x0C, 0x00, 0x1B,
0x00, 0xD0, 0x00, 0x01, 0x00, 0x00, 0x00, 0x00, 0x00, 0x0D, 0x0E, 0x79, 0x00, 0xEB, 0x00, 0x01,
0x00, 0x00, 0x00, 0x00, 0x00, 0x0E, 0x00, 0x1B, 0x00, 0xD0, 0x00, 0x03, 0x00, 0x01, 0x04, 0x03,
0x00, 0x02, 0x00, 0x0C, 0x2E, 0x9A, 0x00, 0x03, 0x00, 0x01, 0x04, 0x05, 0x00, 0x02, 0x00, 0x10,
0x0F, 0x64, 0x00, 0x03, 0x00, 0x01, 0x04, 0x06, 0x00, 0x02, 0x00, 0x0C, 0x0F, 0x74, 0x00, 0x03,
0x00, 0x01, 0x04, 0x07, 0x00, 0x02, 0x00, 0x10, 0x0F, 0x80, 0x00, 0x03, 0x00, 0x01, 0x04, 0x08,
0x00, 0x02, 0x00, 0x10, 0x0F, 0x90, 0x00, 0x03, 0x00, 0x01, 0x04, 0x09, 0x00, 0x00, 0x00, 0x66,
0x0F, 0xA0, 0x00, 0x03, 0x00, 0x01, 0x04, 0x09, 0x00, 0x01, 0x00, 0x1C, 0x10, 0x14, 0x00, 0x03,
0x00, 0x01, 0x04, 0x09, 0x00, 0x02, 0x00, 0x0E, 0x10, 0x06, 0x00, 0x03, 0x00, 0x01, 0x04, 0x09,
0x00, 0x03, 0x00, 0x36, 0x10, 0x14, 0x00, 0x03, 0x00, 0x01, 0x04, 0x09, 0x00, 0x04, 0x00, 0x1C,
0x10, 0x14, 0x00, 0x03, 0x00, 0x01, 0x04, 0x09, 0x00, 0x05, 0x00, 0x5E, 0x10, 0x4A, 0x00, 0x03,
0x00, 0x01, 0x04, 0x09, 0x00, 0x06, 0x00, 0x1A, 0x10, 0xA8, 0x00, 0x03, 0x00, 0x01, 0x04, 0x09,
0x00, 0x07, 0x00, 0x66, 0x0F, 0xA0, 0x00, 0x03, 0x00, 0x01, 0x04, 0x09, 0x00, 0x08, 0x00, 0x1A,
0x11, 0xAE, 0x00, 0x03, 0x00, 0x01, 0x04, 0x09, 0x00, 0x09, 0x00, 0x54, 0x0F, 0xB2, 0x00, 0x03,
0x00, 0x01, 0x04, 0x09, 0x00, 0x0A, 0x00, 0x7E, 0x10, 0xC2, 0x00, 0x03, 0x00, 0x01, 0x04, 0x09,
0x00, 0x0B, 0x00, 0x36, 0x11, 0x40, 0x00, 0x03, 0x00, 0x01, 0x04, 0x09, 0x00, 0x0C, 0x00, 0x36,
0x11, 0x40, 0x00, 0x03, 0x00, 0x01, 0x04, 0x09, 0x00, 0x0D, 0x1C, 0xF4, 0x11, 0x76, 0x00, 0x03,
0x00, 0x01, 0x04, 0x09, 0x00, 0x0E, 0x00, 0x36, 0x11, 0x40, 0x00, 0x03, 0x00, 0x01, 0x04, 0x0A,
0x00, 0x02, 0x00, 0x0C, 0x2E, 0x9A, 0x00, 0x03, 0x00, 0x01, 0x04, 0x0B, 0x00, 0x02, 0x00, 0x10,
0x2E, 0x6A, 0x00, 0x03, 0x00, 0x01, 0x04, 0x0C, 0x00, 0x02, 0x00, 0x0C, 0x2E, 0x9A, 0x00, 0x03,
0x00, 0x01, 0x04, 0x0E, 0x00, 0x02, 0x00, 0x0C, 0x2E, 0xB8, 0x00, 0x03, 0x00, 0x01, 0x04, 0x10,
0x00, 0x02, 0x00, 0x0E, 0x2E, 0x7A, 0x00, 0x03, 0x00, 0x01, 0x04, 0x13, 0x00, 0x02, 0x00, 0x12,
0x2E, 0x88, 0x00, 0x03, 0x00, 0x01, 0x04, 0x14, 0x00, 0x02, 0x00, 0x0C, 0x2E, 0x9A, 0x00, 0x03,
0x00, 0x01, 0x04, 0x15, 0x00, 0x02, 0x00, 0x10, 0x2E, 0x9A, 0x00, 0x03, 0x00, 0x01, 0x04, 0x16,
0x00, 0x02, 0x00, 0x0C, 0x2E, 0x9A, 0x00, 0x03, 0x00, 0x01, 0x04, 0x19, 0x00, 0x02, 0x00, 0x0E,
0x2E, 0xAA, 0x00, 0x03, 0x00, 0x01, 0x04, 0x1B, 0x00, 0x02, 0x00, 0x10, 0x2E, 0xB8, 0x00, 0x03,
0x00, 0x01, 0x04, 0x1D, 0x00, 0x02, 0x00, 0x0C, 0x2E, 0x9A, 0x00, 0x03, 0x00, 0x01, 0x04, 0x1F,
0x00, 0x02, 0x00, 0x0C, 0x2E, 0x9A, 0x00, 0x03, 0x00, 0x01, 0x04, 0x24, 0x00, 0x02, 0x00, 0x0E,
0x2E, 0xC8, 0x00, 0x03, 0x00, 0x01, 0x04, 0x2D, 0x00, 0x02, 0x00, 0x0E, 0x2E, 0xD6, 0x00, 0x03,
0x00, 0x01, 0x08, 0x0A, 0x00, 0x02, 0x00, 0x0C, 0x2E, 0x9A, 0x00, 0x03, 0x00, 0x01, 0x08, 0x16,
0x00, 0x02, 0x00, 0x0C, 0x2E, 0x9A, 0x00, 0x03, 0x00, 0x01, 0x0C, 0x0A, 0x00, 0x02, 0x00, 0x0C,
0x2E, 0x9A, 0x00, 0x03, 0x00, 0x01, 0x0C, 0x0C, 0x00, 0x02, 0x00, 0x0C, 0x2E, 0x9A, 0x54, 0x79,
0x70, 0x65, 0x66, 0x61, 0x63, 0x65, 0x20, 0xA9, 0x20, 0x47, 0x61, 0x6C, 0x64, 0x69, 0x6E, 0x6F,
0x20, 0x4F, 0x74, 0x74, 0x65, 0x6E, 0x2E, 0x20, 0x32, 0x30, 0x31, 0x33, 0x2E, 0x20, 0x41, 0x6C,
0x6C, 0x20, 0x52, 0x69, 0x67, 0x68, 0x74, 0x73, 0x20, 0x52, 0x65, 0x73, 0x65, 0x72, 0x76, 0x65,
0x64, 0x52, 0x65, 0x67, 0x75, 0x6C, 0x61, 0x72, 0x53, 0x69, 0x6D, 0x70, 0x6C, 0x79, 0x20, 0x52,
0x6F, 0x75, 0x6E, 0x64, 0x65, 0x64, 0x3A, 0x56, 0x65, 0x72, 0x73, 0x69, 0x6F, 0x6E, 0x20, 0x31,
0x2E, 0x30, 0x30, 0x56, 0x65, 0x72, 0x73, 0x69, 0x6F, 0x6E, 0x20, 0x31, 0x2E, 0x30, 0x30, 0x20,
0x44, 0x65, 0x63, 0x65, 0x6D, 0x62, 0x65, 0x72, 0x20, 0x32, 0x39, 0x2C, 0x20, 0x32, 0x30, 0x31,
0x34, 0x2C, 0x20, 0x69, 0x6E, 0x69, 0x74, 0x69, 0x61, 0x6C, 0x20, 0x72, 0x65, 0x6C, 0x65, 0x61,
0x73, 0x65, 0x53, 0x69, 0x6D, 0x70, 0x6C, 0x79, 0x52, 0x6F, 0x75, 0x6E, 0x64, 0x65, 0x64, 0x54,
0x68, 0x69, 0x73, 0x20, 0x66, 0x6F, 0x6E, 0x74, 0x20, 0x77, 0x61, 0x73, 0x20, 0x63, 0x72, 0x65,
0x61, 0x74, 0x65, 0x64, 0x20, 0x75, 0x73, 0x69, 0x6E, 0x67, 0x20, 0x46, 0x6F, 0x6E, 0x74, 0x43,
0x72, 0x65, 0x61, 0x74, 0x6F, 0x72, 0x20, 0x36, 0x2E, 0x35, 0x20, 0x66, 0x72, 0x6F, 0x6D, 0x20,
0x48, 0x69, 0x67, 0x68, 0x2D, 0x4C, 0x6F, 0x67, 0x69, 0x63, 0x2E, 0x63, 0x6F, 0x6D, 0x68, 0x74,
0x74, 0x70, 0x3A, 0x2F, 0x2F, 0x77, 0x77, 0x77, 0x2E, 0x67, 0x61, 0x6C, 0x64, 0x69, 0x6E, 0x6F,
0x6F, 0x74, 0x74, 0x65, 0x6E, 0x2E, 0x63, 0x6F, 0x6D, 0x53, 0x6F, 0x75, 0x6E, 0x64, 0x73, 0x20,
0x47, 0x6F, 0x6F, 0x64, 0x20, 0x46, 0x6F, 0x6E, 0x74, 0x20, 0x46, 0x61, 0x6D, 0x69, 0x6C, 0x79,
0x20, 0x20, 0x42, 0x79, 0x20, 0x47, 0x61, 0x6C, 0x64, 0x69, 0x6E, 0x6F, 0x20, 0x4F, 0x74, 0x74,
0x65, 0x6E, 0x20, 0xA9, 0x20, 0x28, 0x63, 0x6F, 0x70, 0x79, 0x72, 0x69, 0x67, 0x68, 0x74, 0x29,
0x20, 0x20, 0x46, 0x72, 0x65, 0x65, 0x20, 0x66, 0x6F, 0x72, 0x20, 0x70, 0x65, 0x72, 0x73, 0x6F,
0x6E, 0x61, 0x6C, 0x20, 0x75, 0x73, 0x65, 0x20, 0x20, 0x44, 0x6F, 0x6E, 0x61, 0x74, 0x69, 0x6F,
0x6E, 0x20, 0x72, 0x65, 0x71, 0x75, 0x69, 0x72, 0x65, 0x64, 0x20, 0x66, 0x6F, 0x72, 0x20, 0x43,
0x6F, 0x6D, 0x6D, 0x65, 0x72, 0x63, 0x69, 0x61, 0x6C, 0x20, 0x75, 0x73, 0x65, 0x2E, 0x20, 0x43,
0x6F, 0x6E, 0x74, 0x61, 0x63, 0x74, 0x3A, 0x20, 0x45, 0x6D, 0x61, 0x69, 0x6C, 0x20, 0x63, 0x6F,
0x6E, 0x74, 0x61, 0x63, 0x74, 0x40, 0x67, 0x61, 0x6C, 0x64, 0x69, 0x6E, 0x6F, 0x6F, 0x74, 0x74,
0x65, 0x6E, 0x2E, 0x63, 0x6F, 0x6D, 0x20, 0x20, 0x6F, 0x72, 0x20, 0x63, 0x61, 0x6C, 0x6C, 0x3A,
0x20, 0x30, 0x30, 0x20, 0x35, 0x35, 0x20, 0x38, 0x33, 0x20, 0x39, 0x38, 0x30, 0x36, 0x37, 0x37,
0x37, 0x34, 0x20, 0x20, 0x44, 0x6F, 0x6E, 0x61, 0x74, 0x65, 0x20, 0x74, 0x6F, 0x20, 0x47, 0x61,
0x6C, 0x64, 0x69, 0x6E, 0x6F, 0x20, 0x4F, 0x74, 0x74, 0x65, 0x6E, 0x20, 0x61, 0x74, 0x20, 0x50,
0x61, 0x79, 0x50, 0x61, 0x6C, 0x2E, 0x63, 0x6F, 0x6D, 0x20, 0x20, 0x74, 0x6F, 0x20, 0x64, 0x6F,
0x6E, 0x61, 0x74, 0x65, 0x40, 0x67, 0x61, 0x6C, 0x64, 0x69, 0x6E, 0x6F, 0x6F, 0x74, 0x74, 0x65,
0x6E, 0x2E, 0x63, 0x6F, 0x6D, 0x20, 0x20, 0x42, 0x6C, 0x6F, 0x67, 0x3A, 0x20, 0x20, 0x20, 0x68,
0x74, 0x74, 0x70, 0x3A, 0x2F, 0x2F, 0x6F, 0x6E, 0x6C, 0x79, 0x69, 0x6C, 0x6C, 0x75, 0x73, 0x74,
0x72, 0x61, 0x74, 0x69, 0x6F, 0x6E, 0x2E, 0x62, 0x6C, 0x6F, 0x67, 0x73, 0x70, 0x6F, 0x74, 0x2E,
0x63, 0x6F, 0x6D, 0x2F, 0x20, 0x20, 0x68, 0x74, 0x74, 0x70, 0x3A, 0x2F, 0x2F, 0x67, 0x61, 0x6C,
0x64, 0x69, 0x6E, 0x6F, 0x6F, 0x74, 0x74, 0x65, 0x6E, 0x62, 0x72, 0x2E, 0x62, 0x6C, 0x6F, 0x67,
0x73, 0x70, 0x6F, 0x74, 0x2E, 0x63, 0x6F, 0x6D, 0x2F, 0x20, 0x20, 0x68, 0x74, 0x74, 0x70, 0x3A,
0x2F, 0x2F, 0x67, 0x61, 0x6C, 0x64, 0x69, 0x6E, 0x6F, 0x6F, 0x74, 0x74, 0x65, 0x6E, 0x2E, 0x63,
0x6F, 0x6D, 0x20, 0x20, 0x20, 0x20, 0x20, 0x20, 0x54, 0x65, 0x72, 0x6D, 0x73, 0x20, 0x6F, 0x66,
0x20, 0x55, 0x73, 0x65, 0x2F, 0x45, 0x6E, 0x64, 0x20, 0x55, 0x73, 0x65, 0x72, 0x20, 0x4C, 0x69,
0x73, 0x65, 0x6E, 0x63, 0x65, 0x20, 0x41, 0x67, 0x72, 0x65, 0x65, 0x6D, 0x65, 0x6E, 0x74, 0x20,
0x20, 0x20, 0x20, 0x55, 0x70, 0x6F, 0x6E, 0x20, 0x64, 0x6F, 0x77, 0x6E, 0x6C, 0x6F, 0x61, 0x64,
0x69, 0x6E, 0x67, 0x20, 0x74, 0x68, 0x69, 0x73, 0x20, 0x66, 0x6F, 0x6E, 0x74, 0x20, 0x74, 0x68,
0x65, 0x20, 0x75, 0x73, 0x65, 0x72, 0x20, 0x62, 0x6F, 0x75, 0x6E, 0x64, 0x20, 0x74, 0x6F, 0x20,
0x61, 0x62, 0x69, 0x64, 0x65, 0x20, 0x20, 0x20, 0x74, 0x68, 0x65, 0x20, 0x46, 0x72, 0x65, 0x65,
0x20, 0x46, 0x6F, 0x6E, 0x74, 0x20, 0x54, 0x65, 0x72, 0x6D, 0x73, 0x20, 0x6F, 0x66, 0x20, 0x55,
0x73, 0x65, 0x2F, 0x46, 0x72, 0x65, 0x65, 0x20, 0x46, 0x6F, 0x6E, 0x74, 0x20, 0x45, 0x6E, 0x64,
0x20, 0x55, 0x73, 0x65, 0x72, 0x20, 0x20, 0x20, 0x4C, 0x69, 0x63, 0x65, 0x6E, 0x73, 0x65, 0x20,
0x41, 0x67, 0x72, 0x65, 0x65, 0x6D, 0x65, 0x6E, 0x74, 0x20, 0x28, 0x54, 0x4F, 0x55, 0x2F, 0x45,
0x55, 0x4C, 0x41, 0x29, 0x20, 0x64, 0x65, 0x66, 0x69, 0x6E, 0x65, 0x64, 0x20, 0x62, 0x65, 0x6C,
0x6F, 0x77, 0x2E, 0x20, 0x20, 0x20, 0x54, 0x68, 0x69, 0x73, 0x20, 0x61, 0x67, 0x72, 0x65, 0x65,
0x6D, 0x65, 0x6E, 0x74, 0x20, 0x70, 0x65, 0x72, 0x74, 0x61, 0x69, 0x6E, 0x73, 0x20, 0x74, 0x6F,
0x20, 0x79, 0x6F, 0x75, 0x2F, 0x74, 0x68, 0x65, 0x20, 0x75, 0x73, 0x65, 0x72, 0x20, 0x61, 0x6E,
0x64, 0x20, 0x74, 0x68, 0x65, 0x20, 0x20, 0x20, 0x6C, 0x69, 0x73, 0x63, 0x65, 0x6E, 0x63, 0x69,
0x6E, 0x67, 0x20, 0x72, 0x69, 0x67, 0x68, 0x74, 0x73, 0x20, 0x61, 0x71, 0x75, 0x69, 0x72, 0x65,
0x64, 0x20, 0x77, 0x69, 0x74, 0x68, 0x20, 0x74, 0x68, 0x69, 0x73, 0x20, 0x64, 0x6F, 0x77, 0x6E,
0x6C, 0x6F, 0x61, 0x64, 0x2E, 0x20, 0x54, 0x68, 0x65, 0x73, 0x65, 0x20, 0x20, 0x20, 0x72, 0x69,
0x67, 0x68, 0x74, 0x73, 0x20, 0x61, 0x72, 0x65, 0x20, 0x73, 0x70, 0x65, 0x63, 0x69, 0x66, 0x69,
0x63, 0x20, 0x74, 0x6F, 0x20, 0x66, 0x72, 0x65, 0x65, 0x20, 0x64, 0x6F, 0x77, 0x6E, 0x6C, 0x6F,
0x61, 0x64, 0x20, 0x61, 0x6E, 0x64, 0x20, 0x75, 0x73, 0x61, 0x67, 0x65, 0x20, 0x6F, 0x66, 0x20,
0x74, 0x68, 0x69, 0x73, 0x20, 0x20, 0x20, 0x66, 0x6F, 0x6E, 0x74, 0x2C, 0x20, 0x69, 0x2E, 0x65,
0x2E, 0x20, 0x61, 0x20, 0x70, 0x65, 0x72, 0x73, 0x6F, 0x6E, 0x61, 0x6C, 0x20, 0x75, 0x73, 0x65,
0x20, 0x4C, 0x69, 0x63, 0x65, 0x6E, 0x73, 0x65, 0x20, 0x61, 0x67, 0x72, 0x65, 0x65, 0x6D, 0x65,
0x6E, 0x74, 0x2E, 0x20, 0x20, 0x2D, 0x2D, 0x2D, 0x2D, 0x2D, 0x2D, 0x2D, 0x2D, 0x2D, 0x2D, 0x2D,
0x2D, 0x2D, 0x2D, 0x2D, 0x2D, 0x2D, 0x2D, 0x2D, 0x2D, 0x2D, 0x2D, 0x2D, 0x2D, 0x2D, 0x2D, 0x2D,
0x2D, 0x2D, 0x2D, 0x2D, 0x2D, 0x2D, 0x2D, 0x2D, 0x2D, 0x2D, 0x2D, 0x2D, 0x2D, 0x2D, 0x2D, 0x2D,
0x2D, 0x2D, 0x2D, 0x2D, 0x20, 0x20, 0x46, 0x72, 0x65, 0x65, 0x20, 0x46, 0x6F, 0x6E, 0x74, 0x20,
0x54, 0x65, 0x72, 0x6D, 0x73, 0x20, 0x6F, 0x66, 0x20, 0x55, 0x73, 0x65, 0x20, 0x20, 0x46, 0x72,
0x65, 0x65, 0x20, 0x46, 0x6F, 0x6E, 0x74, 0x20, 0x45, 0x6E, 0x64, 0x20, 0x55, 0x73, 0x65, 0x72,
0x20, 0x4C, 0x69, 0x63, 0x65, 0x6E, 0x73, 0x65, 0x20, 0x41, 0x67, 0x72, 0x65, 0x65, 0x6D, 0x65,
0x6E, 0x74, 0x3A, 0x20, 0x20, 0x2D, 0x2D, 0x2D, 0x2D, 0x2D, 0x2D, 0x2D, 0x2D, 0x2D, 0x2D, 0x2D,
0x2D, 0x2D, 0x2D, 0x2D, 0x2D, 0x2D, 0x2D, 0x2D, 0x2D, 0x2D, 0x2D, 0x2D, 0x2D, 0x2D, 0x2D, 0x2D,
0x2D, 0x2D, 0x2D, 0x2D, 0x2D, 0x2D, 0x2D, 0x2D, 0x2D, 0x2D, 0x2D, 0x2D, 0x2D, 0x2D, 0x2D, 0x2D,
0x2D, 0x2D, 0x2D, 0x2D, 0x20, 0x20, 0x31, 0x2E, 0x29, 0x54, 0x68, 0x69, 0x73, 0x20, 0x66, 0x6F,
0x6E, 0x74, 0x20, 0x69, 0x73, 0x20, 0x66, 0x72, 0x65, 0x65, 0x20, 0x66, 0x6F, 0x72, 0x20, 0x70,
0x65, 0x72, 0x73, 0x6F, 0x6E, 0x61, 0x6C, 0x20, 0x75, 0x73, 0x65, 0x2E, 0x20, 0x20, 0x20, 0x20,
0x32, 0x2E, 0x29, 0x20, 0x54, 0x68, 0x65, 0x20, 0x64, 0x69, 0x73, 0x74, 0x72, 0x69, 0x62, 0x75,
0x74, 0x69, 0x6F, 0x6E, 0x20, 0x6F, 0x66, 0x20, 0x74, 0x68, 0x69, 0x73, 0x20, 0x66, 0x6F, 0x6E,
0x74, 0x20, 0x66, 0x6F, 0x72, 0x20, 0x66, 0x69, 0x6E, 0x61, 0x6E, 0x63, 0x69, 0x61, 0x6C, 0x20,
0x67, 0x61, 0x69, 0x6E, 0x20, 0x6F, 0x72, 0x20, 0x20, 0x20, 0x70, 0x72, 0x6F, 0x66, 0x69, 0x74,
0x20, 0x69, 0x73, 0x20, 0x6E, 0x6F, 0x74, 0x20, 0x70, 0x65, 0x72, 0x6D, 0x69, 0x74, 0x74, 0x65,
0x64, 0x20, 0x75, 0x6E, 0x64, 0x65, 0x72, 0x20, 0x61, 0x6E, 0x79, 0x20, 0x63, 0x69, 0x72, 0x63,
0x75, 0x6D, 0x73, 0x74, 0x61, 0x6E, 0x63, 0x65, 0x73, 0x20, 0x61, 0x6E, 0x64, 0x20, 0x69, 0x73,
0x20, 0x20, 0x20, 0x73, 0x74, 0x72, 0x69, 0x63, 0x74, 0x6C, 0x79, 0x20, 0x70, 0x72, 0x6F, 0x68,
0x69, 0x62, 0x69, 0x74, 0x65, 0x64, 0x2E, 0x20, 0x44, 0x6F, 0x20, 0x6E, 0x6F, 0x74, 0x20, 0x61,
0x64, 0x64, 0x20, 0x74, 0x68, 0x69, 0x73, 0x20, 0x66, 0x6F, 0x6E, 0x74, 0x20, 0x74, 0x6F, 0x20,
0x61, 0x20, 0x66, 0x6F, 0x6E, 0x74, 0x20, 0x43, 0x44, 0x20, 0x6F, 0x72, 0x20, 0x20, 0x20, 0x63,
0x6F, 0x6D, 0x70, 0x69, 0x6C, 0x61, 0x74, 0x69, 0x6F, 0x6E, 0x20, 0x61, 0x6E, 0x64, 0x20, 0x6F,
0x72, 0x20, 0x61, 0x72, 0x63, 0x68, 0x69, 0x76, 0x65, 0x20, 0x74, 0x68, 0x61, 0x74, 0x20, 0x69,
0x73, 0x20, 0x74, 0x6F, 0x20, 0x62, 0x65, 0x20, 0x73, 0x6F, 0x6C, 0x64, 0x20, 0x66, 0x6F, 0x72,
0x20, 0x61, 0x20, 0x70, 0x72, 0x6F, 0x66, 0x69, 0x74, 0x2E, 0x20, 0x20, 0x20, 0x20, 0x20, 0x42,
0x61, 0x73, 0x69, 0x63, 0x61, 0x6C, 0x6C, 0x79, 0x2C, 0x20, 0x64, 0x6F, 0x6E, 0x27, 0x74, 0x20,
0x73, 0x65, 0x6C, 0x6C, 0x20, 0x74, 0x68, 0x69, 0x73, 0x20, 0x66, 0x6F, 0x6E, 0x74, 0x2C, 0x20,
0x61, 0x6E, 0x64, 0x20, 0x64, 0x6F, 0x20, 0x6E, 0x6F, 0x74, 0x20, 0x6D, 0x61, 0x6B, 0x65, 0x20,
0x74, 0x68, 0x69, 0x6E, 0x67, 0x73, 0x20, 0x20, 0x20, 0x74, 0x68, 0x61, 0x74, 0x20, 0x61, 0x72,
0x65, 0x20, 0x74, 0x6F, 0x20, 0x62, 0x65, 0x20, 0x73, 0x6F, 0x6C, 0x64, 0x20, 0x77, 0x69, 0x74,
0x68, 0x20, 0x74, 0x68, 0x69, 0x73, 0x20, 0x66, 0x6F, 0x6E, 0x74, 0x2E, 0x2E, 0x2E, 0x20, 0x49,
0x74, 0x27, 0x73, 0x20, 0x66, 0x72, 0x65, 0x65, 0x20, 0x66, 0x6F, 0x72, 0x20, 0x70, 0x65, 0x72,
0x73, 0x6F, 0x6E, 0x61, 0x6C, 0x20, 0x20, 0x20, 0x75, 0x73, 0x65, 0x20, 0x6F, 0x6E, 0x6C, 0x79,
0x2E, 0x20, 0x43, 0x6F, 0x6D, 0x6D, 0x65, 0x72, 0x63, 0x69, 0x61, 0x6C, 0x20, 0x75, 0x73, 0x65,
0x20, 0x72, 0x65, 0x71, 0x75, 0x69, 0x72, 0x65, 0x73, 0x20, 0x74, 0x68, 0x65, 0x20, 0x75, 0x73,
0x65, 0x72, 0x20, 0x74, 0x6F, 0x20, 0x6F, 0x62, 0x74, 0x61, 0x69, 0x6E, 0x20, 0x61, 0x20, 0x20,
0x20, 0x43, 0x6F, 0x6D, 0x6D, 0x65, 0x72, 0x63, 0x69, 0x61, 0x6C, 0x20, 0x46, 0x6F, 0x6E, 0x74,
0x20, 0x45, 0x6E, 0x64, 0x20, 0x55, 0x73, 0x65, 0x72, 0x20, 0x4C, 0x69, 0x63, 0x65, 0x6E, 0x73,
0x65, 0x2E, 0x20, 0x41, 0x20, 0x43, 0x6F, 0x6D, 0x6D, 0x65, 0x72, 0x63, 0x69, 0x61, 0x6C, 0x20,
0x46, 0x6F, 0x6E, 0x74, 0x20, 0x20, 0x45, 0x6E, 0x64, 0x20, 0x55, 0x73, 0x65, 0x72, 0x20, 0x4C,
0x69, 0x63, 0x65, 0x6E, 0x73, 0x65, 0x20, 0x69, 0x73, 0x20, 0x67, 0x72, 0x61, 0x6E, 0x74, 0x65,
0x64, 0x20, 0x61, 0x66, 0x74, 0x65, 0x72, 0x20, 0x61, 0x20, 0x50, 0x61, 0x79, 0x50, 0x61, 0x6C,
0x20, 0x64, 0x6F, 0x6E, 0x61, 0x74, 0x69, 0x6F, 0x6E, 0x20, 0x68, 0x61, 0x73, 0x20, 0x20, 0x62,
0x65, 0x65, 0x6E, 0x20, 0x72, 0x65, 0x63, 0x65, 0x69, 0x76, 0x65, 0x64, 0x2E, 0x20, 0x63, 0x6F,
0x6E, 0x74, 0x61, 0x63, 0x74, 0x20, 0x6D, 0x65, 0x20, 0x67, 0x61, 0x6C, 0x64, 0x69, 0x6E, 0x6F,
0x6A, 0x70, 0x40, 0x79, 0x61, 0x68, 0x6F, 0x6F, 0x2E, 0x63, 0x6F, 0x6D, 0x2E, 0x62, 0x72, 0x20,
0x20, 0x66, 0x6F, 0x72, 0x20, 0x20, 0x6D, 0x6F, 0x72, 0x65, 0x20, 0x64, 0x65, 0x74, 0x61, 0x69,
0x6C, 0x73, 0x2E, 0x20, 0x20, 0x20, 0x20, 0x46, 0x6F, 0x72, 0x20, 0x70, 0x72, 0x6F, 0x66, 0x69,
0x74, 0x20, 0x73, 0x63, 0x72, 0x61, 0x70, 0x62, 0x6F, 0x6F, 0x6B, 0x69, 0x6E, 0x67, 0x20, 0x61,
0x6E, 0x64, 0x20, 0x64, 0x69, 0x67, 0x69, 0x74, 0x61, 0x6C, 0x20, 0x73, 0x63, 0x72, 0x61, 0x70,
0x62, 0x6F, 0x6F, 0x6B, 0x69, 0x6E, 0x67, 0x20, 0x6D, 0x61, 0x74, 0x65, 0x72, 0x69, 0x61, 0x6C,
0x20, 0x28, 0x73, 0x29, 0x20, 0x6F, 0x72, 0x20, 0x20, 0x20, 0x73, 0x63, 0x72, 0x61, 0x70, 0x62,
0x6F, 0x6F, 0x6B, 0x69, 0x6E, 0x67, 0x20, 0x61, 0x6E, 0x64, 0x20, 0x64, 0x69, 0x67, 0x69, 0x74,
0x61, 0x6C, 0x20, 0x73, 0x63, 0x72, 0x61, 0x70, 0x62, 0x6F, 0x6F, 0x6B, 0x69, 0x6E, 0x67, 0x20,
0x6D, 0x61, 0x74, 0x65, 0x72, 0x69, 0x61, 0x6C, 0x28, 0x73, 0x29, 0x20, 0x69, 0x6E, 0x74, 0x65,
0x6E, 0x64, 0x65, 0x64, 0x20, 0x74, 0x6F, 0x20, 0x20, 0x20, 0x62, 0x65, 0x20, 0x73, 0x6F, 0x6C,
0x64, 0x2F, 0x72, 0x65, 0x73, 0x6F, 0x6C, 0x64, 0x20, 0x77, 0x69, 0x74, 0x68, 0x20, 0x74, 0x68,
0x69, 0x73, 0x20, 0x66, 0x6F, 0x6E, 0x74, 0x20, 0x61, 0x72, 0x65, 0x20, 0x61, 0x6C, 0x73, 0x6F,
0x20, 0x70, 0x72, 0x6F, 0x68, 0x69, 0x62, 0x69, 0x74, 0x65, 0x64, 0x20, 0x75, 0x6E, 0x64, 0x65,
0x72, 0x20, 0x74, 0x68, 0x69, 0x73, 0x20, 0x6C, 0x69, 0x63, 0x65, 0x6E, 0x73, 0x65, 0x2C, 0x20,
0x20, 0x20, 0x61, 0x6E, 0x64, 0x20, 0x72, 0x65, 0x71, 0x75, 0x69, 0x72, 0x65, 0x20, 0x61, 0x20,
0x63, 0x6F, 0x6D, 0x6D, 0x65, 0x72, 0x63, 0x69, 0x61, 0x6C, 0x20, 0x4C, 0x69, 0x63, 0x65, 0x6E,
0x73, 0x65, 0x2E, 0x20, 0x54, 0x6F, 0x20, 0x6F, 0x62, 0x74, 0x61, 0x69, 0x6E, 0x20, 0x61, 0x20,
0x43, 0x6F, 0x6D, 0x6D, 0x65, 0x72, 0x63, 0x69, 0x61, 0x6C, 0x20, 0x20, 0x20, 0x46, 0x6F, 0x6E,
0x74, 0x20, 0x45, 0x6E, 0x64, 0x20, 0x55, 0x73, 0x65, 0x72, 0x20, 0x4C, 0x69, 0x63, 0x65, 0x6E,
0x73, 0x65, 0x20, 0x66, 0x6F, 0x72, 0x20, 0x74, 0x68, 0x69, 0x73, 0x20, 0x66, 0x6F, 0x6E, 0x74,
0x20, 0x63, 0x6F, 0x6E, 0x74, 0x61, 0x63, 0x74, 0x20, 0x6D, 0x65, 0x20, 0x67, 0x61, 0x6C, 0x64,
0x69, 0x6E, 0x6F, 0x6A, 0x70, 0x40, 0x79, 0x61, 0x68, 0x6F, 0x6F, 0x2E, 0x63, 0x6F, 0x6D, 0x2E,
0x62, 0x72, 0x20, 0x20, 0x50, 0x6C, 0x65, 0x61, 0x73, 0x65, 0x20, 0x6E, 0x6F, 0x74, 0x65, 0x2C,
0x20, 0x73, 0x63, 0x72, 0x61, 0x70, 0x62, 0x6F, 0x6F, 0x6B, 0x69, 0x6E, 0x67, 0x20, 0x61, 0x6E,
0x64, 0x20, 0x64, 0x69, 0x67, 0x69, 0x74, 0x61, 0x6C, 0x20, 0x73, 0x63, 0x72, 0x61, 0x70, 0x62,
0x6F, 0x6F, 0x6B, 0x69, 0x6E, 0x67, 0x20, 0x75, 0x73, 0x65, 0x20, 0x6F, 0x66, 0x20, 0x74, 0x68,
0x69, 0x73, 0x20, 0x20, 0x20, 0x20, 0x66, 0x6F, 0x6E, 0x74, 0x20, 0x69, 0x73, 0x20, 0x6F, 0x6E,
0x6C, 0x79, 0x20, 0x72, 0x65, 0x73, 0x74, 0x72, 0x69, 0x63, 0x74, 0x65, 0x64, 0x20, 0x77, 0x68,
0x65, 0x6E, 0x20, 0x70, 0x65, 0x72, 0x74, 0x61, 0x69, 0x6E, 0x69, 0x6E, 0x67, 0x20, 0x74, 0x6F,
0x20, 0x74, 0x68, 0x65, 0x20, 0x6D, 0x61, 0x6B, 0x69, 0x6E, 0x67, 0x20, 0x6F, 0x66, 0x20, 0x61,
0x6E, 0x79, 0x20, 0x66, 0x6F, 0x72, 0x20, 0x20, 0x20, 0x70, 0x72, 0x6F, 0x66, 0x69, 0x74, 0x20,
0x69, 0x74, 0x65, 0x6D, 0x73, 0x2E, 0x20, 0x4F, 0x74, 0x68, 0x65, 0x72, 0x77, 0x69, 0x73, 0x65,
0x20, 0x63, 0x72, 0x65, 0x61, 0x74, 0x69, 0x6E, 0x67, 0x20, 0x69, 0x74, 0x65, 0x6D, 0x73, 0x20,
0x74, 0x6F, 0x20, 0x62, 0x65, 0x20, 0x75, 0x73, 0x65, 0x64, 0x20, 0x22, 0x70, 0x65, 0x72, 0x73,
0x6F, 0x6E, 0x61, 0x6C, 0x6C, 0x79, 0x2C, 0x22, 0x20, 0x20, 0x20, 0x77, 0x68, 0x65, 0x74, 0x68,
0x65, 0x72, 0x20, 0x69, 0x6E, 0x20, 0x61, 0x20, 0x74, 0x72, 0x61, 0x64, 0x69, 0x74, 0x69, 0x6F,
0x6E, 0x61, 0x6C, 0x20, 0x73, 0x63, 0x72, 0x61, 0x70, 0x62, 0x6F, 0x6F, 0x6B, 0x20, 0x6F, 0x72,
0x20, 0x64, 0x69, 0x67, 0x69, 0x74, 0x61, 0x6C, 0x20, 0x73, 0x63, 0x72, 0x61, 0x70, 0x62, 0x6F,
0x6F, 0x6B, 0x20, 0x69, 0x73, 0x20, 0x65, 0x6E, 0x74, 0x69, 0x72, 0x65, 0x6C, 0x79, 0x20, 0x20,
0x20, 0x70, 0x65, 0x72, 0x6D, 0x69, 0x74, 0x74, 0x65, 0x64, 0x20, 0x75, 0x6E, 0x64, 0x65, 0x72,
0x20, 0x74, 0x68, 0x69, 0x73, 0x20, 0x66, 0x72, 0x65, 0x65, 0x20, 0x4C, 0x69, 0x63, 0x65, 0x6E,
0x73, 0x65, 0x2E, 0x20, 0x20, 0x20, 0x20, 0x20, 0x33, 0x2E, 0x29, 0x20, 0x54, 0x68, 0x69, 0x73,
0x20, 0x66, 0x6F, 0x6E, 0x74, 0x20, 0x66, 0x69, 0x6C, 0x65, 0x20, 0x6D, 0x75, 0x73, 0x74, 0x20,
0x62, 0x65, 0x20, 0x6B, 0x65, 0x70, 0x74, 0x20, 0x69, 0x6E, 0x74, 0x61, 0x63, 0x74, 0x20, 0x61,
0x73, 0x20, 0x64, 0x6F, 0x77, 0x6E, 0x6C, 0x6F, 0x61, 0x64, 0x65, 0x64, 0x2E, 0x20, 0x55, 0x6E,
0x64, 0x65, 0x72, 0x20, 0x6E, 0x6F, 0x20, 0x20, 0x20, 0x63, 0x69, 0x72, 0x63, 0x75, 0x6D, 0x73,
0x74, 0x61, 0x6E, 0x63, 0x65, 0x73, 0x20, 0x6D, 0x61, 0x79, 0x20, 0x74, 0x68, 0x69, 0x73, 0x20,
0x66, 0x6F, 0x6E, 0x74, 0x20, 0x66, 0x69, 0x6C, 0x65, 0x20, 0x69, 0x74, 0x73, 0x65, 0x6C, 0x66,
0x20, 0x62, 0x65, 0x20, 0x65, 0x64, 0x69, 0x74, 0x65, 0x64, 0x2C, 0x20, 0x61, 0x6C, 0x74, 0x65,
0x72, 0x65, 0x64, 0x2C, 0x20, 0x6F, 0x72, 0x20, 0x6D, 0x6F, 0x64, 0x69, 0x66, 0x69, 0x65, 0x64,
0x20, 0x20, 0x20, 0x61, 0x74, 0x20, 0x61, 0x6E, 0x79, 0x20, 0x74, 0x69, 0x6D, 0x65, 0x20, 0x6F,
0x72, 0x20, 0x69, 0x6E, 0x20, 0x61, 0x6E, 0x79, 0x20, 0x6D, 0x65, 0x61, 0x73, 0x75, 0x72, 0x65,
0x2E, 0x20, 0x54, 0x68, 0x69, 0x73, 0x20, 0x70, 0x72, 0x6F, 0x68, 0x69, 0x62, 0x69, 0x74, 0x73,
0x20, 0x61, 0x6E, 0x64, 0x20, 0x69, 0x6E, 0x64, 0x63, 0x6C, 0x75, 0x64, 0x65, 0x73, 0x20, 0x62,
0x75, 0x74, 0x20, 0x69, 0x73, 0x20, 0x20, 0x20, 0x6E, 0x6F, 0x74, 0x20, 0x6C, 0x69, 0x6D, 0x69,
0x74, 0x65, 0x64, 0x20, 0x74, 0x6F, 0x2C, 0x20, 0x72, 0x65, 0x6E, 0x61, 0x6D, 0x69, 0x6E, 0x67,
0x20, 0x74, 0x68, 0x69, 0x73, 0x20, 0x66, 0x6F, 0x6E, 0x74, 0x20, 0x66, 0x69, 0x6C, 0x65, 0x2C,
0x20, 0x61, 0x73, 0x20, 0x77, 0x65, 0x6C, 0x6C, 0x20, 0x61, 0x73, 0x20, 0x74, 0x68, 0x65, 0x20,
0x63, 0x72, 0x65, 0x61, 0x74, 0x69, 0x6F, 0x6E, 0x20, 0x6F, 0x66, 0x20, 0x20, 0x20, 0x73, 0x6F,
0x2D, 0x63, 0x61, 0x6C, 0x6C, 0x65, 0x64, 0x20, 0x22, 0x6E, 0x65, 0x77, 0x22, 0x20, 0x61, 0x6E,
0x64, 0x2F, 0x6F, 0x72, 0x20, 0x64, 0x65, 0x72, 0x69, 0x76, 0x69, 0x74, 0x61, 0x76, 0x65, 0x20,
0x66, 0x6F, 0x6E, 0x74, 0x73, 0x20, 0x66, 0x72, 0x6F, 0x6D, 0x20, 0x74, 0x68, 0x69, 0x73, 0x20,
0x66, 0x6F, 0x6E, 0x74, 0x20, 0x66, 0x69, 0x6C, 0x65, 0x20, 0x6F, 0x72, 0x20, 0x61, 0x6E, 0x79,
0x20, 0x20, 0x20, 0x6F, 0x74, 0x68, 0x65, 0x72, 0x20, 0x70, 0x6F, 0x73, 0x73, 0x69, 0x62, 0x6C,
0x65, 0x20, 0x64, 0x69, 0x67, 0x69, 0x74, 0x61, 0x6C, 0x20, 0x72, 0x65, 0x70, 0x72, 0x65, 0x73,
0x65, 0x6E, 0x74, 0x61, 0x74, 0x69, 0x6F, 0x6E, 0x73, 0x2E, 0x20, 0x20, 0x20, 0x20, 0x34, 0x2E,
0x29, 0x20, 0x52, 0x65, 0x64, 0x69, 0x73, 0x74, 0x72, 0x69, 0x62, 0x75, 0x74, 0x69, 0x6F, 0x6E,
0x20, 0x6F, 0x66, 0x20, 0x74, 0x68, 0x69, 0x73, 0x20, 0x66, 0x6F, 0x6E, 0x74, 0x20, 0x69, 0x73,
0x20, 0x70, 0x65, 0x72, 0x6D, 0x69, 0x74, 0x74, 0x65, 0x64, 0x20, 0x6F, 0x6E, 0x6C, 0x79, 0x20,
0x69, 0x66, 0x20, 0x74, 0x68, 0x69, 0x73, 0x20, 0x72, 0x65, 0x61, 0x64, 0x6D, 0x65, 0x20, 0x69,
0x73, 0x2C, 0x20, 0x61, 0x73, 0x20, 0x77, 0x65, 0x6C, 0x6C, 0x20, 0x20, 0x20, 0x61, 0x73, 0x20,
0x74, 0x68, 0x65, 0x20, 0x66, 0x6F, 0x6E, 0x74, 0x20, 0x66, 0x69, 0x6C, 0x65, 0x20, 0x69, 0x74,
0x73, 0x65, 0x6C, 0x66, 0x2C, 0x20, 0x6B, 0x65, 0x70, 0x74, 0x20, 0x69, 0x6E, 0x74, 0x61, 0x63,
0x74, 0x20, 0x61, 0x73, 0x20, 0x69, 0x73, 0x2C, 0x20, 0x61, 0x6E, 0x64, 0x20, 0x69, 0x74, 0x20,
0x69, 0x73, 0x20, 0x6F, 0x66, 0x66, 0x65, 0x72, 0x65, 0x64, 0x20, 0x66, 0x72, 0x65, 0x65, 0x20,
0x6F, 0x66, 0x20, 0x63, 0x68, 0x61, 0x72, 0x67, 0x65, 0x2C, 0x20, 0x20, 0x20, 0x6E, 0x6F, 0x20,
0x66, 0x65, 0x65, 0x20, 0x69, 0x73, 0x20, 0x69, 0x6D, 0x70, 0x6C, 0x65, 0x6D, 0x65, 0x6E, 0x74,
0x65, 0x64, 0x20, 0x75, 0x70, 0x6F, 0x6E, 0x20, 0x74, 0x68, 0x65, 0x20, 0x61, 0x71, 0x75, 0x69,
0x73, 0x74, 0x69, 0x74, 0x69, 0x6F, 0x6E, 0x20, 0x6F, 0x66, 0x20, 0x74, 0x68, 0x69, 0x73, 0x20,
0x66, 0x6F, 0x6E, 0x74, 0x2E, 0x20, 0x49, 0x66, 0x20, 0x79, 0x6F, 0x75, 0x20, 0x64, 0x6F, 0x20,
0x20, 0x20, 0x72, 0x65, 0x64, 0x69, 0x73, 0x74, 0x72, 0x69, 0x62, 0x75, 0x74, 0x65, 0x20, 0x74,
0x68, 0x69, 0x73, 0x20, 0x66, 0x6F, 0x6E, 0x74, 0x2C, 0x20, 0x70, 0x6C, 0x65, 0x61, 0x73, 0x65,
0x20, 0x63, 0x6F, 0x6E, 0x74, 0x61, 0x63, 0x74, 0x20, 0x6D, 0x65, 0x20, 0x67, 0x61, 0x6C, 0x64,
0x69, 0x6E, 0x6F, 0x6A, 0x70, 0x40, 0x79, 0x61, 0x68, 0x6F, 0x6F, 0x2E, 0x63, 0x6F, 0x6D, 0x2E,
0x62, 0x72, 0x20, 0x77, 0x69, 0x74, 0x68, 0x20, 0x64, 0x65, 0x74, 0x61, 0x69, 0x6C, 0x73, 0x2E,
0x20, 0x20, 0x20, 0x20, 0x20, 0x35, 0x2E, 0x29, 0x20, 0x55, 0x70, 0x6F, 0x6E, 0x20, 0x64, 0x6F,
0x77, 0x6E, 0x6C, 0x6F, 0x61, 0x64, 0x69, 0x6E, 0x67, 0x20, 0x74, 0x68, 0x69, 0x73, 0x20, 0x66,
0x6F, 0x6E, 0x74, 0x2C, 0x20, 0x74, 0x68, 0x65, 0x20, 0x75, 0x73, 0x65, 0x72, 0x20, 0x61, 0x63,
0x63, 0x65, 0x70, 0x74, 0x73, 0x20, 0x61, 0x6C, 0x6C, 0x20, 0x6C, 0x69, 0x61, 0x62, 0x69, 0x6C,
0x69, 0x74, 0x79, 0x20, 0x61, 0x6E, 0x64, 0x20, 0x20, 0x20, 0x73, 0x6F, 0x6C, 0x65, 0x20, 0x72,
0x65, 0x73, 0x70, 0x6F, 0x6E, 0x73, 0x69, 0x62, 0x69, 0x6C, 0x69, 0x74, 0x79, 0x20, 0x66, 0x6F,
0x72, 0x20, 0x74, 0x68, 0x65, 0x20, 0x66, 0x6F, 0x6E, 0x74, 0x20, 0x66, 0x69, 0x6C, 0x65, 0x20,
0x61, 0x6E, 0x64, 0x20, 0x61, 0x6E, 0x79, 0x20, 0x61, 0x63, 0x63, 0x6F, 0x6D, 0x70, 0x61, 0x6E,
0x79, 0x69, 0x6E, 0x67, 0x20, 0x66, 0x69, 0x6C, 0x65, 0x73, 0x20, 0x20, 0x20, 0x74, 0x68, 0x65,
0x72, 0x65, 0x69, 0x6E, 0x2E, 0x20, 0x47, 0x61, 0x6C, 0x64, 0x69, 0x6E, 0x6F, 0x20, 0x4F, 0x74,
0x74, 0x65, 0x6E, 0x20, 0x69, 0x73, 0x20, 0x6E, 0x6F, 0x74, 0x20, 0x72, 0x65, 0x73, 0x70, 0x6F,
0x6E, 0x73, 0x69, 0x62, 0x6C, 0x65, 0x20, 0x6F, 0x72, 0x20, 0x20, 0x20, 0x6C, 0x69, 0x61, 0x62,
0x6C, 0x65, 0x20, 0x66, 0x6F, 0x72, 0x20, 0x61, 0x6E, 0x79, 0x20, 0x64, 0x61, 0x6D, 0x61, 0x67,
0x65, 0x73, 0x2C, 0x20, 0x6C, 0x6F, 0x73, 0x73, 0x20, 0x6F, 0x72, 0x20, 0x6F, 0x74, 0x68, 0x65,
0x72, 0x20, 0x63, 0x6F, 0x6E, 0x73, 0x65, 0x71, 0x75, 0x65, 0x6E, 0x63, 0x65, 0x73, 0x20, 0x69,
0x6E, 0x63, 0x75, 0x72, 0x72, 0x65, 0x64, 0x20, 0x20, 0x20, 0x61, 0x73, 0x20, 0x61, 0x20, 0x72,
0x65, 0x73, 0x75, 0x6C, 0x74, 0x20, 0x6F, 0x66, 0x20, 0x64, 0x6F, 0x77, 0x6E, 0x6C, 0x6F, 0x61,
0x64, 0x69, 0x6E, 0x67, 0x20, 0x74, 0x68, 0x69, 0x73, 0x20, 0x66, 0x6F, 0x6E, 0x74, 0x2C, 0x20,
0x6F, 0x72, 0x20, 0x6F, 0x74, 0x68, 0x65, 0x72, 0x77, 0x69, 0x73, 0x65, 0x20, 0x72, 0x65, 0x6C,
0x61, 0x74, 0x69, 0x6E, 0x67, 0x20, 0x6F, 0x72, 0x20, 0x20, 0x20, 0x61, 0x73, 0x73, 0x6F, 0x63,
0x69, 0x61, 0x74, 0x65, 0x64, 0x20, 0x77, 0x69, 0x74, 0x68, 0x20, 0x74, 0x68, 0x65, 0x20, 0x64,
0x6F, 0x77, 0x6E, 0x6C, 0x6F, 0x61, 0x64, 0x2E, 0x20, 0x20, 0x20, 0x20, 0x20, 0x2A, 0x50, 0x65,
0x72, 0x73, 0x6F, 0x6E, 0x61, 0x6C, 0x20, 0x75, 0x73, 0x65, 0x20, 0x64, 0x6F, 0x65, 0x73, 0x20,
0x6E, 0x6F, 0x74, 0x20, 0x63, 0x6F, 0x6E, 0x73, 0x74, 0x69, 0x74, 0x75, 0x74, 0x65, 0x20, 0x22,
0x70, 0x75, 0x62, 0x6C, 0x69, 0x63, 0x20, 0x64, 0x6F, 0x6D, 0x61, 0x69, 0x6E, 0x2E, 0x22, 0x20,
0x20, 0x20, 0x20, 0x20, 0x2A, 0x2A, 0x49, 0x66, 0x20, 0x79, 0x6F, 0x75, 0x20, 0x61, 0x72, 0x65,
0x20, 0x69, 0x6E, 0x74, 0x65, 0x72, 0x65, 0x73, 0x74, 0x65, 0x64, 0x20, 0x69, 0x6E, 0x20, 0x74,
0x68, 0x65, 0x20, 0x63, 0x6F, 0x6D, 0x6D, 0x65, 0x72, 0x63, 0x69, 0x61, 0x6C, 0x20, 0x75, 0x73,
0x65, 0x20, 0x6F, 0x66, 0x20, 0x74, 0x68, 0x69, 0x73, 0x20, 0x66, 0x6F, 0x6E, 0x74, 0x20, 0x6F,
0x72, 0x20, 0x75, 0x73, 0x69, 0x6E, 0x67, 0x20, 0x20, 0x20, 0x74, 0x68, 0x69, 0x73, 0x20, 0x66,
0x6F, 0x6E, 0x74, 0x20, 0x69, 0x6E, 0x20, 0x61, 0x6E, 0x79, 0x20, 0x6D, 0x61, 0x6E, 0x6E, 0x65,
0x72, 0x20, 0x6F, 0x75, 0x74, 0x73, 0x69, 0x64, 0x65, 0x20, 0x74, 0x68, 0x65, 0x20, 0x72, 0x65,
0x61, 0x6C, 0x6D, 0x20, 0x6F, 0x66, 0x20, 0x22, 0x70, 0x65, 0x72, 0x73, 0x6F, 0x6E, 0x61, 0x6C,
0x20, 0x75, 0x73, 0x65, 0x2C, 0x22, 0x20, 0x79, 0x6F, 0x75, 0x20, 0x20, 0x20, 0x6D, 0x75, 0x73,
0x74, 0x20, 0x6F, 0x62, 0x74, 0x61, 0x69, 0x6E, 0x20, 0x74, 0x68, 0x65, 0x20, 0x72, 0x69, 0x67,
0x68, 0x74, 0x73, 0x20, 0x74, 0x6F, 0x20, 0x75, 0x73, 0x65, 0x20, 0x74, 0x68, 0x69, 0x73, 0x20,
0x66, 0x6F, 0x6E, 0x74, 0x20, 0x63, 0x6F, 0x6D, 0x6D, 0x65, 0x72, 0x63, 0x69, 0x61, 0x6C, 0x6C,
0x79, 0x20, 0x20, 0x20, 0x28, 0x43, 0x6F, 0x6D, 0x6D, 0x65, 0x72, 0x63, 0x69, 0x61, 0x6C, 0x20,
0x46, 0x6F, 0x6E, 0x74, 0x20, 0x45, 0x6E, 0x64, 0x20, 0x55, 0x73, 0x65, 0x72, 0x20, 0x4C, 0x69,
0x63, 0x65, 0x6E, 0x73, 0x65, 0x29, 0x20, 0x20, 0x70, 0x72, 0x69, 0x6F, 0x72, 0x20, 0x74, 0x6F,
0x20, 0x64, 0x6F, 0x69, 0x6E, 0x67, 0x20, 0x73, 0x6F, 0x2E, 0x20, 0x54, 0x6F, 0x20, 0x6F, 0x62,
0x74, 0x61, 0x69, 0x6E, 0x20, 0x20, 0x20, 0x61, 0x20, 0x43, 0x6F, 0x6D, 0x6D, 0x65, 0x72, 0x63,
0x69, 0x61, 0x6C, 0x20, 0x46, 0x6F, 0x6E, 0x74, 0x20, 0x45, 0x6E, 0x64, 0x20, 0x55, 0x73, 0x65,
0x72, 0x20, 0x4C, 0x69, 0x63, 0x65, 0x6E, 0x73, 0x65, 0x20, 0x41, 0x67, 0x72, 0x65, 0x65, 0x6D,
0x65, 0x6E, 0x74, 0x20, 0x77, 0x69, 0x74, 0x68, 0x20, 0x74, 0x68, 0x69, 0x73, 0x20, 0x66, 0x6F,
0x6E, 0x74, 0x2C, 0x20, 0x20, 0x20, 0x63, 0x6F, 0x6E, 0x74, 0x61, 0x63, 0x74, 0x20, 0x6D, 0x65,
0x20, 0x67, 0x61, 0x6C, 0x64, 0x69, 0x6E, 0x6F, 0x6A, 0x70, 0x40, 0x79, 0x61, 0x68, 0x6F, 0x6F,
0x2E, 0x63, 0x6F, 0x6D, 0x2E, 0x62, 0x72, 0x20, 0x20, 0x54, 0x68, 0x61, 0x6E, 0x6B, 0x73, 0x20,
0x20, 0x66, 0x6F, 0x72, 0x20, 0x61, 0x63, 0x63, 0x65, 0x70, 0x74, 0x69, 0x6E, 0x67, 0x20, 0x74,
0x68, 0x65, 0x73, 0x65, 0x20, 0x74, 0x65, 0x72, 0x6D, 0x73, 0x2E, 0x20, 0x20, 0x20, 0x20, 0x20,
0x20, 0x20, 0x00, 0x6F, 0x00, 0x62, 0x00, 0x79, 0x01, 0x0D, 0x00, 0x65, 0x00, 0x6A, 0x00, 0x6E,
0x00, 0xE9, 0x00, 0x6E, 0x00, 0x6F, 0x00, 0x72, 0x00, 0x6D, 0x00, 0x61, 0x00, 0x6C, 0x00, 0x53,
0x00, 0x74, 0x00, 0x61, 0x00, 0x6E, 0x00, 0x64, 0x00, 0x61, 0x00, 0x72, 0x00, 0x64, 0x03, 0x9A,
0x03, 0xB1, 0x03, 0xBD, 0x03, 0xBF, 0x03, 0xBD, 0x03, 0xB9, 0x03, 0xBA, 0x03, 0xAC, 0x00, 0x54,
0x00, 0x79, 0x00, 0x70, 0x00, 0x65, 0x00, 0x66, 0x00, 0x61, 0x00, 0x63, 0x00, 0x65, 0x00, 0x20,
0x00, 0xA9, 0x00, 0x20, 0x00, 0x47, 0x00, 0x61, 0x00, 0x6C, 0x00, 0x64, 0x00, 0x69, 0x00, 0x6E,
0x00, 0x6F, 0x00, 0x20, 0x00, 0x4F, 0x00, 0x74, 0x00, 0x74, 0x00, 0x65, 0x00, 0x6E, 0x00, 0x2E,
0x00, 0x20, 0x00, 0x32, 0x00, 0x30, 0x00, 0x31, 0x00, 0x33, 0x00, 0x2E, 0x00, 0x20, 0x00, 0x41,
0x00, 0x6C, 0x00, 0x6C, 0x00, 0x20, 0x00, 0x52, 0x00, 0x69, 0x00, 0x67, 0x00, 0x68, 0x00, 0x74,
0x00, 0x73, 0x00, 0x20, 0x00, 0x52, 0x00, 0x65, 0x00, 0x73, 0x00, 0x65, 0x00, 0x72, 0x00, 0x76,
0x00, 0x65, 0x00, 0x64, 0x00, 0x52, 0x00, 0x65, 0x00, 0x67, 0x00, 0x75, 0x00, 0x6C, 0x00, 0x61,
0x00, 0x72, 0x00, 0x53, 0x00, 0x69, 0x00, 0x6D, 0x00, 0x70, 0x00, 0x6C, 0x00, 0x79, 0x00, 0x20,
0x00, 0x52, 0x00, 0x6F, 0x00, 0x75, 0x00, 0x6E, 0x00, 0x64, 0x00, 0x65, 0x00, 0x64, 0x00, 0x3A,
0x00, 0x56, 0x00, 0x65, 0x00, 0x72, 0x00, 0x73, 0x00, 0x69, 0x00, 0x6F, 0x00, 0x6E, 0x00, 0x20,
0x00, 0x31, 0x00, 0x2E, 0x00, 0x30, 0x00, 0x30, 0x00, 0x56, 0x00, 0x65, 0x00, 0x72, 0x00, 0x73,
0x00, 0x69, 0x00, 0x6F, 0x00, 0x6E, 0x00, 0x20, 0x00, 0x31, 0x00, 0x2E, 0x00, 0x30, 0x00, 0x30,
0x00, 0x20, 0x00, 0x44, 0x00, 0x65, 0x00, 0x63, 0x00, 0x65, 0x00, 0x6D, 0x00, 0x62, 0x00, 0x65,
0x00, 0x72, 0x00, 0x20, 0x00, 0x32, 0x00, 0x39, 0x00, 0x2C, 0x00, 0x20, 0x00, 0x32, 0x00, 0x30,
0x00, 0x31, 0x00, 0x34, 0x00, 0x2C, 0x00, 0x20, 0x00, 0x69, 0x00, 0x6E, 0x00, 0x69, 0x00, 0x74,
0x00, 0x69, 0x00, 0x61, 0x00, 0x6C, 0x00, 0x20, 0x00, 0x72, 0x00, 0x65, 0x00, 0x6C, 0x00, 0x65,
0x00, 0x61, 0x00, 0x73, 0x00, 0x65, 0x00, 0x53, 0x00, 0x69, 0x00, 0x6D, 0x00, 0x70, 0x00, 0x6C,
0x00, 0x79, 0x00, 0x52, 0x00, 0x6F, 0x00, 0x75, 0x00, 0x6E, 0x00, 0x64, 0x00, 0x65, 0x00, 0x64,
0x00, 0x54, 0x00, 0x68, 0x00, 0x69, 0x00, 0x73, 0x00, 0x20, 0x00, 0x66, 0x00, 0x6F, 0x00, 0x6E,
0x00, 0x74, 0x00, 0x20, 0x00, 0x77, 0x00, 0x61, 0x00, 0x73, 0x00, 0x20, 0x00, 0x63, 0x00, 0x72,
0x00, 0x65, 0x00, 0x61, 0x00, 0x74, 0x00, 0x65, 0x00, 0x64, 0x00, 0x20, 0x00, 0x75, 0x00, 0x73,
0x00, 0x69, 0x00, 0x6E, 0x00, 0x67, 0x00, 0x20, 0x00, 0x46, 0x00, 0x6F, 0x00, 0x6E, 0x00, 0x74,
0x00, 0x43, 0x00, 0x72, 0x00, 0x65, 0x00, 0x61, 0x00, 0x74, 0x00, 0x6F, 0x00, 0x72, 0x00, 0x20,
0x00, 0x36, 0x00, 0x2E, 0x00, 0x35, 0x00, 0x20, 0x00, 0x66, 0x00, 0x72, 0x00, 0x6F, 0x00, 0x6D,
0x00, 0x20, 0x00, 0x48, 0x00, 0x69, 0x00, 0x67, 0x00, 0x68, 0x00, 0x2D, 0x00, 0x4C, 0x00, 0x6F,
0x00, 0x67, 0x00, 0x69, 0x00, 0x63, 0x00, 0x2E, 0x00, 0x63, 0x00, 0x6F, 0x00, 0x6D, 0x00, 0x68,
0x00, 0x74, 0x00, 0x74, 0x00, 0x70, 0x00, 0x3A, 0x00, 0x2F, 0x00, 0x2F, 0x00, 0x77, 0x00, 0x77,
0x00, 0x77, 0x00, 0x2E, 0x00, 0x67, 0x00, 0x61, 0x00, 0x6C, 0x00, 0x64, 0x00, 0x69, 0x00, 0x6E,
0x00, 0x6F, 0x00, 0x6F, 0x00, 0x74, 0x00, 0x74, 0x00, 0x65, 0x00, 0x6E, 0x00, 0x2E, 0x00, 0x63,
0x00, 0x6F, 0x00, 0x6D, 0x00, 0x53, 0x00, 0x6F, 0x00, 0x75, 0x00, 0x6E, 0x00, 0x64, 0x00, 0x73,
0x00, 0x20, 0x00, 0x47, 0x00, 0x6F, 0x00, 0x6F, 0x00, 0x64, 0x00, 0x20, 0x00, 0x46, 0x00, 0x6F,
0x00, 0x6E, 0x00, 0x74, 0x00, 0x20, 0x00, 0x46, 0x00, 0x61, 0x00, 0x6D, 0x00, 0x69, 0x00, 0x6C,
0x00, 0x79, 0x00, 0x0D, 0x00, 0x0A, 0x00, 0x42, 0x00, 0x79, 0x00, 0x20, 0x00, 0x47, 0x00, 0x61,
0x00, 0x6C, 0x00, 0x64, 0x00, 0x69, 0x00, 0x6E, 0x00, 0x6F, 0x00, 0x20, 0x00, 0x4F, 0x00, 0x74,
0x00, 0x74, 0x00, 0x65, 0x00, 0x6E, 0x00, 0x20, 0x00, 0xA9, 0x00, 0x20, 0x00, 0x28, 0x00, 0x63,
0x00, 0x6F, 0x00, 0x70, 0x00, 0x79, 0x00, 0x72, 0x00, 0x69, 0x00, 0x67, 0x00, 0x68, 0x00, 0x74,
0x00, 0x29, 0x00, 0x20, 0x00, 0x20, 0x00, 0x46, 0x00, 0x72, 0x00, 0x65, 0x00, 0x65, 0x00, 0x20,
0x00, 0x66, 0x00, 0x6F, 0x00, 0x72, 0x00, 0x20, 0x00, 0x70, 0x00, 0x65, 0x00, 0x72, 0x00, 0x73,
0x00, 0x6F, 0x00, 0x6E, 0x00, 0x61, 0x00, 0x6C, 0x00, 0x20, 0x00, 0x75, 0x00, 0x73, 0x00, 0x65,
0x00, 0x0D, 0x00, 0x0A, 0x00, 0x44, 0x00, 0x6F, 0x00, 0x6E, 0x00, 0x61, 0x00, 0x74, 0x00, 0x69,
0x00, 0x6F, 0x00, 0x6E, 0x00, 0x20, 0x00, 0x72, 0x00, 0x65, 0x00, 0x71, 0x00, 0x75, 0x00, 0x69,
0x00, 0x72, 0x00, 0x65, 0x00, 0x64, 0x00, 0x20, 0x00, 0x66, 0x00, 0x6F, 0x00, 0x72, 0x00, 0x20,
0x00, 0x43, 0x00, 0x6F, 0x00, 0x6D, 0x00, 0x6D, 0x00, 0x65, 0x00, 0x72, 0x00, 0x63, 0x00, 0x69,
0x00, 0x61, 0x00, 0x6C, 0x00, 0x20, 0x00, 0x75, 0x00, 0x73, 0x00, 0x65, 0x00, 0x2E, 0x00, 0x20,
0x00, 0x43, 0x00, 0x6F, 0x00, 0x6E, 0x00, 0x74, 0x00, 0x61, 0x00, 0x63, 0x00, 0x74, 0x00, 0x3A,
0x00, 0x20, 0x00, 0x45, 0x00, 0x6D, 0x00, 0x61, 0x00, 0x69, 0x00, 0x6C, 0x00, 0x20, 0x00, 0x63,
0x00, 0x6F, 0x00, 0x6E, 0x00, 0x74, 0x00, 0x61, 0x00, 0x63, 0x00, 0x74, 0x00, 0x40, 0x00, 0x67,
0x00, 0x61, 0x00, 0x6C, 0x00, 0x64, 0x00, 0x69, 0x00, 0x6E, 0x00, 0x6F, 0x00, 0x6F, 0x00, 0x74,
0x00, 0x74, 0x00, 0x65, 0x00, 0x6E, 0x00, 0x2E, 0x00, 0x63, 0x00, 0x6F, 0x00, 0x6D, 0x00, 0x20,
0x00, 0x20, 0x00, 0x6F, 0x00, 0x72, 0x00, 0x20, 0x00, 0x63, 0x00, 0x61, 0x00, 0x6C, 0x00, 0x6C,
0x00, 0x3A, 0x00, 0x20, 0x00, 0x30, 0x00, 0x30, 0x00, 0x20, 0x00, 0x35, 0x00, 0x35, 0x00, 0x20,
0x00, 0x38, 0x00, 0x33, 0x00, 0x20, 0x00, 0x39, 0x00, 0x38, 0x00, 0x30, 0x00, 0x36, 0x00, 0x37,
0x00, 0x37, 0x00, 0x37, 0x00, 0x34, 0x00, 0x0D, 0x00, 0x0A, 0x00, 0x44, 0x00, 0x6F, 0x00, 0x6E,
0x00, 0x61, 0x00, 0x74, 0x00, 0x65, 0x00, 0x20, 0x00, 0x74, 0x00, 0x6F, 0x00, 0x20, 0x00, 0x47,
0x00, 0x61, 0x00, 0x6C, 0x00, 0x64, 0x00, 0x69, 0x00, 0x6E, 0x00, 0x6F, 0x00, 0x20, 0x00, 0x4F,
0x00, 0x74, 0x00, 0x74, 0x00, 0x65, 0x00, 0x6E, 0x00, 0x20, 0x00, 0x61, 0x00, 0x74, 0x00, 0x20,
0x00, 0x50, 0x00, 0x61, 0x00, 0x79, 0x00, 0x50, 0x00, 0x61, 0x00, 0x6C, 0x00, 0x2E, 0x00, 0x63,
0x00, 0x6F, 0x00, 0x6D, 0x00, 0x0D, 0x00, 0x0A, 0x00, 0x74, 0x00, 0x6F, 0x00, 0x20, 0x00, 0x64,
0x00, 0x6F, 0x00, 0x6E, 0x00, 0x61, 0x00, 0x74, 0x00, 0x65, 0x00, 0x40, 0x00, 0x67, 0x00, 0x61,
0x00, 0x6C, 0x00, 0x64, 0x00, 0x69, 0x00, 0x6E, 0x00, 0x6F, 0x00, 0x6F, 0x00, 0x74, 0x00, 0x74,
0x00, 0x65, 0x00, 0x6E, 0x00, 0x2E, 0x00, 0x63, 0x00, 0x6F, 0x00, 0x6D, 0x00, 0x0D, 0x00, 0x0A,
0x00, 0x42, 0x00, 0x6C, 0x00, 0x6F, 0x00, 0x67, 0x00, 0x3A, 0x00, 0x20, 0x00, 0x0D, 0x00, 0x0A,
0x00, 0x68, 0x00, 0x74, 0x00, 0x74, 0x00, 0x70, 0x00, 0x3A, 0x00, 0x2F, 0x00, 0x2F, 0x00, 0x6F,
0x00, 0x6E, 0x00, 0x6C, 0x00, 0x79, 0x00, 0x69, 0x00, 0x6C, 0x00, 0x6C, 0x00, 0x75, 0x00, 0x73,
0x00, 0x74, 0x00, 0x72, 0x00, 0x61, 0x00, 0x74, 0x00, 0x69, 0x00, 0x6F, 0x00, 0x6E, 0x00, 0x2E,
0x00, 0x62, 0x00, 0x6C, 0x00, 0x6F, 0x00, 0x67, 0x00, 0x73, 0x00, 0x70, 0x00, 0x6F, 0x00, 0x74,
0x00, 0x2E, 0x00, 0x63, 0x00, 0x6F, 0x00, 0x6D, 0x00, 0x2F, 0x00, 0x0D, 0x00, 0x0A, 0x00, 0x68,
0x00, 0x74, 0x00, 0x74, 0x00, 0x70, 0x00, 0x3A, 0x00, 0x2F, 0x00, 0x2F, 0x00, 0x67, 0x00, 0x61,
0x00, 0x6C, 0x00, 0x64, 0x00, 0x69, 0x00, 0x6E, 0x00, 0x6F, 0x00, 0x6F, 0x00, 0x74, 0x00, 0x74,
0x00, 0x65, 0x00, 0x6E, 0x00, 0x62, 0x00, 0x72, 0x00, 0x2E, 0x00, 0x62, 0x00, 0x6C, 0x00, 0x6F,
0x00, 0x67, 0x00, 0x73, 0x00, 0x70, 0x00, 0x6F, 0x00, 0x74, 0x00, 0x2E, 0x00, 0x63, 0x00, 0x6F,
0x00, 0x6D, 0x00, 0x2F, 0x00, 0x0D, 0x00, 0x0A, 0x00, 0x68, 0x00, 0x74, 0x00, 0x74, 0x00, 0x70,
0x00, 0x3A, 0x00, 0x2F, 0x00, 0x2F, 0x00, 0x67, 0x00, 0x61, 0x00, 0x6C, 0x00, 0x64, 0x00, 0x69,
0x00, 0x6E, 0x00, 0x6F, 0x00, 0x6F, 0x00, 0x74, 0x00, 0x74, 0x00, 0x65, 0x00, 0x6E, 0x00, 0x2E,
0x00, 0x63, 0x00, 0x6F, 0x00, 0x6D, 0x00, 0x0D, 0x00, 0x0A, 0x00, 0x0D, 0x00, 0x0A, 0x00, 0x0D,
0x00, 0x0A, 0x00, 0x54, 0x00, 0x65, 0x00, 0x72, 0x00, 0x6D, 0x00, 0x73, 0x00, 0x20, 0x00, 0x6F,
0x00, 0x66, 0x00, 0x20, 0x00, 0x55, 0x00, 0x73, 0x00, 0x65, 0x00, 0x2F, 0x00, 0x45, 0x00, 0x6E,
0x00, 0x64, 0x00, 0x20, 0x00, 0x55, 0x00, 0x73, 0x00, 0x65, 0x00, 0x72, 0x00, 0x20, 0x00, 0x4C,
0x00, 0x69, 0x00, 0x73, 0x00, 0x65, 0x00, 0x6E, 0x00, 0x63, 0x00, 0x65, 0x00, 0x20, 0x00, 0x41,
0x00, 0x67, 0x00, 0x72, 0x00, 0x65, 0x00, 0x65, 0x00, 0x6D, 0x00, 0x65, 0x00, 0x6E, 0x00, 0x74,
0x00, 0x0D, 0x00, 0x0A, 0x00, 0x0D, 0x00, 0x0A, 0x00, 0x55, 0x00, 0x70, 0x00, 0x6F, 0x00, 0x6E,
0x00, 0x20, 0x00, 0x64, 0x00, 0x6F, 0x00, 0x77, 0x00, 0x6E, 0x00, 0x6C, 0x00, 0x6F, 0x00, 0x61,
0x00, 0x64, 0x00, 0x69, 0x00, 0x6E, 0x00, 0x67, 0x00, 0x20, 0x00, 0x74, 0x00, 0x68, 0x00, 0x69,
0x00, 0x73, 0x00, 0x20, 0x00, 0x66, 0x00, 0x6F, 0x00, 0x6E, 0x00, 0x74, 0x00, 0x20, 0x00, 0x74,
0x00, 0x68, 0x00, 0x65, 0x00, 0x20, 0x00, 0x75, 0x00, 0x73, 0x00, 0x65, 0x00, 0x72, 0x00, 0x20,
0x00, 0x62, 0x00, 0x6F, 0x00, 0x75, 0x00, 0x6E, 0x00, 0x64, 0x00, 0x20, 0x00, 0x74, 0x00, 0x6F,
0x00, 0x20, 0x00, 0x61, 0x00, 0x62, 0x00, 0x69, 0x00, 0x64, 0x00, 0x65, 0x00, 0x20, 0x00, 0x0D,
0x00, 0x0A, 0x00, 0x74, 0x00, 0x68, 0x00, 0x65, 0x00, 0x20, 0x00, 0x46, 0x00, 0x72, 0x00, 0x65,
0x00, 0x65, 0x00, 0x20, 0x00, 0x46, 0x00, 0x6F, 0x00, 0x6E, 0x00, 0x74, 0x00, 0x20, 0x00, 0x54,
0x00, 0x65, 0x00, 0x72, 0x00, 0x6D, 0x00, 0x73, 0x00, 0x20, 0x00, 0x6F, 0x00, 0x66, 0x00, 0x20,
0x00, 0x55, 0x00, 0x73, 0x00, 0x65, 0x00, 0x2F, 0x00, 0x46, 0x00, 0x72, 0x00, 0x65, 0x00, 0x65,
0x00, 0x20, 0x00, 0x46, 0x00, 0x6F, 0x00, 0x6E, 0x00, 0x74, 0x00, 0x20, 0x00, 0x45, 0x00, 0x6E,
0x00, 0x64, 0x00, 0x20, 0x00, 0x55, 0x00, 0x73, 0x00, 0x65, 0x00, 0x72, 0x00, 0x20, 0x00, 0x0D,
0x00, 0x0A, 0x00, 0x4C, 0x00, 0x69, 0x00, 0x63, 0x00, 0x65, 0x00, 0x6E, 0x00, 0x73, 0x00, 0x65,
0x00, 0x20, 0x00, 0x41, 0x00, 0x67, 0x00, 0x72, 0x00, 0x65, 0x00, 0x65, 0x00, 0x6D, 0x00, 0x65,
0x00, 0x6E, 0x00, 0x74, 0x00, 0x20, 0x00, 0x28, 0x00, 0x54, 0x00, 0x4F, 0x00, 0x55, 0x00, 0x2F,
0x00, 0x45, 0x00, 0x55, 0x00, 0x4C, 0x00, 0x41, 0x00, 0x29, 0x00, 0x20, 0x00, 0x64, 0x00, 0x65,
0x00, 0x66, 0x00, 0x69, 0x00, 0x6E, 0x00, 0x65, 0x00, 0x64, 0x00, 0x20, 0x00, 0x62, 0x00, 0x65,
0x00, 0x6C, 0x00, 0x6F, 0x00, 0x77, 0x00, 0x2E, 0x00, 0x20, 0x00, 0x0D, 0x00, 0x0A, 0x00, 0x54,
0x00, 0x68, 0x00, 0x69, 0x00, 0x73, 0x00, 0x20, 0x00, 0x61, 0x00, 0x67, 0x00, 0x72, 0x00, 0x65,
0x00, 0x65, 0x00, 0x6D, 0x00, 0x65, 0x00, 0x6E, 0x00, 0x74, 0x00, 0x20, 0x00, 0x70, 0x00, 0x65,
0x00, 0x72, 0x00, 0x74, 0x00, 0x61, 0x00, 0x69, 0x00, 0x6E, 0x00, 0x73, 0x00, 0x20, 0x00, 0x74,
0x00, 0x6F, 0x00, 0x20, 0x00, 0x79, 0x00, 0x6F, 0x00, 0x75, 0x00, 0x2F, 0x00, 0x74, 0x00, 0x68,
0x00, 0x65, 0x00, 0x20, 0x00, 0x75, 0x00, 0x73, 0x00, 0x65, 0x00, 0x72, 0x00, 0x20, 0x00, 0x61,
0x00, 0x6E, 0x00, 0x64, 0x00, 0x20, 0x00, 0x74, 0x00, 0x68, 0x00, 0x65, 0x00, 0x20, 0x00, 0x0D,
0x00, 0x0A, 0x00, 0x6C, 0x00, 0x69, 0x00, 0x73, 0x00, 0x63, 0x00, 0x65, 0x00, 0x6E, 0x00, 0x63,
0x00, 0x69, 0x00, 0x6E, 0x00, 0x67, 0x00, 0x20, 0x00, 0x72, 0x00, 0x69, 0x00, 0x67, 0x00, 0x68,
0x00, 0x74, 0x00, 0x73, 0x00, 0x20, 0x00, 0x61, 0x00, 0x71, 0x00, 0x75, 0x00, 0x69, 0x00, 0x72,
0x00, 0x65, 0x00, 0x64, 0x00, 0x20, 0x00, 0x77, 0x00, 0x69, 0x00, 0x74, 0x00, 0x68, 0x00, 0x20,
0x00, 0x74, 0x00, 0x68, 0x00, 0x69, 0x00, 0x73, 0x00, 0x20, 0x00, 0x64, 0x00, 0x6F, 0x00, 0x77,
0x00, 0x6E, 0x00, 0x6C, 0x00, 0x6F, 0x00, 0x61, 0x00, 0x64, 0x00, 0x2E, 0x00, 0x20, 0x00, 0x54,
0x00, 0x68, 0x00, 0x65, 0x00, 0x73, 0x00, 0x65, 0x00, 0x20, 0x00, 0x0D, 0x00, 0x0A, 0x00, 0x72,
0x00, 0x69, 0x00, 0x67, 0x00, 0x68, 0x00, 0x74, 0x00, 0x73, 0x00, 0x20, 0x00, 0x61, 0x00, 0x72,
0x00, 0x65, 0x00, 0x20, 0x00, 0x73, 0x00, 0x70, 0x00, 0x65, 0x00, 0x63, 0x00, 0x69, 0x00, 0x66,
0x00, 0x69, 0x00, 0x63, 0x00, 0x20, 0x00, 0x74, 0x00, 0x6F, 0x00, 0x20, 0x00, 0x66, 0x00, 0x72,
0x00, 0x65, 0x00, 0x65, 0x00, 0x20, 0x00, 0x64, 0x00, 0x6F, 0x00, 0x77, 0x00, 0x6E, 0x00, 0x6C,
0x00, 0x6F, 0x00, 0x61, 0x00, 0x64, 0x00, 0x20, 0x00, 0x61, 0x00, 0x6E, 0x00, 0x64, 0x00, 0x20,
0x00, 0x75, 0x00, 0x73, 0x00, 0x61, 0x00, 0x67, 0x00, 0x65, 0x00, 0x20, 0x00, 0x6F, 0x00, 0x66,
0x00, 0x20, 0x00, 0x74, 0x00, 0x68, 0x00, 0x69, 0x00, 0x73, 0x00, 0x20, 0x00, 0x0D, 0x00, 0x0A,
0x00, 0x66, 0x00, 0x6F, 0x00, 0x6E, 0x00, 0x74, 0x00, 0x2C, 0x00, 0x20, 0x00, 0x69, 0x00, 0x2E,
0x00, 0x65, 0x00, 0x2E, 0x00, 0x20, 0x00, 0x61, 0x00, 0x20, 0x00, 0x70, 0x00, 0x65, 0x00, 0x72,
0x00, 0x73, 0x00, 0x6F, 0x00, 0x6E, 0x00, 0x61, 0x00, 0x6C, 0x00, 0x20, 0x00, 0x75, 0x00, 0x73,
0x00, 0x65, 0x00, 0x20, 0x00, 0x4C, 0x00, 0x69, 0x00, 0x63, 0x00, 0x65, 0x00, 0x6E, 0x00, 0x73,
0x00, 0x65, 0x00, 0x20, 0x00, 0x61, 0x00, 0x67, 0x00, 0x72, 0x00, 0x65, 0x00, 0x65, 0x00, 0x6D,
0x00, 0x65, 0x00, 0x6E, 0x00, 0x74, 0x00, 0x2E, 0x00, 0x0D, 0x00, 0x0A, 0x00, 0x2D, 0x00, 0x2D,
0x00, 0x2D, 0x00, 0x2D, 0x00, 0x2D, 0x00, 0x2D, 0x00, 0x2D, 0x00, 0x2D, 0x00, 0x2D, 0x00, 0x2D,
0x00, 0x2D, 0x00, 0x2D, 0x00, 0x2D, 0x00, 0x2D, 0x00, 0x2D, 0x00, 0x2D, 0x00, 0x2D, 0x00, 0x2D,
0x00, 0x2D, 0x00, 0x2D, 0x00, 0x2D, 0x00, 0x2D, 0x00, 0x2D, 0x00, 0x2D, 0x00, 0x2D, 0x00, 0x2D,
0x00, 0x2D, 0x00, 0x2D, 0x00, 0x2D, 0x00, 0x2D, 0x00, 0x2D, 0x00, 0x2D, 0x00, 0x2D, 0x00, 0x2D,
0x00, 0x2D, 0x00, 0x2D, 0x00, 0x2D, 0x00, 0x2D, 0x00, 0x2D, 0x00, 0x2D, 0x00, 0x2D, 0x00, 0x2D,
0x00, 0x2D, 0x00, 0x2D, 0x00, 0x2D, 0x00, 0x2D, 0x00, 0x2D, 0x00, 0x0D, 0x00, 0x0A, 0x00, 0x46,
0x00, 0x72, 0x00, 0x65, 0x00, 0x65, 0x00, 0x20, 0x00, 0x46, 0x00, 0x6F, 0x00, 0x6E, 0x00, 0x74,
0x00, 0x20, 0x00, 0x54, 0x00, 0x65, 0x00, 0x72, 0x00, 0x6D, 0x00, 0x73, 0x00, 0x20, 0x00, 0x6F,
0x00, 0x66, 0x00, 0x20, 0x00, 0x55, 0x00, 0x73, 0x00, 0x65, 0x00, 0x0D, 0x00, 0x0A, 0x00, 0x46,
0x00, 0x72, 0x00, 0x65, 0x00, 0x65, 0x00, 0x20, 0x00, 0x46, 0x00, 0x6F, 0x00, 0x6E, 0x00, 0x74,
0x00, 0x20, 0x00, 0x45, 0x00, 0x6E, 0x00, 0x64, 0x00, 0x20, 0x00, 0x55, 0x00, 0x73, 0x00, 0x65,
0x00, 0x72, 0x00, 0x20, 0x00, 0x4C, 0x00, 0x69, 0x00, 0x63, 0x00, 0x65, 0x00, 0x6E, 0x00, 0x73,
0x00, 0x65, 0x00, 0x20, 0x00, 0x41, 0x00, 0x67, 0x00, 0x72, 0x00, 0x65, 0x00, 0x65, 0x00, 0x6D,
0x00, 0x65, 0x00, 0x6E, 0x00, 0x74, 0x00, 0x3A, 0x00, 0x0D, 0x00, 0x0A, 0x00, 0x2D, 0x00, 0x2D,
0x00, 0x2D, 0x00, 0x2D, 0x00, 0x2D, 0x00, 0x2D, 0x00, 0x2D, 0x00, 0x2D, 0x00, 0x2D, 0x00, 0x2D,
0x00, 0x2D, 0x00, 0x2D, 0x00, 0x2D, 0x00, 0x2D, 0x00, 0x2D, 0x00, 0x2D, 0x00, 0x2D, 0x00, 0x2D,
0x00, 0x2D, 0x00, 0x2D, 0x00, 0x2D, 0x00, 0x2D, 0x00, 0x2D, 0x00, 0x2D, 0x00, 0x2D, 0x00, 0x2D,
0x00, 0x2D, 0x00, 0x2D, 0x00, 0x2D, 0x00, 0x2D, 0x00, 0x2D, 0x00, 0x2D, 0x00, 0x2D, 0x00, 0x2D,
0x00, 0x2D, 0x00, 0x2D, 0x00, 0x2D, 0x00, 0x2D, 0x00, 0x2D, 0x00, 0x2D, 0x00, 0x2D, 0x00, 0x2D,
0x00, 0x2D, 0x00, 0x2D, 0x00, 0x2D, 0x00, 0x2D, 0x00, 0x2D, 0x00, 0x0D, 0x00, 0x0A, 0x00, 0x31,
0x00, 0x2E, 0x00, 0x29, 0x00, 0x09, 0x00, 0x54, 0x00, 0x68, 0x00, 0x69, 0x00, 0x73, 0x00, 0x20,
0x00, 0x66, 0x00, 0x6F, 0x00, 0x6E, 0x00, 0x74, 0x00, 0x20, 0x00, 0x69, 0x00, 0x73, 0x00, 0x20,
0x00, 0x66, 0x00, 0x72, 0x00, 0x65, 0x00, 0x65, 0x00, 0x20, 0x00, 0x66, 0x00, 0x6F, 0x00, 0x72,
0x00, 0x20, 0x00, 0x70, 0x00, 0x65, 0x00, 0x72, 0x00, 0x73, 0x00, 0x6F, 0x00, 0x6E, 0x00, 0x61,
0x00, 0x6C, 0x00, 0x20, 0x00, 0x75, 0x00, 0x73, 0x00, 0x65, 0x00, 0x2E, 0x00, 0x0D, 0x00, 0x0A,
0x00, 0x0D, 0x00, 0x0A, 0x00, 0x32, 0x00, 0x2E, 0x00, 0x29, 0x00, 0x20, 0x00, 0x54, 0x00, 0x68,
0x00, 0x65, 0x00, 0x20, 0x00, 0x64, 0x00, 0x69, 0x00, 0x73, 0x00, 0x74, 0x00, 0x72, 0x00, 0x69,
0x00, 0x62, 0x00, 0x75, 0x00, 0x74, 0x00, 0x69, 0x00, 0x6F, 0x00, 0x6E, 0x00, 0x20, 0x00, 0x6F,
0x00, 0x66, 0x00, 0x20, 0x00, 0x74, 0x00, 0x68, 0x00, 0x69, 0x00, 0x73, 0x00, 0x20, 0x00, 0x66,
0x00, 0x6F, 0x00, 0x6E, 0x00, 0x74, 0x00, 0x20, 0x00, 0x66, 0x00, 0x6F, 0x00, 0x72, 0x00, 0x20,
0x00, 0x66, 0x00, 0x69, 0x00, 0x6E, 0x00, 0x61, 0x00, 0x6E, 0x00, 0x63, 0x00, 0x69, 0x00, 0x61,
0x00, 0x6C, 0x00, 0x20, 0x00, 0x67, 0x00, 0x61, 0x00, 0x69, 0x00, 0x6E, 0x00, 0x20, 0x00, 0x6F,
0x00, 0x72, 0x00, 0x20, 0x00, 0x0D, 0x00, 0x0A, 0x00, 0x70, 0x00, 0x72, 0x00, 0x6F, 0x00, 0x66,
0x00, 0x69, 0x00, 0x74, 0x00, 0x20, 0x00, 0x69, 0x00, 0x73, 0x00, 0x20, 0x00, 0x6E, 0x00, 0x6F,
0x00, 0x74, 0x00, 0x20, 0x00, 0x70, 0x00, 0x65, 0x00, 0x72, 0x00, 0x6D, 0x00, 0x69, 0x00, 0x74,
0x00, 0x74, 0x00, 0x65, 0x00, 0x64, 0x00, 0x20, 0x00, 0x75, 0x00, 0x6E, 0x00, 0x64, 0x00, 0x65,
0x00, 0x72, 0x00, 0x20, 0x00, 0x61, 0x00, 0x6E, 0x00, 0x79, 0x00, 0x20, 0x00, 0x63, 0x00, 0x69,
0x00, 0x72, 0x00, 0x63, 0x00, 0x75, 0x00, 0x6D, 0x00, 0x73, 0x00, 0x74, 0x00, 0x61, 0x00, 0x6E,
0x00, 0x63, 0x00, 0x65, 0x00, 0x73, 0x00, 0x20, 0x00, 0x61, 0x00, 0x6E, 0x00, 0x64, 0x00, 0x20,
0x00, 0x69, 0x00, 0x73, 0x00, 0x20, 0x00, 0x0D, 0x00, 0x0A, 0x00, 0x73, 0x00, 0x74, 0x00, 0x72,
0x00, 0x69, 0x00, 0x63, 0x00, 0x74, 0x00, 0x6C, 0x00, 0x79, 0x00, 0x20, 0x00, 0x70, 0x00, 0x72,
0x00, 0x6F, 0x00, 0x68, 0x00, 0x69, 0x00, 0x62, 0x00, 0x69, 0x00, 0x74, 0x00, 0x65, 0x00, 0x64,
0x00, 0x2E, 0x00, 0x20, 0x00, 0x44, 0x00, 0x6F, 0x00, 0x20, 0x00, 0x6E, 0x00, 0x6F, 0x00, 0x74,
0x00, 0x20, 0x00, 0x61, 0x00, 0x64, 0x00, 0x64, 0x00, 0x20, 0x00, 0x74, 0x00, 0x68, 0x00, 0x69,
0x00, 0x73, 0x00, 0x20, 0x00, 0x66, 0x00, 0x6F, 0x00, 0x6E, 0x00, 0x74, 0x00, 0x20, 0x00, 0x74,
0x00, 0x6F, 0x00, 0x20, 0x00, 0x61, 0x00, 0x20, 0x00, 0x66, 0x00, 0x6F, 0x00, 0x6E, 0x00, 0x74,
0x00, 0x20, 0x00, 0x43, 0x00, 0x44, 0x00, 0x20, 0x00, 0x6F, 0x00, 0x72, 0x00, 0x20, 0x00, 0x0D,
0x00, 0x0A, 0x00, 0x63, 0x00, 0x6F, 0x00, 0x6D, 0x00, 0x70, 0x00, 0x69, 0x00, 0x6C, 0x00, 0x61,
0x00, 0x74, 0x00, 0x69, 0x00, 0x6F, 0x00, 0x6E, 0x00, 0x20, 0x00, 0x61, 0x00, 0x6E, 0x00, 0x64,
0x00, 0x20, 0x00, 0x6F, 0x00, 0x72, 0x00, 0x20, 0x00, 0x61, 0x00, 0x72, 0x00, 0x63, 0x00, 0x68,
0x00, 0x69, 0x00, 0x76, 0x00, 0x65, 0x00, 0x20, 0x00, 0x74, 0x00, 0x68, 0x00, 0x61, 0x00, 0x74,
0x00, 0x20, 0x00, 0x69, 0x00, 0x73, 0x00, 0x20, 0x00, 0x74, 0x00, 0x6F, 0x00, 0x20, 0x00, 0x62,
0x00, 0x65, 0x00, 0x20, 0x00, 0x73, 0x00, 0x6F, 0x00, 0x6C, 0x00, 0x64, 0x00, 0x20, 0x00, 0x66,
0x00, 0x6F, 0x00, 0x72, 0x00, 0x20, 0x00, 0x61, 0x00, 0x20, 0x00, 0x70, 0x00, 0x72, 0x00, 0x6F,
0x00, 0x66, 0x00, 0x69, 0x00, 0x74, 0x00, 0x2E, 0x00, 0x20, 0x00, 0x0D, 0x00, 0x0A, 0x00, 0x0D,
0x00, 0x0A, 0x00, 0x42, 0x00, 0x61, 0x00, 0x73, 0x00, 0x69, 0x00, 0x63, 0x00, 0x61, 0x00, 0x6C,
0x00, 0x6C, 0x00, 0x79, 0x00, 0x2C, 0x00, 0x20, 0x00, 0x64, 0x00, 0x6F, 0x00, 0x6E, 0x00, 0x27,
0x00, 0x74, 0x00, 0x20, 0x00, 0x73, 0x00, 0x65, 0x00, 0x6C, 0x00, 0x6C, 0x00, 0x20, 0x00, 0x74,
0x00, 0x68, 0x00, 0x69, 0x00, 0x73, 0x00, 0x20, 0x00, 0x66, 0x00, 0x6F, 0x00, 0x6E, 0x00, 0x74,
0x00, 0x2C, 0x00, 0x20, 0x00, 0x61, 0x00, 0x6E, 0x00, 0x64, 0x00, 0x20, 0x00, 0x64, 0x00, 0x6F,
0x00, 0x20, 0x00, 0x6E, 0x00, 0x6F, 0x00, 0x74, 0x00, 0x20, 0x00, 0x6D, 0x00, 0x61, 0x00, 0x6B,
0x00, 0x65, 0x00, 0x20, 0x00, 0x74, 0x00, 0x68, 0x00, 0x69, 0x00, 0x6E, 0x00, 0x67, 0x00, 0x73,
0x00, 0x20, 0x00, 0x0D, 0x00, 0x0A, 0x00, 0x74, 0x00, 0x68, 0x00, 0x61, 0x00, 0x74, 0x00, 0x20,
0x00, 0x61, 0x00, 0x72, 0x00, 0x65, 0x00, 0x20, 0x00, 0x74, 0x00, 0x6F, 0x00, 0x20, 0x00, 0x62,
0x00, 0x65, 0x00, 0x20, 0x00, 0x73, 0x00, 0x6F, 0x00, 0x6C, 0x00, 0x64, 0x00, 0x20, 0x00, 0x77,
0x00, 0x69, 0x00, 0x74, 0x00, 0x68, 0x00, 0x20, 0x00, 0x74, 0x00, 0x68, 0x00, 0x69, 0x00, 0x73,
0x00, 0x20, 0x00, 0x66, 0x00, 0x6F, 0x00, 0x6E, 0x00, 0x74, 0x00, 0x2E, 0x00, 0x2E, 0x00, 0x2E,
0x00, 0x20, 0x00, 0x49, 0x00, 0x74, 0x00, 0x27, 0x00, 0x73, 0x00, 0x20, 0x00, 0x66, 0x00, 0x72,
0x00, 0x65, 0x00, 0x65, 0x00, 0x20, 0x00, 0x66, 0x00, 0x6F, 0x00, 0x72, 0x00, 0x20, 0x00, 0x70,
0x00, 0x65, 0x00, 0x72, 0x00, 0x73, 0x00, 0x6F, 0x00, 0x6E, 0x00, 0x61, 0x00, 0x6C, 0x00, 0x20,
0x00, 0x0D, 0x00, 0x0A, 0x00, 0x75, 0x00, 0x73, 0x00, 0x65, 0x00, 0x20, 0x00, 0x6F, 0x00, 0x6E,
0x00, 0x6C, 0x00, 0x79, 0x00, 0x2E, 0x00, 0x20, 0x00, 0x43, 0x00, 0x6F, 0x00, 0x6D, 0x00, 0x6D,
0x00, 0x65, 0x00, 0x72, 0x00, 0x63, 0x00, 0x69, 0x00, 0x61, 0x00, 0x6C, 0x00, 0x20, 0x00, 0x75,
0x00, 0x73, 0x00, 0x65, 0x00, 0x20, 0x00, 0x72, 0x00, 0x65, 0x00, 0x71, 0x00, 0x75, 0x00, 0x69,
0x00, 0x72, 0x00, 0x65, 0x00, 0x73, 0x00, 0x20, 0x00, 0x74, 0x00, 0x68, 0x00, 0x65, 0x00, 0x20,
0x00, 0x75, 0x00, 0x73, 0x00, 0x65, 0x00, 0x72, 0x00, 0x20, 0x00, 0x74, 0x00, 0x6F, 0x00, 0x20,
0x00, 0x6F, 0x00, 0x62, 0x00, 0x74, 0x00, 0x61, 0x00, 0x69, 0x00, 0x6E, 0x00, 0x20, 0x00, 0x61,
0x00, 0x20, 0x00, 0x0D, 0x00, 0x0A, 0x00, 0x43, 0x00, 0x6F, 0x00, 0x6D, 0x00, 0x6D, 0x00, 0x65,
0x00, 0x72, 0x00, 0x63, 0x00, 0x69, 0x00, 0x61, 0x00, 0x6C, 0x00, 0x20, 0x00, 0x46, 0x00, 0x6F,
0x00, 0x6E, 0x00, 0x74, 0x00, 0x20, 0x00, 0x45, 0x00, 0x6E, 0x00, 0x64, 0x00, 0x20, 0x00, 0x55,
0x00, 0x73, 0x00, 0x65, 0x00, 0x72, 0x00, 0x20, 0x00, 0x4C, 0x00, 0x69, 0x00, 0x63, 0x00, 0x65,
0x00, 0x6E, 0x00, 0x73, 0x00, 0x65, 0x00, 0x2E, 0x00, 0x20, 0x00, 0x41, 0x00, 0x20, 0x00, 0x43,
0x00, 0x6F, 0x00, 0x6D, 0x00, 0x6D, 0x00, 0x65, 0x00, 0x72, 0x00, 0x63, 0x00, 0x69, 0x00, 0x61,
0x00, 0x6C, 0x00, 0x20, 0x00, 0x46, 0x00, 0x6F, 0x00, 0x6E, 0x00, 0x74, 0x00, 0x0D, 0x00, 0x0A,
0x00, 0x45, 0x00, 0x6E, 0x00, 0x64, 0x00, 0x20, 0x00, 0x55, 0x00, 0x73, 0x00, 0x65, 0x00, 0x72,
0x00, 0x20, 0x00, 0x4C, 0x00, 0x69, 0x00, 0x63, 0x00, 0x65, 0x00, 0x6E, 0x00, 0x73, 0x00, 0x65,
0x00, 0x20, 0x00, 0x69, 0x00, 0x73, 0x00, 0x20, 0x00, 0x67, 0x00, 0x72, 0x00, 0x61, 0x00, 0x6E,
0x00, 0x74, 0x00, 0x65, 0x00, 0x64, 0x00, 0x20, 0x00, 0x61, 0x00, 0x66, 0x00, 0x74, 0x00, 0x65,
0x00, 0x72, 0x00, 0x20, 0x00, 0x61, 0x00, 0x20, 0x00, 0x50, 0x00, 0x61, 0x00, 0x79, 0x00, 0x50,
0x00, 0x61, 0x00, 0x6C, 0x00, 0x20, 0x00, 0x64, 0x00, 0x6F, 0x00, 0x6E, 0x00, 0x61, 0x00, 0x74,
0x00, 0x69, 0x00, 0x6F, 0x00, 0x6E, 0x00, 0x20, 0x00, 0x68, 0x00, 0x61, 0x00, 0x73, 0x00, 0x0D,
0x00, 0x0A, 0x00, 0x62, 0x00, 0x65, 0x00, 0x65, 0x00, 0x6E, 0x00, 0x20, 0x00, 0x72, 0x00, 0x65,
0x00, 0x63, 0x00, 0x65, 0x00, 0x69, 0x00, 0x76, 0x00, 0x65, 0x00, 0x64, 0x00, 0x2E, 0x00, 0x20,
0x00, 0x63, 0x00, 0x6F, 0x00, 0x6E, 0x00, 0x74, 0x00, 0x61, 0x00, 0x63, 0x00, 0x74, 0x00, 0x20,
0x00, 0x6D, 0x00, 0x65, 0x00, 0x20, 0x00, 0x67, 0x00, 0x61, 0x00, 0x6C, 0x00, 0x64, 0x00, 0x69,
0x00, 0x6E, 0x00, 0x6F, 0x00, 0x6A, 0x00, 0x70, 0x00, 0x40, 0x00, 0x79, 0x00, 0x61, 0x00, 0x68,
0x00, 0x6F, 0x00, 0x6F, 0x00, 0x2E, 0x00, 0x63, 0x00, 0x6F, 0x00, 0x6D, 0x00, 0x2E, 0x00, 0x62,
0x00, 0x72, 0x00, 0x0D, 0x00, 0x0A, 0x00, 0x66, 0x00, 0x6F, 0x00, 0x72, 0x00, 0x0D, 0x00, 0x0A,
0x00, 0x6D, 0x00, 0x6F, 0x00, 0x72, 0x00, 0x65, 0x00, 0x20, 0x00, 0x64, 0x00, 0x65, 0x00, 0x74,
0x00, 0x61, 0x00, 0x69, 0x00, 0x6C, 0x00, 0x73, 0x00, 0x2E, 0x00, 0x0D, 0x00, 0x0A, 0x00, 0x0D,
0x00, 0x0A, 0x00, 0x46, 0x00, 0x6F, 0x00, 0x72, 0x00, 0x20, 0x00, 0x70, 0x00, 0x72, 0x00, 0x6F,
0x00, 0x66, 0x00, 0x69, 0x00, 0x74, 0x00, 0x20, 0x00, 0x73, 0x00, 0x63, 0x00, 0x72, 0x00, 0x61,
0x00, 0x70, 0x00, 0x62, 0x00, 0x6F, 0x00, 0x6F, 0x00, 0x6B, 0x00, 0x69, 0x00, 0x6E, 0x00, 0x67,
0x00, 0x20, 0x00, 0x61, 0x00, 0x6E, 0x00, 0x64, 0x00, 0x20, 0x00, 0x64, 0x00, 0x69, 0x00, 0x67,
0x00, 0x69, 0x00, 0x74, 0x00, 0x61, 0x00, 0x6C, 0x00, 0x20, 0x00, 0x73, 0x00, 0x63, 0x00, 0x72,
0x00, 0x61, 0x00, 0x70, 0x00, 0x62, 0x00, 0x6F, 0x00, 0x6F, 0x00, 0x6B, 0x00, 0x69, 0x00, 0x6E,
0x00, 0x67, 0x00, 0x20, 0x00, 0x6D, 0x00, 0x61, 0x00, 0x74, 0x00, 0x65, 0x00, 0x72, 0x00, 0x69,
0x00, 0x61, 0x00, 0x6C, 0x00, 0x20, 0x00, 0x28, 0x00, 0x73, 0x00, 0x29, 0x00, 0x20, 0x00, 0x6F,
0x00, 0x72, 0x00, 0x20, 0x00, 0x0D, 0x00, 0x0A, 0x00, 0x73, 0x00, 0x63, 0x00, 0x72, 0x00, 0x61,
0x00, 0x70, 0x00, 0x62, 0x00, 0x6F, 0x00, 0x6F, 0x00, 0x6B, 0x00, 0x69, 0x00, 0x6E, 0x00, 0x67,
0x00, 0x20, 0x00, 0x61, 0x00, 0x6E, 0x00, 0x64, 0x00, 0x20, 0x00, 0x64, 0x00, 0x69, 0x00, 0x67,
0x00, 0x69, 0x00, 0x74, 0x00, 0x61, 0x00, 0x6C, 0x00, 0x20, 0x00, 0x73, 0x00, 0x63, 0x00, 0x72,
0x00, 0x61, 0x00, 0x70, 0x00, 0x62, 0x00, 0x6F, 0x00, 0x6F, 0x00, 0x6B, 0x00, 0x69, 0x00, 0x6E,
0x00, 0x67, 0x00, 0x20, 0x00, 0x6D, 0x00, 0x61, 0x00, 0x74, 0x00, 0x65, 0x00, 0x72, 0x00, 0x69,
0x00, 0x61, 0x00, 0x6C, 0x00, 0x28, 0x00, 0x73, 0x00, 0x29, 0x00, 0x20, 0x00, 0x69, 0x00, 0x6E,
0x00, 0x74, 0x00, 0x65, 0x00, 0x6E, 0x00, 0x64, 0x00, 0x65, 0x00, 0x64, 0x00, 0x20, 0x00, 0x74,
0x00, 0x6F, 0x00, 0x20, 0x00, 0x0D, 0x00, 0x0A, 0x00, 0x62, 0x00, 0x65, 0x00, 0x20, 0x00, 0x73,
0x00, 0x6F, 0x00, 0x6C, 0x00, 0x64, 0x00, 0x2F, 0x00, 0x72, 0x00, 0x65, 0x00, 0x73, 0x00, 0x6F,
0x00, 0x6C, 0x00, 0x64, 0x00, 0x20, 0x00, 0x77, 0x00, 0x69, 0x00, 0x74, 0x00, 0x68, 0x00, 0x20,
0x00, 0x74, 0x00, 0x68, 0x00, 0x69, 0x00, 0x73, 0x00, 0x20, 0x00, 0x66, 0x00, 0x6F, 0x00, 0x6E,
0x00, 0x74, 0x00, 0x20, 0x00, 0x61, 0x00, 0x72, 0x00, 0x65, 0x00, 0x20, 0x00, 0x61, 0x00, 0x6C,
0x00, 0x73, 0x00, 0x6F, 0x00, 0x20, 0x00, 0x70, 0x00, 0x72, 0x00, 0x6F, 0x00, 0x68, 0x00, 0x69,
0x00, 0x62, 0x00, 0x69, 0x00, 0x74, 0x00, 0x65, 0x00, 0x64, 0x00, 0x20, 0x00, 0x75, 0x00, 0x6E,
0x00, 0x64, 0x00, 0x65, 0x00, 0x72, 0x00, 0x20, 0x00, 0x74, 0x00, 0x68, 0x00, 0x69, 0x00, 0x73,
0x00, 0x20, 0x00, 0x6C, 0x00, 0x69, 0x00, 0x63, 0x00, 0x65, 0x00, 0x6E, 0x00, 0x73, 0x00, 0x65,
0x00, 0x2C, 0x00, 0x20, 0x00, 0x0D, 0x00, 0x0A, 0x00, 0x61, 0x00, 0x6E, 0x00, 0x64, 0x00, 0x20,
0x00, 0x72, 0x00, 0x65, 0x00, 0x71, 0x00, 0x75, 0x00, 0x69, 0x00, 0x72, 0x00, 0x65, 0x00, 0x20,
0x00, 0x61, 0x00, 0x20, 0x00, 0x63, 0x00, 0x6F, 0x00, 0x6D, 0x00, 0x6D, 0x00, 0x65, 0x00, 0x72,
0x00, 0x63, 0x00, 0x69, 0x00, 0x61, 0x00, 0x6C, 0x00, 0x20, 0x00, 0x4C, 0x00, 0x69, 0x00, 0x63,
0x00, 0x65, 0x00, 0x6E, 0x00, 0x73, 0x00, 0x65, 0x00, 0x2E, 0x00, 0x20, 0x00, 0x54, 0x00, 0x6F,
0x00, 0x20, 0x00, 0x6F, 0x00, 0x62, 0x00, 0x74, 0x00, 0x61, 0x00, 0x69, 0x00, 0x6E, 0x00, 0x20,
0x00, 0x61, 0x00, 0x20, 0x00, 0x43, 0x00, 0x6F, 0x00, 0x6D, 0x00, 0x6D, 0x00, 0x65, 0x00, 0x72,
0x00, 0x63, 0x00, 0x69, 0x00, 0x61, 0x00, 0x6C, 0x00, 0x20, 0x00, 0x0D, 0x00, 0x0A, 0x00, 0x46,
0x00, 0x6F, 0x00, 0x6E, 0x00, 0x74, 0x00, 0x20, 0x00, 0x45, 0x00, 0x6E, 0x00, 0x64, 0x00, 0x20,
0x00, 0x55, 0x00, 0x73, 0x00, 0x65, 0x00, 0x72, 0x00, 0x20, 0x00, 0x4C, 0x00, 0x69, 0x00, 0x63,
0x00, 0x65, 0x00, 0x6E, 0x00, 0x73, 0x00, 0x65, 0x00, 0x20, 0x00, 0x66, 0x00, 0x6F, 0x00, 0x72,
0x00, 0x20, 0x00, 0x74, 0x00, 0x68, 0x00, 0x69, 0x00, 0x73, 0x00, 0x20, 0x00, 0x66, 0x00, 0x6F,
0x00, 0x6E, 0x00, 0x74, 0x00, 0x20, 0x00, 0x63, 0x00, 0x6F, 0x00, 0x6E, 0x00, 0x74, 0x00, 0x61,
0x00, 0x63, 0x00, 0x74, 0x00, 0x20, 0x00, 0x6D, 0x00, 0x65, 0x00, 0x20, 0x00, 0x67, 0x00, 0x61,
0x00, 0x6C, 0x00, 0x64, 0x00, 0x69, 0x00, 0x6E, 0x00, 0x6F, 0x00, 0x6A, 0x00, 0x70, 0x00, 0x40,
0x00, 0x79, 0x00, 0x61, 0x00, 0x68, 0x00, 0x6F, 0x00, 0x6F, 0x00, 0x2E, 0x00, 0x63, 0x00, 0x6F,
0x00, 0x6D, 0x00, 0x2E, 0x00, 0x62, 0x00, 0x72, 0x00, 0x0D, 0x00, 0x0A, 0x00, 0x50, 0x00, 0x6C,
0x00, 0x65, 0x00, 0x61, 0x00, 0x73, 0x00, 0x65, 0x00, 0x20, 0x00, 0x6E, 0x00, 0x6F, 0x00, 0x74,
0x00, 0x65, 0x00, 0x2C, 0x00, 0x20, 0x00, 0x73, 0x00, 0x63, 0x00, 0x72, 0x00, 0x61, 0x00, 0x70,
0x00, 0x62, 0x00, 0x6F, 0x00, 0x6F, 0x00, 0x6B, 0x00, 0x69, 0x00, 0x6E, 0x00, 0x67, 0x00, 0x20,
0x00, 0x61, 0x00, 0x6E, 0x00, 0x64, 0x00, 0x20, 0x00, 0x64, 0x00, 0x69, 0x00, 0x67, 0x00, 0x69,
0x00, 0x74, 0x00, 0x61, 0x00, 0x6C, 0x00, 0x20, 0x00, 0x73, 0x00, 0x63, 0x00, 0x72, 0x00, 0x61,
0x00, 0x70, 0x00, 0x62, 0x00, 0x6F, 0x00, 0x6F, 0x00, 0x6B, 0x00, 0x69, 0x00, 0x6E, 0x00, 0x67,
0x00, 0x20, 0x00, 0x75, 0x00, 0x73, 0x00, 0x65, 0x00, 0x20, 0x00, 0x6F, 0x00, 0x66, 0x00, 0x20,
0x00, 0x74, 0x00, 0x68, 0x00, 0x69, 0x00, 0x73, 0x00, 0x20, 0x00, 0x0D, 0x00, 0x0A, 0x00, 0x20,
0x00, 0x66, 0x00, 0x6F, 0x00, 0x6E, 0x00, 0x74, 0x00, 0x20, 0x00, 0x69, 0x00, 0x73, 0x00, 0x20,
0x00, 0x6F, 0x00, 0x6E, 0x00, 0x6C, 0x00, 0x79, 0x00, 0x20, 0x00, 0x72, 0x00, 0x65, 0x00, 0x73,
0x00, 0x74, 0x00, 0x72, 0x00, 0x69, 0x00, 0x63, 0x00, 0x74, 0x00, 0x65, 0x00, 0x64, 0x00, 0x20,
0x00, 0x77, 0x00, 0x68, 0x00, 0x65, 0x00, 0x6E, 0x00, 0x20, 0x00, 0x70, 0x00, 0x65, 0x00, 0x72,
0x00, 0x74, 0x00, 0x61, 0x00, 0x69, 0x00, 0x6E, 0x00, 0x69, 0x00, 0x6E, 0x00, 0x67, 0x00, 0x20,
0x00, 0x74, 0x00, 0x6F, 0x00, 0x20, 0x00, 0x74, 0x00, 0x68, 0x00, 0x65, 0x00, 0x20, 0x00, 0x6D,
0x00, 0x61, 0x00, 0x6B, 0x00, 0x69, 0x00, 0x6E, 0x00, 0x67, 0x00, 0x20, 0x00, 0x6F, 0x00, 0x66,
0x00, 0x20, 0x00, 0x61, 0x00, 0x6E, 0x00, 0x79, 0x00, 0x20, 0x00, 0x66, 0x00, 0x6F, 0x00, 0x72,
0x00, 0x20, 0x00, 0x0D, 0x00, 0x0A, 0x00, 0x70, 0x00, 0x72, 0x00, 0x6F, 0x00, 0x66, 0x00, 0x69,
0x00, 0x74, 0x00, 0x20, 0x00, 0x69, 0x00, 0x74, 0x00, 0x65, 0x00, 0x6D, 0x00, 0x73, 0x00, 0x2E,
0x00, 0x20, 0x00, 0x4F, 0x00, 0x74, 0x00, 0x68, 0x00, 0x65, 0x00, 0x72, 0x00, 0x77, 0x00, 0x69,
0x00, 0x73, 0x00, 0x65, 0x00, 0x20, 0x00, 0x63, 0x00, 0x72, 0x00, 0x65, 0x00, 0x61, 0x00, 0x74,
0x00, 0x69, 0x00, 0x6E, 0x00, 0x67, 0x00, 0x20, 0x00, 0x69, 0x00, 0x74, 0x00, 0x65, 0x00, 0x6D,
0x00, 0x73, 0x00, 0x20, 0x00, 0x74, 0x00, 0x6F, 0x00, 0x20, 0x00, 0x62, 0x00, 0x65, 0x00, 0x20,
0x00, 0x75, 0x00, 0x73, 0x00, 0x65, 0x00, 0x64, 0x00, 0x20, 0x00, 0x22, 0x00, 0x70, 0x00, 0x65,
0x00, 0x72, 0x00, 0x73, 0x00, 0x6F, 0x00, 0x6E, 0x00, 0x61, 0x00, 0x6C, 0x00, 0x6C, 0x00, 0x79,
0x00, 0x2C, 0x00, 0x22, 0x00, 0x20, 0x00, 0x0D, 0x00, 0x0A, 0x00, 0x77, 0x00, 0x68, 0x00, 0x65,
0x00, 0x74, 0x00, 0x68, 0x00, 0x65, 0x00, 0x72, 0x00, 0x20, 0x00, 0x69, 0x00, 0x6E, 0x00, 0x20,
0x00, 0x61, 0x00, 0x20, 0x00, 0x74, 0x00, 0x72, 0x00, 0x61, 0x00, 0x64, 0x00, 0x69, 0x00, 0x74,
0x00, 0x69, 0x00, 0x6F, 0x00, 0x6E, 0x00, 0x61, 0x00, 0x6C, 0x00, 0x20, 0x00, 0x73, 0x00, 0x63,
0x00, 0x72, 0x00, 0x61, 0x00, 0x70, 0x00, 0x62, 0x00, 0x6F, 0x00, 0x6F, 0x00, 0x6B, 0x00, 0x20,
0x00, 0x6F, 0x00, 0x72, 0x00, 0x20, 0x00, 0x64, 0x00, 0x69, 0x00, 0x67, 0x00, 0x69, 0x00, 0x74,
0x00, 0x61, 0x00, 0x6C, 0x00, 0x20, 0x00, 0x73, 0x00, 0x63, 0x00, 0x72, 0x00, 0x61, 0x00, 0x70,
0x00, 0x62, 0x00, 0x6F, 0x00, 0x6F, 0x00, 0x6B, 0x00, 0x20, 0x00, 0x69, 0x00, 0x73, 0x00, 0x20,
0x00, 0x65, 0x00, 0x6E, 0x00, 0x74, 0x00, 0x69, 0x00, 0x72, 0x00, 0x65, 0x00, 0x6C, 0x00, 0x79,
0x00, 0x20, 0x00, 0x0D, 0x00, 0x0A, 0x00, 0x70, 0x00, 0x65, 0x00, 0x72, 0x00, 0x6D, 0x00, 0x69,
0x00, 0x74, 0x00, 0x74, 0x00, 0x65, 0x00, 0x64, 0x00, 0x20, 0x00, 0x75, 0x00, 0x6E, 0x00, 0x64,
0x00, 0x65, 0x00, 0x72, 0x00, 0x20, 0x00, 0x74, 0x00, 0x68, 0x00, 0x69, 0x00, 0x73, 0x00, 0x20,
0x00, 0x66, 0x00, 0x72, 0x00, 0x65, 0x00, 0x65, 0x00, 0x20, 0x00, 0x4C, 0x00, 0x69, 0x00, 0x63,
0x00, 0x65, 0x00, 0x6E, 0x00, 0x73, 0x00, 0x65, 0x00, 0x2E, 0x00, 0x20, 0x00, 0x0D, 0x00, 0x0A,
0x00, 0x0D, 0x00, 0x0A, 0x00, 0x33, 0x00, 0x2E, 0x00, 0x29, 0x00, 0x20, 0x00, 0x54, 0x00, 0x68,
0x00, 0x69, 0x00, 0x73, 0x00, 0x20, 0x00, 0x66, 0x00, 0x6F, 0x00, 0x6E, 0x00, 0x74, 0x00, 0x20,
0x00, 0x66, 0x00, 0x69, 0x00, 0x6C, 0x00, 0x65, 0x00, 0x20, 0x00, 0x6D, 0x00, 0x75, 0x00, 0x73,
0x00, 0x74, 0x00, 0x20, 0x00, 0x62, 0x00, 0x65, 0x00, 0x20, 0x00, 0x6B, 0x00, 0x65, 0x00, 0x70,
0x00, 0x74, 0x00, 0x20, 0x00, 0x69, 0x00, 0x6E, 0x00, 0x74, 0x00, 0x61, 0x00, 0x63, 0x00, 0x74,
0x00, 0x20, 0x00, 0x61, 0x00, 0x73, 0x00, 0x20, 0x00, 0x64, 0x00, 0x6F, 0x00, 0x77, 0x00, 0x6E,
0x00, 0x6C, 0x00, 0x6F, 0x00, 0x61, 0x00, 0x64, 0x00, 0x65, 0x00, 0x64, 0x00, 0x2E, 0x00, 0x20,
0x00, 0x55, 0x00, 0x6E, 0x00, 0x64, 0x00, 0x65, 0x00, 0x72, 0x00, 0x20, 0x00, 0x6E, 0x00, 0x6F,
0x00, 0x20, 0x00, 0x0D, 0x00, 0x0A, 0x00, 0x63, 0x00, 0x69, 0x00, 0x72, 0x00, 0x63, 0x00, 0x75,
0x00, 0x6D, 0x00, 0x73, 0x00, 0x74, 0x00, 0x61, 0x00, 0x6E, 0x00, 0x63, 0x00, 0x65, 0x00, 0x73,
0x00, 0x20, 0x00, 0x6D, 0x00, 0x61, 0x00, 0x79, 0x00, 0x20, 0x00, 0x74, 0x00, 0x68, 0x00, 0x69,
0x00, 0x73, 0x00, 0x20, 0x00, 0x66, 0x00, 0x6F, 0x00, 0x6E, 0x00, 0x74, 0x00, 0x20, 0x00, 0x66,
0x00, 0x69, 0x00, 0x6C, 0x00, 0x65, 0x00, 0x20, 0x00, 0x69, 0x00, 0x74, 0x00, 0x73, 0x00, 0x65,
0x00, 0x6C, 0x00, 0x66, 0x00, 0x20, 0x00, 0x62, 0x00, 0x65, 0x00, 0x20, 0x00, 0x65, 0x00, 0x64,
0x00, 0x69, 0x00, 0x74, 0x00, 0x65, 0x00, 0x64, 0x00, 0x2C, 0x00, 0x20, 0x00, 0x61, 0x00, 0x6C,
0x00, 0x74, 0x00, 0x65, 0x00, 0x72, 0x00, 0x65, 0x00, 0x64, 0x00, 0x2C, 0x00, 0x20, 0x00, 0x6F,
0x00, 0x72, 0x00, 0x20, 0x00, 0x6D, 0x00, 0x6F, 0x00, 0x64, 0x00, 0x69, 0x00, 0x66, 0x00, 0x69,
0x00, 0x65, 0x00, 0x64, 0x00, 0x20, 0x00, 0x0D, 0x00, 0x0A, 0x00, 0x61, 0x00, 0x74, 0x00, 0x20,
0x00, 0x61, 0x00, 0x6E, 0x00, 0x79, 0x00, 0x20, 0x00, 0x74, 0x00, 0x69, 0x00, 0x6D, 0x00, 0x65,
0x00, 0x20, 0x00, 0x6F, 0x00, 0x72, 0x00, 0x20, 0x00, 0x69, 0x00, 0x6E, 0x00, 0x20, 0x00, 0x61,
0x00, 0x6E, 0x00, 0x79, 0x00, 0x20, 0x00, 0x6D, 0x00, 0x65, 0x00, 0x61, 0x00, 0x73, 0x00, 0x75,
0x00, 0x72, 0x00, 0x65, 0x00, 0x2E, 0x00, 0x20, 0x00, 0x54, 0x00, 0x68, 0x00, 0x69, 0x00, 0x73,
0x00, 0x20, 0x00, 0x70, 0x00, 0x72, 0x00, 0x6F, 0x00, 0x68, 0x00, 0x69, 0x00, 0x62, 0x00, 0x69,
0x00, 0x74, 0x00, 0x73, 0x00, 0x20, 0x00, 0x61, 0x00, 0x6E, 0x00, 0x64, 0x00, 0x20, 0x00, 0x69,
0x00, 0x6E, 0x00, 0x64, 0x00, 0x63, 0x00, 0x6C, 0x00, 0x75, 0x00, 0x64, 0x00, 0x65, 0x00, 0x73,
0x00, 0x20, 0x00, 0x62, 0x00, 0x75, 0x00, 0x74, 0x00, 0x20, 0x00, 0x69, 0x00, 0x73, 0x00, 0x20,
0x00, 0x0D, 0x00, 0x0A, 0x00, 0x6E, 0x00, 0x6F, 0x00, 0x74, 0x00, 0x20, 0x00, 0x6C, 0x00, 0x69,
0x00, 0x6D, 0x00, 0x69, 0x00, 0x74, 0x00, 0x65, 0x00, 0x64, 0x00, 0x20, 0x00, 0x74, 0x00, 0x6F,
0x00, 0x2C, 0x00, 0x20, 0x00, 0x72, 0x00, 0x65, 0x00, 0x6E, 0x00, 0x61, 0x00, 0x6D, 0x00, 0x69,
0x00, 0x6E, 0x00, 0x67, 0x00, 0x20, 0x00, 0x74, 0x00, 0x68, 0x00, 0x69, 0x00, 0x73, 0x00, 0x20,
0x00, 0x66, 0x00, 0x6F, 0x00, 0x6E, 0x00, 0x74, 0x00, 0x20, 0x00, 0x66, 0x00, 0x69, 0x00, 0x6C,
0x00, 0x65, 0x00, 0x2C, 0x00, 0x20, 0x00, 0x61, 0x00, 0x73, 0x00, 0x20, 0x00, 0x77, 0x00, 0x65,
0x00, 0x6C, 0x00, 0x6C, 0x00, 0x20, 0x00, 0x61, 0x00, 0x73, 0x00, 0x20, 0x00, 0x74, 0x00, 0x68,
0x00, 0x65, 0x00, 0x20, 0x00, 0x63, 0x00, 0x72, 0x00, 0x65, 0x00, 0x61, 0x00, 0x74, 0x00, 0x69,
0x00, 0x6F, 0x00, 0x6E, 0x00, 0x20, 0x00, 0x6F, 0x00, 0x66, 0x00, 0x20, 0x00, 0x0D, 0x00, 0x0A,
0x00, 0x73, 0x00, 0x6F, 0x00, 0x2D, 0x00, 0x63, 0x00, 0x61, 0x00, 0x6C, 0x00, 0x6C, 0x00, 0x65,
0x00, 0x64, 0x00, 0x20, 0x00, 0x22, 0x00, 0x6E, 0x00, 0x65, 0x00, 0x77, 0x00, 0x22, 0x00, 0x20,
0x00, 0x61, 0x00, 0x6E, 0x00, 0x64, 0x00, 0x2F, 0x00, 0x6F, 0x00, 0x72, 0x00, 0x20, 0x00, 0x64,
0x00, 0x65, 0x00, 0x72, 0x00, 0x69, 0x00, 0x76, 0x00, 0x69, 0x00, 0x74, 0x00, 0x61, 0x00, 0x76,
0x00, 0x65, 0x00, 0x20, 0x00, 0x66, 0x00, 0x6F, 0x00, 0x6E, 0x00, 0x74, 0x00, 0x73, 0x00, 0x20,
0x00, 0x66, 0x00, 0x72, 0x00, 0x6F, 0x00, 0x6D, 0x00, 0x20, 0x00, 0x74, 0x00, 0x68, 0x00, 0x69,
0x00, 0x73, 0x00, 0x20, 0x00, 0x66, 0x00, 0x6F, 0x00, 0x6E, 0x00, 0x74, 0x00, 0x20, 0x00, 0x66,
0x00, 0x69, 0x00, 0x6C, 0x00, 0x65, 0x00, 0x20, 0x00, 0x6F, 0x00, 0x72, 0x00, 0x20, 0x00, 0x61,
0x00, 0x6E, 0x00, 0x79, 0x00, 0x20, 0x00, 0x0D, 0x00, 0x0A, 0x00, 0x6F, 0x00, 0x74, 0x00, 0x68,
0x00, 0x65, 0x00, 0x72, 0x00, 0x20, 0x00, 0x70, 0x00, 0x6F, 0x00, 0x73, 0x00, 0x73, 0x00, 0x69,
0x00, 0x62, 0x00, 0x6C, 0x00, 0x65, 0x00, 0x20, 0x00, 0x64, 0x00, 0x69, 0x00, 0x67, 0x00, 0x69,
0x00, 0x74, 0x00, 0x61, 0x00, 0x6C, 0x00, 0x20, 0x00, 0x72, 0x00, 0x65, 0x00, 0x70, 0x00, 0x72,
0x00, 0x65, 0x00, 0x73, 0x00, 0x65, 0x00, 0x6E, 0x00, 0x74, 0x00, 0x61, 0x00, 0x74, 0x00, 0x69,
0x00, 0x6F, 0x00, 0x6E, 0x00, 0x73, 0x00, 0x2E, 0x00, 0x0D, 0x00, 0x0A, 0x00, 0x0D, 0x00, 0x0A,
0x00, 0x34, 0x00, 0x2E, 0x00, 0x29, 0x00, 0x20, 0x00, 0x52, 0x00, 0x65, 0x00, 0x64, 0x00, 0x69,
0x00, 0x73, 0x00, 0x74, 0x00, 0x72, 0x00, 0x69, 0x00, 0x62, 0x00, 0x75, 0x00, 0x74, 0x00, 0x69,
0x00, 0x6F, 0x00, 0x6E, 0x00, 0x20, 0x00, 0x6F, 0x00, 0x66, 0x00, 0x20, 0x00, 0x74, 0x00, 0x68,
0x00, 0x69, 0x00, 0x73, 0x00, 0x20, 0x00, 0x66, 0x00, 0x6F, 0x00, 0x6E, 0x00, 0x74, 0x00, 0x20,
0x00, 0x69, 0x00, 0x73, 0x00, 0x20, 0x00, 0x70, 0x00, 0x65, 0x00, 0x72, 0x00, 0x6D, 0x00, 0x69,
0x00, 0x74, 0x00, 0x74, 0x00, 0x65, 0x00, 0x64, 0x00, 0x20, 0x00, 0x6F, 0x00, 0x6E, 0x00, 0x6C,
0x00, 0x79, 0x00, 0x20, 0x00, 0x69, 0x00, 0x66, 0x00, 0x20, 0x00, 0x74, 0x00, 0x68, 0x00, 0x69,
0x00, 0x73, 0x00, 0x20, 0x00, 0x72, 0x00, 0x65, 0x00, 0x61, 0x00, 0x64, 0x00, 0x6D, 0x00, 0x65,
0x00, 0x20, 0x00, 0x69, 0x00, 0x73, 0x00, 0x2C, 0x00, 0x20, 0x00, 0x61, 0x00, 0x73, 0x00, 0x20,
0x00, 0x77, 0x00, 0x65, 0x00, 0x6C, 0x00, 0x6C, 0x00, 0x20, 0x00, 0x0D, 0x00, 0x0A, 0x00, 0x61,
0x00, 0x73, 0x00, 0x20, 0x00, 0x74, 0x00, 0x68, 0x00, 0x65, 0x00, 0x20, 0x00, 0x66, 0x00, 0x6F,
0x00, 0x6E, 0x00, 0x74, 0x00, 0x20, 0x00, 0x66, 0x00, 0x69, 0x00, 0x6C, 0x00, 0x65, 0x00, 0x20,
0x00, 0x69, 0x00, 0x74, 0x00, 0x73, 0x00, 0x65, 0x00, 0x6C, 0x00, 0x66, 0x00, 0x2C, 0x00, 0x20,
0x00, 0x6B, 0x00, 0x65, 0x00, 0x70, 0x00, 0x74, 0x00, 0x20, 0x00, 0x69, 0x00, 0x6E, 0x00, 0x74,
0x00, 0x61, 0x00, 0x63, 0x00, 0x74, 0x00, 0x20, 0x00, 0x61, 0x00, 0x73, 0x00, 0x20, 0x00, 0x69,
0x00, 0x73, 0x00, 0x2C, 0x00, 0x20, 0x00, 0x61, 0x00, 0x6E, 0x00, 0x64, 0x00, 0x20, 0x00, 0x69,
0x00, 0x74, 0x00, 0x20, 0x00, 0x69, 0x00, 0x73, 0x00, 0x20, 0x00, 0x6F, 0x00, 0x66, 0x00, 0x66,
0x00, 0x65, 0x00, 0x72, 0x00, 0x65, 0x00, 0x64, 0x00, 0x20, 0x00, 0x66, 0x00, 0x72, 0x00, 0x65,
0x00, 0x65, 0x00, 0x20, 0x00, 0x6F, 0x00, 0x66, 0x00, 0x20, 0x00, 0x63, 0x00, 0x68, 0x00, 0x61,
0x00, 0x72, 0x00, 0x67, 0x00, 0x65, 0x00, 0x2C, 0x00, 0x20, 0x00, 0x0D, 0x00, 0x0A, 0x00, 0x6E,
0x00, 0x6F, 0x00, 0x20, 0x00, 0x66, 0x00, 0x65, 0x00, 0x65, 0x00, 0x20, 0x00, 0x69, 0x00, 0x73,
0x00, 0x20, 0x00, 0x69, 0x00, 0x6D, 0x00, 0x70, 0x00, 0x6C, 0x00, 0x65, 0x00, 0x6D, 0x00, 0x65,
0x00, 0x6E, 0x00, 0x74, 0x00, 0x65, 0x00, 0x64, 0x00, 0x20, 0x00, 0x75, 0x00, 0x70, 0x00, 0x6F,
0x00, 0x6E, 0x00, 0x20, 0x00, 0x74, 0x00, 0x68, 0x00, 0x65, 0x00, 0x20, 0x00, 0x61, 0x00, 0x71,
0x00, 0x75, 0x00, 0x69, 0x00, 0x73, 0x00, 0x74, 0x00, 0x69, 0x00, 0x74, 0x00, 0x69, 0x00, 0x6F,
0x00, 0x6E, 0x00, 0x20, 0x00, 0x6F, 0x00, 0x66, 0x00, 0x20, 0x00, 0x74, 0x00, 0x68, 0x00, 0x69,
0x00, 0x73, 0x00, 0x20, 0x00, 0x66, 0x00, 0x6F, 0x00, 0x6E, 0x00, 0x74, 0x00, 0x2E, 0x00, 0x20,
0x00, 0x49, 0x00, 0x66, 0x00, 0x20, 0x00, 0x79, 0x00, 0x6F, 0x00, 0x75, 0x00, 0x20, 0x00, 0x64,
0x00, 0x6F, 0x00, 0x20, 0x00, 0x0D, 0x00, 0x0A, 0x00, 0x72, 0x00, 0x65, 0x00, 0x64, 0x00, 0x69,
0x00, 0x73, 0x00, 0x74, 0x00, 0x72, 0x00, 0x69, 0x00, 0x62, 0x00, 0x75, 0x00, 0x74, 0x00, 0x65,
0x00, 0x20, 0x00, 0x74, 0x00, 0x68, 0x00, 0x69, 0x00, 0x73, 0x00, 0x20, 0x00, 0x66, 0x00, 0x6F,
0x00, 0x6E, 0x00, 0x74, 0x00, 0x2C, 0x00, 0x20, 0x00, 0x70, 0x00, 0x6C, 0x00, 0x65, 0x00, 0x61,
0x00, 0x73, 0x00, 0x65, 0x00, 0x20, 0x00, 0x63, 0x00, 0x6F, 0x00, 0x6E, 0x00, 0x74, 0x00, 0x61,
0x00, 0x63, 0x00, 0x74, 0x00, 0x20, 0x00, 0x6D, 0x00, 0x65, 0x00, 0x20, 0x00, 0x67, 0x00, 0x61,
0x00, 0x6C, 0x00, 0x64, 0x00, 0x69, 0x00, 0x6E, 0x00, 0x6F, 0x00, 0x6A, 0x00, 0x70, 0x00, 0x40,
0x00, 0x79, 0x00, 0x61, 0x00, 0x68, 0x00, 0x6F, 0x00, 0x6F, 0x00, 0x2E, 0x00, 0x63, 0x00, 0x6F,
0x00, 0x6D, 0x00, 0x2E, 0x00, 0x62, 0x00, 0x72, 0x00, 0x20, 0x00, 0x77, 0x00, 0x69, 0x00, 0x74,
0x00, 0x68, 0x00, 0x20, 0x00, 0x64, 0x00, 0x65, 0x00, 0x74, 0x00, 0x61, 0x00, 0x69, 0x00, 0x6C,
0x00, 0x73, 0x00, 0x2E, 0x00, 0x20, 0x00, 0x0D, 0x00, 0x0A, 0x00, 0x0D, 0x00, 0x0A, 0x00, 0x35,
0x00, 0x2E, 0x00, 0x29, 0x00, 0x20, 0x00, 0x55, 0x00, 0x70, 0x00, 0x6F, 0x00, 0x6E, 0x00, 0x20,
0x00, 0x64, 0x00, 0x6F, 0x00, 0x77, 0x00, 0x6E, 0x00, 0x6C, 0x00, 0x6F, 0x00, 0x61, 0x00, 0x64,
0x00, 0x69, 0x00, 0x6E, 0x00, 0x67, 0x00, 0x20, 0x00, 0x74, 0x00, 0x68, 0x00, 0x69, 0x00, 0x73,
0x00, 0x20, 0x00, 0x66, 0x00, 0x6F, 0x00, 0x6E, 0x00, 0x74, 0x00, 0x2C, 0x00, 0x20, 0x00, 0x74,
0x00, 0x68, 0x00, 0x65, 0x00, 0x20, 0x00, 0x75, 0x00, 0x73, 0x00, 0x65, 0x00, 0x72, 0x00, 0x20,
0x00, 0x61, 0x00, 0x63, 0x00, 0x63, 0x00, 0x65, 0x00, 0x70, 0x00, 0x74, 0x00, 0x73, 0x00, 0x20,
0x00, 0x61, 0x00, 0x6C, 0x00, 0x6C, 0x00, 0x20, 0x00, 0x6C, 0x00, 0x69, 0x00, 0x61, 0x00, 0x62,
0x00, 0x69, 0x00, 0x6C, 0x00, 0x69, 0x00, 0x74, 0x00, 0x79, 0x00, 0x20, 0x00, 0x61, 0x00, 0x6E,
0x00, 0x64, 0x00, 0x20, 0x00, 0x0D, 0x00, 0x0A, 0x00, 0x73, 0x00, 0x6F, 0x00, 0x6C, 0x00, 0x65,
0x00, 0x20, 0x00, 0x72, 0x00, 0x65, 0x00, 0x73, 0x00, 0x70, 0x00, 0x6F, 0x00, 0x6E, 0x00, 0x73,
0x00, 0x69, 0x00, 0x62, 0x00, 0x69, 0x00, 0x6C, 0x00, 0x69, 0x00, 0x74, 0x00, 0x79, 0x00, 0x20,
0x00, 0x66, 0x00, 0x6F, 0x00, 0x72, 0x00, 0x20, 0x00, 0x74, 0x00, 0x68, 0x00, 0x65, 0x00, 0x20,
0x00, 0x66, 0x00, 0x6F, 0x00, 0x6E, 0x00, 0x74, 0x00, 0x20, 0x00, 0x66, 0x00, 0x69, 0x00, 0x6C,
0x00, 0x65, 0x00, 0x20, 0x00, 0x61, 0x00, 0x6E, 0x00, 0x64, 0x00, 0x20, 0x00, 0x61, 0x00, 0x6E,
0x00, 0x79, 0x00, 0x20, 0x00, 0x61, 0x00, 0x63, 0x00, 0x63, 0x00, 0x6F, 0x00, 0x6D, 0x00, 0x70,
0x00, 0x61, 0x00, 0x6E, 0x00, 0x79, 0x00, 0x69, 0x00, 0x6E, 0x00, 0x67, 0x00, 0x20, 0x00, 0x66,
0x00, 0x69, 0x00, 0x6C, 0x00, 0x65, 0x00, 0x73, 0x00, 0x20, 0x00, 0x0D, 0x00, 0x0A, 0x00, 0x74,
0x00, 0x68, 0x00, 0x65, 0x00, 0x72, 0x00, 0x65, 0x00, 0x69, 0x00, 0x6E, 0x00, 0x2E, 0x00, 0x20,
0x00, 0x47, 0x00, 0x61, 0x00, 0x6C, 0x00, 0x64, 0x00, 0x69, 0x00, 0x6E, 0x00, 0x6F, 0x00, 0x20,
0x00, 0x4F, 0x00, 0x74, 0x00, 0x74, 0x00, 0x65, 0x00, 0x6E, 0x00, 0x20, 0x00, 0x69, 0x00, 0x73,
0x00, 0x20, 0x00, 0x6E, 0x00, 0x6F, 0x00, 0x74, 0x00, 0x20, 0x00, 0x72, 0x00, 0x65, 0x00, 0x73,
0x00, 0x70, 0x00, 0x6F, 0x00, 0x6E, 0x00, 0x73, 0x00, 0x69, 0x00, 0x62, 0x00, 0x6C, 0x00, 0x65,
0x00, 0x20, 0x00, 0x6F, 0x00, 0x72, 0x00, 0x20, 0x00, 0x0D, 0x00, 0x0A, 0x00, 0x6C, 0x00, 0x69,
0x00, 0x61, 0x00, 0x62, 0x00, 0x6C, 0x00, 0x65, 0x00, 0x20, 0x00, 0x66, 0x00, 0x6F, 0x00, 0x72,
0x00, 0x20, 0x00, 0x61, 0x00, 0x6E, 0x00, 0x79, 0x00, 0x20, 0x00, 0x64, 0x00, 0x61, 0x00, 0x6D,
0x00, 0x61, 0x00, 0x67, 0x00, 0x65, 0x00, 0x73, 0x00, 0x2C, 0x00, 0x20, 0x00, 0x6C, 0x00, 0x6F,
0x00, 0x73, 0x00, 0x73, 0x00, 0x20, 0x00, 0x6F, 0x00, 0x72, 0x00, 0x20, 0x00, 0x6F, 0x00, 0x74,
0x00, 0x68, 0x00, 0x65, 0x00, 0x72, 0x00, 0x20, 0x00, 0x63, 0x00, 0x6F, 0x00, 0x6E, 0x00, 0x73,
0x00, 0x65, 0x00, 0x71, 0x00, 0x75, 0x00, 0x65, 0x00, 0x6E, 0x00, 0x63, 0x00, 0x65, 0x00, 0x73,
0x00, 0x20, 0x00, 0x69, 0x00, 0x6E, 0x00, 0x63, 0x00, 0x75, 0x00, 0x72, 0x00, 0x72, 0x00, 0x65,
0x00, 0x64, 0x00, 0x20, 0x00, 0x0D, 0x00, 0x0A, 0x00, 0x61, 0x00, 0x73, 0x00, 0x20, 0x00, 0x61,
0x00, 0x20, 0x00, 0x72, 0x00, 0x65, 0x00, 0x73, 0x00, 0x75, 0x00, 0x6C, 0x00, 0x74, 0x00, 0x20,
0x00, 0x6F, 0x00, 0x66, 0x00, 0x20, 0x00, 0x64, 0x00, 0x6F, 0x00, 0x77, 0x00, 0x6E, 0x00, 0x6C,
0x00, 0x6F, 0x00, 0x61, 0x00, 0x64, 0x00, 0x69, 0x00, 0x6E, 0x00, 0x67, 0x00, 0x20, 0x00, 0x74,
0x00, 0x68, 0x00, 0x69, 0x00, 0x73, 0x00, 0x20, 0x00, 0x66, 0x00, 0x6F, 0x00, 0x6E, 0x00, 0x74,
0x00, 0x2C, 0x00, 0x20, 0x00, 0x6F, 0x00, 0x72, 0x00, 0x20, 0x00, 0x6F, 0x00, 0x74, 0x00, 0x68,
0x00, 0x65, 0x00, 0x72, 0x00, 0x77, 0x00, 0x69, 0x00, 0x73, 0x00, 0x65, 0x00, 0x20, 0x00, 0x72,
0x00, 0x65, 0x00, 0x6C, 0x00, 0x61, 0x00, 0x74, 0x00, 0x69, 0x00, 0x6E, 0x00, 0x67, 0x00, 0x20,
0x00, 0x6F, 0x00, 0x72, 0x00, 0x20, 0x00, 0x0D, 0x00, 0x0A, 0x00, 0x61, 0x00, 0x73, 0x00, 0x73,
0x00, 0x6F, 0x00, 0x63, 0x00, 0x69, 0x00, 0x61, 0x00, 0x74, 0x00, 0x65, 0x00, 0x64, 0x00, 0x20,
0x00, 0x77, 0x00, 0x69, 0x00, 0x74, 0x00, 0x68, 0x00, 0x20, 0x00, 0x74, 0x00, 0x68, 0x00, 0x65,
0x00, 0x20, 0x00, 0x64, 0x00, 0x6F, 0x00, 0x77, 0x00, 0x6E, 0x00, 0x6C, 0x00, 0x6F, 0x00, 0x61,
0x00, 0x64, 0x00, 0x2E, 0x00, 0x20, 0x00, 0x0D, 0x00, 0x0A, 0x00, 0x0D, 0x00, 0x0A, 0x00, 0x2A,
0x00, 0x50, 0x00, 0x65, 0x00, 0x72, 0x00, 0x73, 0x00, 0x6F, 0x00, 0x6E, 0x00, 0x61, 0x00, 0x6C,
0x00, 0x20, 0x00, 0x75, 0x00, 0x73, 0x00, 0x65, 0x00, 0x20, 0x00, 0x64, 0x00, 0x6F, 0x00, 0x65,
0x00, 0x73, 0x00, 0x20, 0x00, 0x6E, 0x00, 0x6F, 0x00, 0x74, 0x00, 0x20, 0x00, 0x63, 0x00, 0x6F,
0x00, 0x6E, 0x00, 0x73, 0x00, 0x74, 0x00, 0x69, 0x00, 0x74, 0x00, 0x75, 0x00, 0x74, 0x00, 0x65,
0x00, 0x20, 0x00, 0x22, 0x00, 0x70, 0x00, 0x75, 0x00, 0x62, 0x00, 0x6C, 0x00, 0x69, 0x00, 0x63,
0x00, 0x20, 0x00, 0x64, 0x00, 0x6F, 0x00, 0x6D, 0x00, 0x61, 0x00, 0x69, 0x00, 0x6E, 0x00, 0x2E,
0x00, 0x22, 0x00, 0x20, 0x00, 0x0D, 0x00, 0x0A, 0x00, 0x0D, 0x00, 0x0A, 0x00, 0x2A, 0x00, 0x2A,
0x00, 0x49, 0x00, 0x66, 0x00, 0x20, 0x00, 0x79, 0x00, 0x6F, 0x00, 0x75, 0x00, 0x20, 0x00, 0x61,
0x00, 0x72, 0x00, 0x65, 0x00, 0x20, 0x00, 0x69, 0x00, 0x6E, 0x00, 0x74, 0x00, 0x65, 0x00, 0x72,
0x00, 0x65, 0x00, 0x73, 0x00, 0x74, 0x00, 0x65, 0x00, 0x64, 0x00, 0x20, 0x00, 0x69, 0x00, 0x6E,
0x00, 0x20, 0x00, 0x74, 0x00, 0x68, 0x00, 0x65, 0x00, 0x20, 0x00, 0x63, 0x00, 0x6F, 0x00, 0x6D,
0x00, 0x6D, 0x00, 0x65, 0x00, 0x72, 0x00, 0x63, 0x00, 0x69, 0x00, 0x61, 0x00, 0x6C, 0x00, 0x20,
0x00, 0x75, 0x00, 0x73, 0x00, 0x65, 0x00, 0x20, 0x00, 0x6F, 0x00, 0x66, 0x00, 0x20, 0x00, 0x74,
0x00, 0x68, 0x00, 0x69, 0x00, 0x73, 0x00, 0x20, 0x00, 0x66, 0x00, 0x6F, 0x00, 0x6E, 0x00, 0x74,
0x00, 0x20, 0x00, 0x6F, 0x00, 0x72, 0x00, 0x20, 0x00, 0x75, 0x00, 0x73, 0x00, 0x69, 0x00, 0x6E,
0x00, 0x67, 0x00, 0x20, 0x00, 0x0D, 0x00, 0x0A, 0x00, 0x74, 0x00, 0x68, 0x00, 0x69, 0x00, 0x73,
0x00, 0x20, 0x00, 0x66, 0x00, 0x6F, 0x00, 0x6E, 0x00, 0x74, 0x00, 0x20, 0x00, 0x69, 0x00, 0x6E,
0x00, 0x20, 0x00, 0x61, 0x00, 0x6E, 0x00, 0x79, 0x00, 0x20, 0x00, 0x6D, 0x00, 0x61, 0x00, 0x6E,
0x00, 0x6E, 0x00, 0x65, 0x00, 0x72, 0x00, 0x20, 0x00, 0x6F, 0x00, 0x75, 0x00, 0x74, 0x00, 0x73,
0x00, 0x69, 0x00, 0x64, 0x00, 0x65, 0x00, 0x20, 0x00, 0x74, 0x00, 0x68, 0x00, 0x65, 0x00, 0x20,
0x00, 0x72, 0x00, 0x65, 0x00, 0x61, 0x00, 0x6C, 0x00, 0x6D, 0x00, 0x20, 0x00, 0x6F, 0x00, 0x66,
0x00, 0x20, 0x00, 0x22, 0x00, 0x70, 0x00, 0x65, 0x00, 0x72, 0x00, 0x73, 0x00, 0x6F, 0x00, 0x6E,
0x00, 0x61, 0x00, 0x6C, 0x00, 0x20, 0x00, 0x75, 0x00, 0x73, 0x00, 0x65, 0x00, 0x2C, 0x00, 0x22,
0x00, 0x20, 0x00, 0x79, 0x00, 0x6F, 0x00, 0x75, 0x00, 0x20, 0x00, 0x0D, 0x00, 0x0A, 0x00, 0x6D,
0x00, 0x75, 0x00, 0x73, 0x00, 0x74, 0x00, 0x20, 0x00, 0x6F, 0x00, 0x62, 0x00, 0x74, 0x00, 0x61,
0x00, 0x69, 0x00, 0x6E, 0x00, 0x20, 0x00, 0x74, 0x00, 0x68, 0x00, 0x65, 0x00, 0x20, 0x00, 0x72,
0x00, 0x69, 0x00, 0x67, 0x00, 0x68, 0x00, 0x74, 0x00, 0x73, 0x00, 0x20, 0x00, 0x74, 0x00, 0x6F,
0x00, 0x20, 0x00, 0x75, 0x00, 0x73, 0x00, 0x65, 0x00, 0x20, 0x00, 0x74, 0x00, 0x68, 0x00, 0x69,
0x00, 0x73, 0x00, 0x20, 0x00, 0x66, 0x00, 0x6F, 0x00, 0x6E, 0x00, 0x74, 0x00, 0x20, 0x00, 0x63,
0x00, 0x6F, 0x00, 0x6D, 0x00, 0x6D, 0x00, 0x65, 0x00, 0x72, 0x00, 0x63, 0x00, 0x69, 0x00, 0x61,
0x00, 0x6C, 0x00, 0x6C, 0x00, 0x79, 0x00, 0x20, 0x00, 0x0D, 0x00, 0x0A, 0x00, 0x28, 0x00, 0x43,
0x00, 0x6F, 0x00, 0x6D, 0x00, 0x6D, 0x00, 0x65, 0x00, 0x72, 0x00, 0x63, 0x00, 0x69, 0x00, 0x61,
0x00, 0x6C, 0x00, 0x20, 0x00, 0x46, 0x00, 0x6F, 0x00, 0x6E, 0x00, 0x74, 0x00, 0x20, 0x00, 0x45,
0x00, 0x6E, 0x00, 0x64, 0x00, 0x20, 0x00, 0x55, 0x00, 0x73, 0x00, 0x65, 0x00, 0x72, 0x00, 0x20,
0x00, 0x4C, 0x00, 0x69, 0x00, 0x63, 0x00, 0x65, 0x00, 0x6E, 0x00, 0x73, 0x00, 0x65, 0x00, 0x29,
0x00, 0x20, 0x00, 0x20, 0x00, 0x70, 0x00, 0x72, 0x00, 0x69, 0x00, 0x6F, 0x00, 0x72, 0x00, 0x20,
0x00, 0x74, 0x00, 0x6F, 0x00, 0x20, 0x00, 0x64, 0x00, 0x6F, 0x00, 0x69, 0x00, 0x6E, 0x00, 0x67,
0x00, 0x20, 0x00, 0x73, 0x00, 0x6F, 0x00, 0x2E, 0x00, 0x20, 0x00, 0x54, 0x00, 0x6F, 0x00, 0x20,
0x00, 0x6F, 0x00, 0x62, 0x00, 0x74, 0x00, 0x61, 0x00, 0x69, 0x00, 0x6E, 0x00, 0x20, 0x00, 0x0D,
0x00, 0x0A, 0x00, 0x61, 0x00, 0x20, 0x00, 0x43, 0x00, 0x6F, 0x00, 0x6D, 0x00, 0x6D, 0x00, 0x65,
0x00, 0x72, 0x00, 0x63, 0x00, 0x69, 0x00, 0x61, 0x00, 0x6C, 0x00, 0x20, 0x00, 0x46, 0x00, 0x6F,
0x00, 0x6E, 0x00, 0x74, 0x00, 0x20, 0x00, 0x45, 0x00, 0x6E, 0x00, 0x64, 0x00, 0x20, 0x00, 0x55,
0x00, 0x73, 0x00, 0x65, 0x00, 0x72, 0x00, 0x20, 0x00, 0x4C, 0x00, 0x69, 0x00, 0x63, 0x00, 0x65,
0x00, 0x6E, 0x00, 0x73, 0x00, 0x65, 0x00, 0x20, 0x00, 0x41, 0x00, 0x67, 0x00, 0x72, 0x00, 0x65,
0x00, 0x65, 0x00, 0x6D, 0x00, 0x65, 0x00, 0x6E, 0x00, 0x74, 0x00, 0x20, 0x00, 0x77, 0x00, 0x69,
0x00, 0x74, 0x00, 0x68, 0x00, 0x20, 0x00, 0x74, 0x00, 0x68, 0x00, 0x69, 0x00, 0x73, 0x00, 0x20,
0x00, 0x66, 0x00, 0x6F, 0x00, 0x6E, 0x00, 0x74, 0x00, 0x2C, 0x00, 0x20, 0x00, 0x0D, 0x00, 0x0A,
0x00, 0x63, 0x00, 0x6F, 0x00, 0x6E, 0x00, 0x74, 0x00, 0x61, 0x00, 0x63, 0x00, 0x74, 0x00, 0x20,
0x00, 0x6D, 0x00, 0x65, 0x00, 0x20, 0x00, 0x67, 0x00, 0x61, 0x00, 0x6C, 0x00, 0x64, 0x00, 0x69,
0x00, 0x6E, 0x00, 0x6F, 0x00, 0x6A, 0x00, 0x70, 0x00, 0x40, 0x00, 0x79, 0x00, 0x61, 0x00, 0x68,
0x00, 0x6F, 0x00, 0x6F, 0x00, 0x2E, 0x00, 0x63, 0x00, 0x6F, 0x00, 0x6D, 0x00, 0x2E, 0x00, 0x62,
0x00, 0x72, 0x00, 0x0D, 0x00, 0x0A, 0x00, 0x54, 0x00, 0x68, 0x00, 0x61, 0x00, 0x6E, 0x00, 0x6B,
0x00, 0x73, 0x00, 0x20, 0x00, 0x20, 0x00, 0x66, 0x00, 0x6F, 0x00, 0x72, 0x00, 0x20, 0x00, 0x61,
0x00, 0x63, 0x00, 0x63, 0x00, 0x65, 0x00, 0x70, 0x00, 0x74, 0x00, 0x69, 0x00, 0x6E, 0x00, 0x67,
0x00, 0x20, 0x00, 0x74, 0x00, 0x68, 0x00, 0x65, 0x00, 0x73, 0x00, 0x65, 0x00, 0x20, 0x00, 0x74,
0x00, 0x65, 0x00, 0x72, 0x00, 0x6D, 0x00, 0x73, 0x00, 0x2E, 0x00, 0x20, 0x00, 0x0D, 0x00, 0x0A,
0x00, 0x0D, 0x00, 0x0A, 0x00, 0x0D, 0x00, 0x0A, 0x00, 0x4E, 0x00, 0x6F, 0x00, 0x72, 0x00, 0x6D,
0x00, 0x61, 0x00, 0x61, 0x00, 0x6C, 0x00, 0x69, 0x00, 0x4E, 0x00, 0x6F, 0x00, 0x72, 0x00, 0x6D,
0x00, 0x61, 0x00, 0x6C, 0x00, 0x65, 0x00, 0x53, 0x00, 0x74, 0x00, 0x61, 0x00, 0x6E, 0x00, 0x64,
0x00, 0x61, 0x00, 0x61, 0x00, 0x72, 0x00, 0x64, 0x00, 0x4E, 0x00, 0x6F, 0x00, 0x72, 0x00, 0x6D,
0x00, 0x61, 0x00, 0x6C, 0x00, 0x6E, 0x00, 0x79, 0x04, 0x1E, 0x04, 0x31, 0x04, 0x4B, 0x04, 0x47,
0x04, 0x3D, 0x04, 0x4B, 0x04, 0x39, 0x00, 0x4E, 0x00, 0x6F, 0x00, 0x72, 0x00, 0x6D, 0x00, 0xE1,
0x00, 0x6C, 0x00, 0x6E, 0x00, 0x65, 0x00, 0x4E, 0x00, 0x61, 0x00, 0x76, 0x00, 0x61, 0x00, 0x64,
0x00, 0x6E, 0x00, 0x6F, 0x00, 0x41, 0x00, 0x72, 0x00, 0x72, 0x00, 0x75, 0x00, 0x6E, 0x00, 0x74,
0x00, 0x61, 0x00, 0x00, 0x00, 0x02, 0x00, 0x00, 0x00, 0x00, 0x00, 0x00, 0xFF, 0x27, 0x00, 0x96,
0x00, 0x00, 0x00, 0x00, 0x00, 0x00, 0x00, 0x00, 0x00, 0x00, 0x00, 0x00, 0x00, 0x00, 0x00, 0x00,
0x00, 0x00, 0x00, 0x00, 0x00, 0xEC, 0x00, 0x00, 0x00, 0x01, 0x00, 0x02, 0x00, 0x03, 0x00, 0x04,
0x00, 0x05, 0x00, 0x06, 0x00, 0x07, 0x00, 0x08, 0x00, 0x09, 0x00, 0x0A, 0x00, 0x0B, 0x00, 0x0C,
0x00, 0x0D, 0x00, 0x0E, 0x00, 0x0F, 0x00, 0x10, 0x00, 0x11, 0x00, 0x12, 0x00, 0x13, 0x00, 0x14,
0x00, 0x15, 0x00, 0x16, 0x00, 0x17, 0x00, 0x18, 0x00, 0x19, 0x00, 0x1A, 0x00, 0x1B, 0x00, 0x1C,
0x00, 0x1D, 0x00, 0x1E, 0x00, 0x1F, 0x00, 0x20, 0x00, 0x21, 0x00, 0x22, 0x00, 0x23, 0x00, 0x24,
0x00, 0x25, 0x00, 0x26, 0x00, 0x27, 0x00, 0x28, 0x00, 0x29, 0x00, 0x2A, 0x00, 0x2B, 0x00, 0x2C,
0x00, 0x2D, 0x00, 0x2E, 0x00, 0x2F, 0x00, 0x30, 0x00, 0x31, 0x00, 0x32, 0x00, 0x33, 0x00, 0x34,
0x00, 0x35, 0x00, 0x36, 0x00, 0x37, 0x00, 0x38, 0x00, 0x39, 0x00, 0x3A, 0x00, 0x3B, 0x00, 0x3C,
0x00, 0x3D, 0x00, 0x3E, 0x00, 0x3F, 0x00, 0x40, 0x00, 0x41, 0x00, 0x42, 0x00, 0x43, 0x00, 0x44,
0x00, 0x45, 0x00, 0x46, 0x00, 0x47, 0x00, 0x48, 0x00, 0x49, 0x00, 0x4A, 0x00, 0x4B, 0x00, 0x4C,
0x00, 0x4D, 0x00, 0x4E, 0x00, 0x4F, 0x00, 0x50, 0x00, 0x51, 0x00, 0x52, 0x00, 0x53, 0x00, 0x54,
0x00, 0x55, 0x00, 0x56, 0x00, 0x57, 0x00, 0x58, 0x00, 0x59, 0x00, 0x5A, 0x00, 0x5B, 0x00, 0x5C,
0x00, 0x5D, 0x00, 0x5E, 0x00, 0x5F, 0x00, 0x60, 0x00, 0x61, 0x00, 0xA3, 0x00, 0x84, 0x00, 0x85,
0x00, 0xBD, 0x00, 0x96, 0x00, 0xE8, 0x00, 0x86, 0x00, 0x8E, 0x00, 0x8B, 0x00, 0x9D, 0x00, 0xA9,
0x00, 0xA4, 0x00, 0x8A, 0x00, 0xDA, 0x00, 0x83, 0x00, 0x93, 0x01, 0x02, 0x01, 0x03, 0x00, 0x8D,
0x00, 0x97, 0x00, 0x88, 0x00, 0xC3, 0x00, 0xDE, 0x01, 0x04, 0x00, 0x9E, 0x00, 0xAA, 0x00, 0xF5,
0x00, 0xF4, 0x00, 0xF6, 0x00, 0xA2, 0x00, 0xAD, 0x00, 0xC9, 0x00, 0xC7, 0x00, 0xAE, 0x00, 0x62,
0x00, 0x63, 0x00, 0x90, 0x00, 0x64, 0x00, 0xCB, 0x00, 0x65, 0x00, 0xC8, 0x00, 0xCA, 0x00, 0xCF,
0x00, 0xCC, 0x00, 0xCD, 0x00, 0xCE, 0x00, 0xE9, 0x00, 0x66, 0x00, 0xD3, 0x00, 0xD0, 0x00, 0xD1,
0x00, 0xAF, 0x00, 0x67, 0x00, 0xF0, 0x00, 0x91, 0x00, 0xD6, 0x00, 0xD4, 0x00, 0xD5, 0x00, 0x68,
0x00, 0xEB, 0x00, 0xED, 0x00, 0x89, 0x00, 0x6A, 0x00, 0x69, 0x00, 0x6B, 0x00, 0x6D, 0x00, 0x6C,
0x00, 0x6E, 0x00, 0xA0, 0x00, 0x6F, 0x00, 0x71, 0x00, 0x70, 0x00, 0x72, 0x00, 0x73, 0x00, 0x75,
0x00, 0x74, 0x00, 0x76, 0x00, 0x77, 0x00, 0xEA, 0x00, 0x78, 0x00, 0x7A, 0x00, 0x79, 0x00, 0x7B,
0x00, 0x7D, 0x00, 0x7C, 0x00, 0xB8, 0x00, 0xA1, 0x00, 0x7F, 0x00, 0x7E, 0x00, 0x80, 0x00, 0x81,
0x00, 0xEC, 0x00, 0xEE, 0x00, 0xBA, 0x00, 0xD7, 0x00, 0xD8, 0x00, 0xE1, 0x01, 0x05, 0x00, 0xDB,
0x00, 0xDC, 0x00, 0xDD, 0x00, 0xE0, 0x00, 0xD9, 0x00, 0xDF, 0x00, 0xB2, 0x00, 0xB3, 0x00, 0xB6,
0x00, 0xB7, 0x00, 0xC4, 0x00, 0xB4, 0x00, 0xB5, 0x00, 0xC5, 0x00, 0x82, 0x00, 0xC2, 0x00, 0x87,
0x00, 0xAB, 0x00, 0xBE, 0x00, 0xBF, 0x00, 0xBC, 0x00, 0xF7, 0x01, 0x06, 0x01, 0x07, 0x01, 0x08,
0x01, 0x09, 0x00, 0x8C, 0x00, 0x98, 0x00, 0xA8, 0x00, 0x9A, 0x00, 0x99, 0x00, 0xEF, 0x00, 0xA5,
0x00, 0x92, 0x00, 0x9C, 0x00, 0xA7, 0x00, 0x94, 0x00, 0x95, 0x01, 0x0A, 0x01, 0x0B, 0x07, 0x75,
0x6E, 0x69, 0x30, 0x30, 0x42, 0x32, 0x07, 0x75, 0x6E, 0x69, 0x30, 0x30, 0x42, 0x33, 0x07, 0x75,
0x6E, 0x69, 0x30, 0x30, 0x42, 0x39, 0x07, 0x75, 0x6E, 0x69, 0x30, 0x32, 0x43, 0x39, 0x04, 0x6C,
0x69, 0x72, 0x61, 0x06, 0x70, 0x65, 0x73, 0x65, 0x74, 0x61, 0x04, 0x45, 0x75, 0x72, 0x6F, 0x09,
0x61, 0x66, 0x69, 0x69, 0x36, 0x31, 0x33, 0x35, 0x32, 0x07, 0x75, 0x6E, 0x69, 0x46, 0x30, 0x30,
0x31, 0x07, 0x75, 0x6E, 0x69, 0x46, 0x30, 0x30, 0x32, 0x00, 0x00, 0x00, 0x00, 0x00, 0x00, 0x01,
0xFF, 0xFF, 0x00, 0x02
};